path,col2,col3,signed_delta,fraction_below_upper2,gap_region,error
nstxu_204202/N2/egn02w.1705E+02,bad,none,17.56654764637821,1,below_upper2,
nstxu_204202/N7/egn07w.1291E+02,bad,none,12.52465903148577,1,below_upper2,
nstxu_204202/N5/egn05w.1124E+02,bad,none,18.00954844784319,1,below_upper2,
nstxu_204202/N5/egn05w.1894E+02,bad,none,30.4653337871438,1,below_upper2,
nstxu_204202/N6/egn06w.9707E+01,bad,none,19.34687970526669,1,below_upper2,
nstxu_204202/N7/egn07w.2172E+02,bad,none,2.632261815054925,0.5692167147829084,below_upper2,
nstxu_204202/N1/egn01w.1226E+02,bad,none,18.06659337808499,1,below_upper2,
nstxu_204202/N6/egn06w.1097E+02,bad,none,18.3615038759749,1,below_upper2,
nstxu_204202/N4/egn04w.5638E+01,bad,none,54.56608546906612,1,below_upper2,
nstxu_204202/N10/egn10w.2918E+02,bad,none,0.8712439458316694,0.9264787100521776,below_upper2,
nstxu_204202/N8/egn08w.1612E+02,bad,none,4.661837081267079,1,below_upper2,
nstxu_204202/N7/egn07w.1301E+02,bad,none,12.83565089392475,1,below_upper2,
nstxu_204202/N6/egn06w.2649E+02,bad,none,1.69728232270582,0.5557374937604969,below_upper2,
nstxu_204202/N10/egn10w.7180E+01,bad,none,47.39318469591665,1,below_upper2,
nstxu_204202/N3/egn03w.2774E+02,bad,none,31.60895529692255,0.9946459377668923,below_upper2,
nstxu_204202/N9/egn09w.3315E+02,bad,none,28.4511945855986,0.9982494720858284,below_upper2,
nstxu_204202/N10/egn10w.1123E+02,bad,none,45.91105697103269,1,below_upper2,
nstxu_204202/N4/egn04w.2111E+02,bad,none,12.27169290507423,1,below_upper2,
nstxu_204202/N10/egn10w.9591E+01,bad,none,17.93551809221249,1,below_upper2,
nstxu_204202/N3/egn03w.5199E+01,bad,none,56.00341859010664,1,below_upper2,
nstxu_204202/N1/egn01w.2735E+02,bad,none,0.8930116525580217,1,below_upper2,
nstxu_204202/N7/egn07w.1316E+02,bad,none,13.16967227874047,1,below_upper2,
nstxu_204202/N6/egn06w.7722E+01,bad,none,47.55438978938058,1,below_upper2,
nstxu_204202/N10/egn10w.6022E+01,bad,none,51.26507370799904,1,below_upper2,
nstxu_204202/N6/egn06w.6043E+01,bad,none,57.93962072847734,1,below_upper2,
nstxu_204202/N3/egn03w.6740E+01,bad,none,49.96970538967337,1,below_upper2,
nstxu_204202/N7/egn07w.5606E+01,bad,none,56.92453357582218,1,below_upper2,
nstxu_204202/N10/egn10w.8050E+01,bad,none,51.6871506905381,1,below_upper2,
nstxu_204202/N10/egn10w.1657E+02,bad,none,9.425257583005166,1,below_upper2,
nstxu_204202/N7/egn07w.8196E+01,bad,none,45.04241211528021,1,below_upper2,
nstxu_204202/N1/egn01w.1139E+02,bad,none,16.70547503608862,1,below_upper2,
nstxu_204202/N10/egn10w.5558E+01,bad,none,26.58377837732122,1,below_upper2,
nstxu_204202/N5/egn05w.2907E+02,good,tae,33.0983939979937,1,below_upper2,
nstxu_204202/N10/egn10w.1012E+02,bad,none,15.93599557716597,1,below_upper2,
nstxu_204202/N1/egn01w.9537E+01,bad,none,43.1018468907657,1,below_upper2,
nstxu_204202/N7/egn07w.1322E+02,bad,none,13.09345579885517,1,below_upper2,
nstxu_204202/N2/egn02w.1421E+02,bad,none,8.376950185000736,1,below_upper2,
nstxu_204202/N8/egn08w.1573E+02,bad,none,4.771365444176275,1,below_upper2,
nstxu_204202/N10/egn10w.5402E+01,bad,none,39.85521934977222,1,below_upper2,
nstxu_204202/N7/egn07w.1277E+02,bad,none,13.62883271097764,1,below_upper2,
nstxu_204202/N6/egn06w.9214E+01,bad,none,23.95585143620375,1,below_upper2,
nstxu_204202/N1/egn01w.9659E+01,bad,none,41.44116648983898,1,below_upper2,
nstxu_204202/N1/egn01w.9409E+01,bad,none,43.73353229989227,1,below_upper2,
nstxu_204202/N8/egn08w.6595E+01,bad,none,56.87499086968551,1,below_upper2,
nstxu_204202/N5/egn05w.2841E+02,bad,none,0.857381955872763,1,below_upper2,
nstxu_204202/N5/egn05w.7010E+01,bad,none,53.42979404896298,1,below_upper2,
nstxu_204202/N5/egn05w.9219E+01,bad,none,21.28430059461799,1,below_upper2,
nstxu_204202/N9/egn09w.5962E+01,bad,none,57.63034956014167,1,below_upper2,
nstxu_204202/N1/egn01w.1468E+02,bad,none,13.41716440153511,1,below_upper2,
nstxu_204202/N4/egn04w.1333E+02,bad,none,10.99897621661318,1,below_upper2,
nstxu_204202/N1/egn01w.9473E+01,bad,none,43.56780850830911,1,below_upper2,
nstxu_204202/N10/egn10w.1690E+02,bad,none,44.65071038179406,1,below_upper2,
nstxu_204202/N6/egn06w.8580E+01,bad,none,46.09739594523578,1,below_upper2,
nstxu_204202/N3/egn03w.2907E+02,bad,none,13.62877472867711,0.6538835312943353,below_upper2,
nstxu_204202/N6/egn06w.9561E+01,bad,none,19.72076726932016,1,below_upper2,
nstxu_204202/N10/egn10w.7437E+01,bad,none,48.40639831969077,1,below_upper2,
nstxu_204202/N5/egn05w.7666E+01,bad,none,42.13137699163689,1,below_upper2,
nstxu_204202/N7/egn07w.1344E+02,bad,none,13.01162119920115,1,below_upper2,
nstxu_204202/N6/egn06w.9938E+01,bad,none,18.79926830662441,1,below_upper2,
nstxu_204202/N6/egn06w.1049E+02,bad,none,19.77840959921452,1,below_upper2,
nstxu_204202/N4/egn04w.1233E+02,bad,none,12.06213782266852,1,below_upper2,
nstxu_204202/N10/egn10w.9186E+01,bad,none,20.57876357590645,1,below_upper2,
nstxu_204202/N9/egn09w.1241E+02,bad,none,7.984302332552027,1,below_upper2,
nstxu_204202/N9/egn09w.6922E+01,bad,none,36.8060392351797,1,below_upper2,
nstxu_204202/N7/egn07w.5229E+01,bad,none,34.51480309621425,1,below_upper2,
nstxu_204202/N10/egn10w.1334E+02,bad,none,12.74538663455373,1,below_upper2,
nstxu_204202/N9/egn09w.9649E+01,bad,none,10.79045646587096,1,below_upper2,
nstxu_204202/N8/egn08w.5135E+01,bad,none,58.66862863735043,1,below_upper2,
nstxu_204202/N5/egn05w.5249E+01,bad,none,56.87677051881128,1,below_upper2,
nstxu_204202/N10/egn10w.1018E+02,bad,none,15.82390699908683,1,below_upper2,
nstxu_204202/N7/egn07w.1340E+02,bad,none,13.04808281956442,1,below_upper2,
nstxu_204202/N10/egn10w.1245E+02,bad,none,13.80381542432351,1,below_upper2,
nstxu_204202/N8/egn08w.6173E+01,bad,none,57.23617655287623,1,below_upper2,
nstxu_204202/N5/egn05w.6250E+01,bad,none,57.7972868590387,1,below_upper2,
nstxu_204202/N8/egn08w.1583E+02,bad,none,4.774124176967318,1,below_upper2,
nstxu_204202/N7/egn07w.1311E+02,bad,none,10.95588690459283,1,below_upper2,
nstxu_204202/N10/egn10w.9884E+01,bad,none,16.32936861642438,1,below_upper2,
nstxu_204202/N10/egn10w.6610E+01,bad,none,44.02938475476154,1,below_upper2,
nstxu_204202/N7/egn07w.1306E+02,bad,none,13.13114102485455,1,below_upper2,
nstxu_204202/N5/egn05w.7891E+01,bad,none,34.27583839192819,1,below_upper2,
nstxu_204202/N1/egn01w.9345E+01,bad,none,43.59200077858122,1,below_upper2,
nstxu_204202/N7/egn07w.2109E+02,bad,none,39.20187959084967,1,below_upper2,
nstxu_204202/N7/egn07w.1138E+02,bad,none,15.0172749318463,1,below_upper2,
nstxu_204202/N1/egn01w.9599E+01,bad,none,42.37649811427965,1,below_upper2,
nstxu_204202/N2/egn02w.2199E+02,bad,none,0.5532412482259994,1,below_upper2,
nstxu_204202/N9/egn09w.3285E+02,bad,none,28.43961706243272,0.9671060595747268,below_upper2,
nstxu_204202/N10/egn10w.5883E+01,bad,none,44.95686190927914,1,below_upper2,
nstxu_204202/N7/egn07w.5735E+01,bad,none,54.22906953072454,1,below_upper2,
nstxu_204202/N7/egn07w.6822E+01,bad,none,48.10251935854608,1,below_upper2,
nstxu_204202/N7/egn07w.1282E+02,bad,none,10.75464130735838,1,below_upper2,
nstxu_204202/N2/egn02w.7267E+01,bad,none,46.72617809723972,1,below_upper2,
nstxu_204202/N10/egn10w.8645E+01,bad,none,42.86778616776322,1,below_upper2,
nstxu_204202/N9/egn09w.3282E+02,bad,none,14.04555227392436,0.6090517770148085,below_upper2,
nstxu_204202/N7/egn07w.1327E+02,bad,none,12.18971811713677,1,below_upper2,
nstxu_204202/N9/egn09w.6742E+01,bad,none,57.60580297964647,1,below_upper2,
nstxu_204202/N1/egn01w.3981E+02,bad,none,3.486284544095182,0.5150689187654883,below_upper2,
nstxu_204202/N10/egn10w.9791E+01,bad,none,16.67724911650955,1,below_upper2,
nstxu_204202/N6/egn06w.7662E+01,bad,none,47.77519672249122,1,below_upper2,
nstxu_204202/N7/egn07w.2176E+02,bad,none,3.078329252048062,0.6512689169434467,below_upper2,
nstxu_204202/N8/egn08w.1566E+02,bad,none,4.801075769684317,1,below_upper2,
nstxu_204202/N5/egn05w.7562E+01,bad,none,41.64866071314316,1,below_upper2,
nstxu_204202/N9/egn09w.5840E+01,bad,none,56.40138812258135,1,below_upper2,
nstxu_204202/N6/egn06w.9833E+01,bad,none,19.05542294499768,1,below_upper2,
nstxu_204202/N5/egn05w.1086E+02,bad,none,18.41654140048872,1,below_upper2,
nstxu_204202/N9/egn09w.2021E+02,bad,none,0.2964527501880547,1,below_upper2,
nstxu_204202/N10/egn10w.6723E+01,bad,none,19.61324946236414,1,below_upper2,
nstxu_204202/N2/egn02w.1429E+02,bad,none,8.293650544081808,1,below_upper2,
nstxu_204202/N4/egn04w.8247E+01,bad,none,40.08466298417168,1,below_upper2,
nstxu_204202/N7/egn07w.1353E+02,bad,none,12.9233367177992,1,below_upper2,
nstxu_204202/N6/egn06w.9396E+01,bad,none,20.3247986885057,1,below_upper2,
nstxu_204202/N6/egn06w.1175E+02,bad,none,18.52828319767251,1,below_upper2,
nstxu_204202/N7/egn07w.1602E+02,bad,none,10.41348369595839,1,below_upper2,
nstxu_204202/N5/egn05w.6749E+01,bad,none,48.05252050175365,1,below_upper2,
nstxu_204202/N5/egn05w.3044E+02,bad,none,0.1362140998800575,0.8953379676102399,below_upper2,
nstxu_204202/N5/egn05w.6678E+01,bad,none,54.89087736360558,1,below_upper2,
nstxu_204202/N1/egn01w.4648E+02,bad,none,2.090684358246842,0.5909640569165084,below_upper2,
nstxu_204202/N10/egn10w.6112E+01,bad,none,47.12883591058057,1,below_upper2,
nstxu_204202/N10/egn10w.8334E+01,bad,none,40.73355796417847,1,below_upper2,
nstxu_204202/N9/egn09w.6129E+01,bad,none,42.89801610130593,1,below_upper2,
nstxu_204202/N5/egn05w.2900E+02,bad,none,0.457506663592405,1,below_upper2,
nstxu_204202/N7/egn07w.5281E+01,bad,none,50.38331519346258,1,below_upper2,
nstxu_204202/N9/egn09w.5255E+01,bad,none,34.83655234967917,1,below_upper2,
nstxu_204202/N10/egn10w.6943E+01,bad,none,22.29254010434065,1,below_upper2,
nstxu_204202/N3/egn03w.5865E+01,bad,none,53.72937548517852,1,below_upper2,
nstxu_204202/N1/egn01w.6355E+01,bad,none,56.54936981108323,1,below_upper2,
nstxu_204202/N4/egn04w.2191E+02,bad,none,2.540847234386058,1,below_upper2,
nstxu_204202/N10/egn10w.2573E+02,bad,none,0.2841438337071659,1,below_upper2,
nstxu_204202/N10/egn10w.1303E+02,good,tae,49.31769832366675,1,below_upper2,
nstxu_204202/N8/egn08w.1650E+02,good,tae,47.70165488988424,1,below_upper2,
nstxu_204202/N7/egn07w.1819E+02,good,tae,45.61160655703465,1,below_upper2,
nstxu_204202/N9/egn09w.3222E+02,good,tae,33.02971555243923,0.9997216461106803,below_upper2,
nstxu_204202/N2/egn02w.6554E+01,good,tae,57.9909452969051,1,below_upper2,
nstxu_204202/N9/egn09w.2201E+02,good,tae,38.20869440525279,0.9999567911330619,below_upper2,
nstxu_204202/N6/egn06w.2315E+02,good,tae,42.03672565694542,1,below_upper2,
nstxu_204202/N6/egn06w.1618E+02,good,tae,47.54523637808489,1,below_upper2,
nstxu_204202/N4/egn04w.8263E+01,good,tae,45.10578527878991,1,below_upper2,
nstxu_204202/N6/egn06w.1001E+02,good,tae,18.58790528030703,1,below_upper2,
nstxu_204202/N8/egn08w.2651E+02,good,tae,38.81185670124178,0.9997213252099616,below_upper2,
nstxu_204202/N10/egn10w.2604E+02,good,tae,39.23649961904452,0.9998423796335868,below_upper2,
nstxu_204202/N7/egn07w.2851E+02,good,tae,35.8689580773539,0.9988691240347738,below_upper2,
nstxu_204202/N9/egn09w.3289E+02,good,tae,29.24892493518786,0.9962664600703076,below_upper2,
nstxu_204202/N7/egn07w.1667E+02,good,tae,47.42655955136085,1,below_upper2,
nstxu_204202/N9/egn09w.1439E+02,good,tae,48.81840974805585,1,below_upper2,
nstxu_204202/N9/egn09w.1941E+02,good,tae,44.88069056327322,1,below_upper2,
nstxu_204202/N7/egn07w.1162E+02,good,tae,50.6179217748834,1,below_upper2,
nstxu_204202/N5/egn05w.1358E+02,good,tae,49.34394331726501,1,below_upper2,
nstxu_204202/N5/egn05w.1266E+02,good,tae,50.45318011603167,1,below_upper2,
nstxu_204202/N9/egn09w.1562E+02,good,tae,47.95760735253715,1,below_upper2,
nstxu_204202/N3/egn03w.1359E+02,good,tae,50.02282606424404,1,below_upper2,
nstxu_204202/N9/egn09w.3150E+02,good,tae,33.01841520043177,0.9999982375792693,below_upper2,
nstxu_204202/N10/egn10w.1568E+02,good,tae,47.66295183132203,1,below_upper2,
nstxu_204202/N8/egn08w.3013E+02,good,tae,34.22517693680287,0.9969250101159658,below_upper2,
nstxu_204202/N9/egn09w.1091E+02,good,tae,50.47109947696668,1,below_upper2,
nstxu_204202/N7/egn07w.3107E+02,good,tae,32.10913164312327,0.9993087815083356,below_upper2,
nstxu_204202/N7/egn07w.8929E+01,good,tae,45.52729566372406,1,below_upper2,
nstxu_204202/N8/egn08w.2323E+02,good,tae,41.40874476130116,0.9978186332330763,below_upper2,
nstxu_204202/N10/egn10w.2928E+02,good,tae,36.25310555434328,0.9999143520009134,below_upper2,
nstxu_204202/N7/egn07w.1444E+02,good,tae,49.31012985189587,1,below_upper2,
nstxu_204202/N3/egn03w.1740E+02,good,tae,46.14852357047849,1,below_upper2,
nstxu_204202/N6/egn06w.1439E+02,good,tae,49.076550081443,1,below_upper2,
nstxu_204202/N5/egn05w.2135E+02,good,tae,43.20038166544776,1,below_upper2,
nstxu_204202/N9/egn09w.1804E+02,good,tae,46.55623801217305,1,below_upper2,
nstxu_204202/N10/egn10w.2074E+02,good,tae,43.78485236197828,1,below_upper2,
nstxu_204202/N5/egn05w.2391E+02,good,tae,40.34964973273621,1,below_upper2,
nstxu_204202/N4/egn04w.2078E+02,good,tae,43.32656975663036,1,below_upper2,
nstxu_204202/N6/egn06w.9143E+01,good,tae,48.87286578636419,1,below_upper2,
nstxu_204202/N8/egn08w.2025E+02,good,tae,44.24421298953738,0.9999999993277852,below_upper2,
nstxu_204202/N7/egn07w.9477E+01,good,tae,49.83764084015848,1,below_upper2,
nstxu_204202/N9/egn09w.9539E+01,good,tae,48.8573203370126,1,below_upper2,
nstxu_204202/N10/egn10w.2304E+02,good,tae,41.64896430744562,1,below_upper2,
nstxu_204202/N3/egn03w.6963E+01,good,tae,54.16586951024825,1,below_upper2,
nstxu_204202/N7/egn07w.1060E+02,good,tae,50.87686237564145,1,below_upper2,
nstxu_204202/N5/egn05w.1651E+02,good,tae,46.01824717825864,1,below_upper2,
nstxu_204202/N3/egn03w.7521E+01,good,tae,50.98383885614423,1,below_upper2,
nstxu_204202/N6/egn06w.1899E+02,good,tae,44.65160403902117,1,below_upper2,
nstxu_204202/N3/egn03w.1017E+02,good,tae,50.61770987361046,1,below_upper2,
nstxu_204202/N4/egn04w.2635E+02,good,tae,35.54693719173989,0.9999392388713322,below_upper2,
nstxu_204202/N7/egn07w.8631E+01,good,tae,44.37125412692571,1,below_upper2,
nstxu_204202/N9/egn09w.1029E+02,good,tae,50.00993821743121,1,below_upper2,
nstxu_204202/N8/egn08w.9915E+01,good,tae,50.68776491917634,1,below_upper2,
nstxu_204202/N8/egn08w.1790E+02,good,tae,46.18974972211559,1,below_upper2,
nstxu_204202/N9/egn09w.1197E+02,good,tae,50.20480371709605,1,below_upper2,
nstxu_204202/N10/egn10w.1915E+02,good,tae,45.70540474113132,1,below_upper2,
nstxu_204202/N6/egn06w.1273E+02,good,tae,49.66727816195439,1,below_upper2,
nstxu_204202/N8/egn08w.3306E+02,good,tae,30.1073986016581,0.9994921018939831,below_upper2,
nstxu_204202/N10/egn10w.1425E+02,good,tae,49.30834963135352,1,below_upper2,
nstxu_204202/N6/egn06w.7914E+01,good,tae,52.2376339833171,1,below_upper2,
nstxu_204202/N6/egn06w.2987E+02,good,tae,32.58297728033259,0.9991357831099963,below_upper2,
nstxu_204202/N3/egn03w.9141E+01,good,tae,50.56241036937554,1,below_upper2,
nstxu_204202/N9/egn09w.3423E+02,good,tae,28.93151754224305,0.9997764542934243,below_upper2,
nstxu_204202/N10/egn10w.3236E+02,good,tae,32.26881042227961,0.9998816843149614,below_upper2,
nstxu_204202/N8/egn08w.9247E+01,good,tae,50.74733786022714,1,below_upper2,
nstxu_204202/N8/egn08w.1192E+02,good,tae,50.10361479910029,1,below_upper2,
nstxu_204202/N8/egn08w.1072E+02,good,tae,50.5917175055829,1,below_upper2,
nstxu_204202/N4/egn04w.1754E+02,good,tae,47.08008937313177,1,below_upper2,
nstxu_204202/N10/egn10w.1026E+02,good,tae,50.8415684226834,1,below_upper2,
nstxu_204202/N4/egn04w.1363E+02,good,tae,49.69677235309376,1,below_upper2,
nstx_120113/N1/egn01w.1388E+02,bad,none,14.52544689225229,0.5559296031631688,below_upper2,
nstx_120113/N1/egn01w.1397E+02,bad,none,13.83204023718559,0.5320956717039488,below_upper2,
nstx_120113/N1/egn01w.1406E+02,bad,none,13.14008413156989,0.5110984649531027,below_upper2,
nstx_120113/N1/egn01w.1728E+02,bad,none,11.20163388114447,0.5162155650364864,below_upper2,
nstx_120113/N10/egn10w.1089E+02,good,tae,46.84386962369625,1,below_upper2,
nstx_120113/N10/egn10w.1224E+02,good,tae,49.51673707025926,1,below_upper2,
nstx_120113/N10/egn10w.1368E+02,good,tae,49.92495074069801,1,below_upper2,
nstx_120113/N10/egn10w.1534E+02,good,tae,51.80972818410748,1,below_upper2,
nstx_120113/N10/egn10w.2032E+02,good,tae,49.91283492064656,0.9999802099192794,below_upper2,
nstx_120113/N10/egn10w.2299E+02,good,tae,48.25761265574665,0.9999987636889771,below_upper2,
nstx_120113/N10/egn10w.2591E+02,good,tae,45.98403387151644,0.9999695226584403,below_upper2,
nstx_120113/N10/egn10w.2945E+02,good,tae,41.66630838868714,0.9982222614790711,below_upper2,
nstx_120113/N10/egn10w.4548E+02,bad,none,6.476532067793805,0.9563716468739967,below_upper2,
nstx_120113/N10/egn10w.4585E+02,bad,none,5.206871476573318,0.9943577716799016,below_upper2,
nstx_120113/N10/egn10w.4695E+02,bad,none,29.59970085907299,0.9902599193733875,below_upper2,
nstx_120113/N10/egn10w.5042E+02,bad,none,4.25642669326214,0.9562029464228848,below_upper2,
nstx_120113/N10/egn10w.5561E+02,bad,none,22.09322459644876,0.9894510099967065,below_upper2,
nstx_120113/N10/egn10w.9347E+01,good,tae,28.68664970941299,1,below_upper2,
nstx_120113/N10/egn10w.9510E+01,good,tae,16.14096230761586,1,below_upper2,
nstx_120113/N2/egn02w.1062E+02,bad,none,6.269111355119739,1,below_upper2,
nstx_120113/N2/egn02w.1088E+02,bad,none,11.78789345005671,1,below_upper2,
nstx_120113/N2/egn02w.1148E+02,good,tae,46.37883819893369,1,below_upper2,
nstx_120113/N2/egn02w.1239E+02,good,tae,40.06898320679819,1,below_upper2,
nstx_120113/N2/egn02w.1609E+02,bad,none,0.7440505593841649,1,below_upper2,
nstx_120113/N3/egn03w.5807E+01,good,tae,48.18641627697703,1,below_upper2,
nstx_120113/N3/egn03w.6981E+01,bad,none,12.56045222990138,1,below_upper2,
nstx_120113/N4/egn04w.1052E+02,bad,none,11.76154359650067,1,below_upper2,
nstx_120113/N4/egn04w.1223E+02,good,tae,46.68287101717617,1,below_upper2,
nstx_120113/N4/egn04w.1498E+02,good,tae,48.93414599386105,1,below_upper2,
nstx_120113/N4/egn04w.2334E+02,good,tae,46.44798693155376,0.9989323913263043,below_upper2,
nstx_120113/N4/egn04w.4455E+02,bad,none,1.038290032658893,0.874387406854867,below_upper2,
nstx_120113/N4/egn04w.4463E+02,bad,none,0.8239272622537852,0.8343620322599243,below_upper2,
nstx_120113/N4/egn04w.5581E+02,bad,none,5.085561729626492,0.9810121493921907,below_upper2,
nstx_120113/N4/egn04w.6761E+01,bad,none,46.69003138769618,1,below_upper2,
nstx_120113/N4/egn04w.8865E+01,bad,none,19.20706582636939,1,below_upper2,
nstx_120113/N4/egn04w.8937E+01,bad,none,18.29921701752615,1,below_upper2,
nstx_120113/N4/egn04w.8982E+01,bad,none,18.53858603161306,1,below_upper2,
nstx_120113/N4/egn04w.9018E+01,bad,none,8.933334006376066,1,below_upper2,
nstx_120113/N4/egn04w.9059E+01,bad,none,14.31856788553438,1,below_upper2,
nstx_120113/N4/egn04w.9198E+01,bad,none,10.21925413586437,1,below_upper2,
nstx_120113/N4/egn04w.9355E+01,bad,none,10.41457587629173,1,below_upper2,
nstx_120113/N4/egn04w.9419E+01,bad,none,14.93193855418187,1,below_upper2,
nstx_120113/N4/egn04w.9542E+01,bad,none,13.2211076807227,1,below_upper2,
nstx_120113/N4/egn04w.9876E+01,good,tae,35.0803918083542,1,below_upper2,
nstx_120113/N5/egn05w.1009E+02,good,tae,40.37916736143362,1,below_upper2,
nstx_120113/N5/egn05w.1161E+02,bad,none,1.348391894676656,1,below_upper2,
nstx_120113/N5/egn05w.1185E+02,bad,none,1.341604550616351,1,below_upper2,
nstx_120113/N5/egn05w.1205E+02,bad,none,0.8956933947567169,1,below_upper2,
nstx_120113/N5/egn05w.1226E+02,good,tae,49.94360912345997,1,below_upper2,
nstx_120113/N5/egn05w.1259E+02,bad,none,0.3008469307424503,1,below_upper2,
nstx_120113/N5/egn05w.1279E+02,bad,none,0.1020676437186766,1,below_upper2,
nstx_120113/N5/egn05w.1530E+02,good,tae,50.75133786902727,0.9999706565487659,below_upper2,
nstx_120113/N5/egn05w.1806E+02,good,tae,50.35476475790691,0.9998505537088395,below_upper2,
nstx_120113/N5/egn05w.2829E+02,bad,none,37.32390893984508,0.9054284240688786,below_upper2,
nstx_120113/N5/egn05w.4734E+02,bad,none,6.79946543894222,0.9746364258951862,below_upper2,
nstx_120113/N5/egn05w.4776E+02,bad,none,3.941298791058906,0.8727376293558168,below_upper2,
nstx_120113/N5/egn05w.4796E+02,bad,none,3.981984797840824,0.7888306459849072,below_upper2,
nstx_120113/N5/egn05w.5462E+02,bad,none,1.671834113939199,0.653549840895277,below_upper2,
nstx_120113/N5/egn05w.5472E+02,bad,none,1.656475631882862,0.6088035822498536,below_upper2,
nstx_120113/N5/egn05w.5637E+02,bad,none,24.27692336177453,0.9809738689345218,below_upper2,
nstx_120113/N5/egn05w.5774E+02,bad,none,4.203816043691647,0.971628011323879,below_upper2,
nstx_120113/N5/egn05w.9885E+01,bad,none,12.20308061028187,1,below_upper2,
nstx_120113/N6/egn06w.1055E+02,good,tae,44.12078417235123,1,below_upper2,
nstx_120113/N6/egn06w.1147E+02,bad,none,10.55880653481467,1,below_upper2,
nstx_120113/N6/egn06w.1202E+02,good,tae,48.08413944542097,1,below_upper2,
nstx_120113/N6/egn06w.1418E+02,good,tae,54.99543751676298,1,below_upper2,
nstx_120113/N6/egn06w.1472E+02,good,tae,54.06504684702005,1,below_upper2,
nstx_120113/N6/egn06w.1484E+02,bad,none,1.536942652043428,1,below_upper2,
nstx_120113/N6/egn06w.2071E+02,good,tae,48.9257303831937,0.9999824012393532,below_upper2,
nstx_120113/N6/egn06w.3039E+02,bad,none,30.60851613726544,0.8062307482096284,below_upper2,
nstx_120113/N6/egn06w.5002E+02,bad,none,4.218467122411025,0.9946387204720724,below_upper2,
nstx_120113/N6/egn06w.5046E+02,bad,none,3.165684168023736,0.9191597182160935,below_upper2,
nstx_120113/N6/egn06w.5825E+02,bad,none,5.081304013431556,0.9673186877099069,below_upper2,
nstx_120113/N6/egn06w.8903E+01,bad,none,7.895459705353791,1,below_upper2,
nstx_120113/N6/egn06w.8975E+01,bad,none,7.677847788629328,1,below_upper2,
nstx_120113/N6/egn06w.9044E+01,bad,none,7.450144295883909,1,below_upper2,
nstx_120113/N6/egn06w.9087E+01,bad,none,7.691549907212122,1,below_upper2,
nstx_120113/N6/egn06w.9281E+01,good,tae,19.88153840042762,1,below_upper2,
nstx_120113/N6/egn06w.9423E+01,good,tae,31.0870123420439,1,below_upper2,
nstx_120113/N6/egn06w.9881E+01,bad,none,6.740198906388208,1,below_upper2,
nstx_120113/N7/egn07w.1057E+02,good,tae,47.0819097656859,1,below_upper2,
nstx_120113/N7/egn07w.1117E+02,bad,none,2.010873002683366,1,below_upper2,
nstx_120113/N7/egn07w.1121E+02,bad,none,1.960657924282159,1,below_upper2,
nstx_120113/N7/egn07w.1130E+02,bad,none,1.885553585272386,1,below_upper2,
nstx_120113/N7/egn07w.1146E+02,bad,none,1.746772719402198,1,below_upper2,
nstx_120113/N7/egn07w.1162E+02,bad,none,1.554211783603208,1,below_upper2,
nstx_120113/N7/egn07w.1187E+02,good,tae,49.19192621618429,1,below_upper2,
nstx_120113/N7/egn07w.1216E+02,bad,none,0.9939975268260151,1,below_upper2,
nstx_120113/N7/egn07w.1639E+02,good,tae,50.78452874475887,0.9999619117673486,below_upper2,
nstx_120113/N7/egn07w.1976E+02,good,tae,49.63779299908546,0.9999873732351097,below_upper2,
nstx_120113/N7/egn07w.2630E+02,bad,none,45.37557719151857,0.9936198481311027,below_upper2,
nstx_120113/N7/egn07w.3192E+02,bad,none,32.57713475073418,0.9124301061983742,below_upper2,
nstx_120113/N7/egn07w.4543E+02,bad,none,3.327941976280747,0.931739233232648,below_upper2,
nstx_120113/N7/egn07w.4562E+02,bad,none,2.156043627178309,0.8180229381864348,below_upper2,
nstx_120113/N7/egn07w.4985E+02,bad,none,7.521366840644851,0.8564382444117621,below_upper2,
nstx_120113/N7/egn07w.5141E+02,bad,none,12.73061411101792,0.703225759289,below_upper2,
nstx_120113/N7/egn07w.5154E+02,bad,none,6.357815909326503,0.8868157180973202,below_upper2,
nstx_120113/N7/egn07w.5162E+02,bad,none,13.55482723340305,0.7671961778158058,below_upper2,
nstx_120113/N7/egn07w.5230E+02,bad,none,2.807745337299093,0.9735878355062977,below_upper2,
nstx_120113/N7/egn07w.6041E+01,bad,none,42.26088419497701,1,below_upper2,
nstx_120113/N8/egn08w.1032E+02,good,tae,43.54416325017483,1,below_upper2,
nstx_120113/N8/egn08w.1172E+02,good,tae,47.92981210721965,1,below_upper2,
nstx_120113/N8/egn08w.1321E+02,good,tae,50.12118489131898,1,below_upper2,
nstx_120113/N8/egn08w.1530E+02,good,tae,51.22138783724776,1,below_upper2,
nstx_120113/N8/egn08w.1802E+02,good,tae,50.57071851159954,0.9988843097083842,below_upper2,
nstx_120113/N8/egn08w.2101E+02,good,tae,49.14077640922306,0.999997190784904,below_upper2,
nstx_120113/N8/egn08w.2397E+02,good,tae,47.2767559695066,0.9999776830592686,below_upper2,
nstx_120113/N8/egn08w.2765E+02,bad,none,43.65456665209109,0.9960637679734341,below_upper2,
nstx_120113/N8/egn08w.4617E+02,bad,none,5.769211450318041,0.9246071380851789,below_upper2,
nstx_120113/N8/egn08w.4740E+02,bad,none,3.523222211181734,0.9847243277551901,below_upper2,
nstx_120113/N8/egn08w.5127E+02,bad,none,8.169187680937499,0.9418565802948152,below_upper2,
nstx_120113/N8/egn08w.5319E+02,bad,none,5.414015901294367,0.891093856975077,below_upper2,
nstx_120113/N8/egn08w.9014E+01,good,tae,25.31078205814534,1,below_upper2,
nstx_120113/N8/egn08w.9477E+01,good,tae,27.12828036026652,1,below_upper2,
nstx_120113/N9/egn09w.1011E+02,good,tae,45.39963219113229,1,below_upper2,
nstx_120113/N9/egn09w.1136E+02,good,tae,48.16341443462886,1,below_upper2,
nstx_120113/N9/egn09w.1638E+02,good,tae,51.02915774724725,0.9999995281574111,below_upper2,
nstx_120113/N9/egn09w.2203E+02,good,tae,48.89075510867904,0.9999904266283455,below_upper2,
nstx_120113/N9/egn09w.2509E+02,good,tae,46.95815489972385,0.9998613199781478,below_upper2,
nstx_120113/N9/egn09w.2877E+02,good,tae,43.466202347832,0.9979035132129547,below_upper2,
nstx_120113/N9/egn09w.4356E+02,bad,none,4.344805598343357,0.9534434996219172,below_upper2,
nstx_120113/N9/egn09w.4398E+02,bad,none,3.575333005087411,0.8543842976514299,below_upper2,
nstx_120113/N9/egn09w.4423E+02,bad,none,2.768499038579459,0.9515401114589129,below_upper2,
nstx_120113/N9/egn09w.4806E+02,bad,none,16.93362975850985,0.9946150887117026,below_upper2,
nstx_120113/N9/egn09w.4885E+02,bad,none,5.589173629277574,0.9442985450271808,below_upper2,
nstx_120113/N9/egn09w.5240E+01,bad,none,45.90027620995482,1,below_upper2,
nstx_120113/N9/egn09w.5398E+02,bad,none,6.564054266461596,0.917911270900381,below_upper2,
nstx_120113/N9/egn09w.9464E+01,good,tae,14.33738585006756,1,below_upper2,
nstx_120113/N9/egn09w.9909E+01,good,tae,10.15157840934177,1,below_upper2,
nstx_135388/N1/egn01w.1384E+02,bad,none,116.525411493289,1,below_upper2,
nstx_135388/N1/egn01w.1934E+02,bad,none,106.9460587953402,1,below_upper2,
nstx_135388/N1/egn01w.1963E+02,bad,none,106.6159176617196,1,below_upper2,
nstx_135388/N1/egn01w.1991E+02,bad,none,106.1927036044184,1,below_upper2,
nstx_135388/N1/egn01w.2018E+02,bad,none,105.7120431454709,1,below_upper2,
nstx_135388/N1/egn01w.2068E+02,bad,none,103.9137802956022,1,below_upper2,
nstx_135388/N1/egn01w.2092E+02,bad,none,103.2894367890984,1,below_upper2,
nstx_135388/N1/egn01w.2115E+02,bad,none,102.4880880670923,1,below_upper2,
nstx_135388/N1/egn01w.2137E+02,bad,none,101.6074954742224,1,below_upper2,
nstx_135388/N1/egn01w.2159E+02,bad,none,100.6622805448327,1,below_upper2,
nstx_135388/N1/egn01w.2180E+02,bad,none,99.65846567686854,1,below_upper2,
nstx_135388/N1/egn01w.2200E+02,bad,none,98.59102534424899,1,below_upper2,
nstx_135388/N1/egn01w.2220E+02,bad,none,97.34960682103805,1,below_upper2,
nstx_135388/N1/egn01w.2239E+02,bad,none,95.95457786656863,1,below_upper2,
nstx_135388/N1/egn01w.2277E+02,bad,none,94.84595109404924,1,below_upper2,
nstx_135388/N1/egn01w.2296E+02,bad,none,93.76031880684839,1,below_upper2,
nstx_135388/N1/egn01w.2732E+02,good,tae,62.72273913469264,1,below_upper2,
nstx_135388/N1/egn01w.2876E+02,bad,none,56.28065099322756,1,below_upper2,
nstx_135388/N1/egn01w.2885E+02,bad,none,56.93797848055237,1,below_upper2,
nstx_135388/N1/egn01w.2905E+02,bad,none,68.09533980987089,1,below_upper2,
nstx_135388/N1/egn01w.3423E+02,bad,none,57.86007463324636,1,below_upper2,
nstx_135388/N10/egn10w.1031E+02,bad,none,110.6022176104603,1,below_upper2,
nstx_135388/N10/egn10w.1057E+02,bad,none,107.9972043158907,1,below_upper2,
nstx_135388/N10/egn10w.1113E+03,bad,none,12.99527037199646,0.8576002808716355,below_upper2,
nstx_135388/N10/egn10w.1143E+02,bad,none,109.7141029593251,1,below_upper2,
nstx_135388/N10/egn10w.1150E+03,bad,none,9.470773016007389,0.8944924918163996,below_upper2,
nstx_135388/N10/egn10w.1184E+02,bad,none,109.0754142320764,1,below_upper2,
nstx_135388/N10/egn10w.1611E+02,bad,none,109.206191118195,1,below_upper2,
nstx_135388/N10/egn10w.1906E+02,bad,none,108.2562681954636,1,below_upper2,
nstx_135388/N10/egn10w.2001E+02,bad,none,108.2292041418053,1,below_upper2,
nstx_135388/N10/egn10w.2033E+02,bad,none,86.10837271272212,1,below_upper2,
nstx_135388/N10/egn10w.2055E+02,bad,none,83.4758669833773,1,below_upper2,
nstx_135388/N10/egn10w.2074E+02,bad,none,19.43878884205699,1,below_upper2,
nstx_135388/N10/egn10w.2094E+02,good,tae,106.6995019154274,1,below_upper2,
nstx_135388/N10/egn10w.2132E+02,bad,none,24.99276646940312,1,below_upper2,
nstx_135388/N10/egn10w.2601E+02,good,tae,101.880042069732,1,below_upper2,
nstx_135388/N10/egn10w.2649E+02,bad,none,27.94323762183797,1,below_upper2,
nstx_135388/N10/egn10w.2680E+02,good,tae,37.78246704883112,1,below_upper2,
nstx_135388/N10/egn10w.2703E+02,good,tae,101.1985200021506,1,below_upper2,
nstx_135388/N10/egn10w.2723E+02,good,tae,11.364675513504,1,below_upper2,
nstx_135388/N10/egn10w.2742E+02,good,tae,37.7156710930749,1,below_upper2,
nstx_135388/N10/egn10w.2748E+02,bad,none,6.720328650169352,1,below_upper2,
nstx_135388/N10/egn10w.2832E+02,good,tae,37.31333512812591,1,below_upper2,
nstx_135388/N10/egn10w.2864E+02,good,tae,99.36489316158448,1,below_upper2,
nstx_135388/N10/egn10w.3008E+02,good,tae,22.87828002656672,1,below_upper2,
nstx_135388/N10/egn10w.3102E+02,good,tae,97.84591028646253,1,below_upper2,
nstx_135388/N10/egn10w.3169E+02,good,tae,33.73731358972675,1,below_upper2,
nstx_135388/N10/egn10w.3245E+02,good,tae,94.88423229874499,1,below_upper2,
nstx_135388/N10/egn10w.3375E+02,good,tae,31.38061559246713,0.999999996757528,below_upper2,
nstx_135388/N10/egn10w.3492E+02,good,tae,92.89339384989567,0.9999999999562769,below_upper2,
nstx_135388/N10/egn10w.3656E+02,bad,none,0.4103109764763013,0.9999878698429704,below_upper2,
nstx_135388/N10/egn10w.3674E+02,good,tae,90.77075812967973,0.9999999835047978,below_upper2,
nstx_135388/N10/egn10w.3932E+02,good,tae,86.59525125427847,0.999998967074872,below_upper2,
nstx_135388/N10/egn10w.4242E+02,good,tae,85.78370558037716,0.9999999192395778,below_upper2,
nstx_135388/N10/egn10w.4546E+02,good,tae,80.64587001007594,0.9998558947100712,below_upper2,
nstx_135388/N10/egn10w.4807E+02,good,tae,78.67949579265364,0.9999999847133632,below_upper2,
nstx_135388/N10/egn10w.5222E+02,good,tae,73.38534641700892,0.9999999783603867,below_upper2,
nstx_135388/N10/egn10w.5526E+02,good,tae,70.94617771276049,0.9999999507039057,below_upper2,
nstx_135388/N10/egn10w.5988E+02,good,tae,67.51578640625361,0.9999998329221523,below_upper2,
nstx_135388/N10/egn10w.6459E+02,good,tae,66.08016898713628,0.9999998019757106,below_upper2,
nstx_135388/N10/egn10w.6962E+02,good,tae,58.3402976349151,0.9999868263758747,below_upper2,
nstx_135388/N10/egn10w.7465E+02,good,tae,48.89590815337126,0.9999560642668421,below_upper2,
nstx_135388/N10/egn10w.7952E+02,good,tae,41.84969963776001,0.9994363529496374,below_upper2,
nstx_135388/N10/egn10w.8535E+02,bad,none,43.55612397457461,0.9993185900226152,below_upper2,
nstx_135388/N10/egn10w.9310E+02,good,tae,21.3722969190423,0.9591355468139469,below_upper2,
nstx_135388/N2/egn02w.1187E+03,bad,none,5.170634539049482,0.8575660358818938,below_upper2,
nstx_135388/N2/egn02w.1205E+02,bad,none,114.0211766610216,1,below_upper2,
nstx_135388/N2/egn02w.1612E+02,good,tae,108.292145505016,1,below_upper2,
nstx_135388/N2/egn02w.1754E+02,good,tae,107.9026387649821,1,below_upper2,
nstx_135388/N2/egn02w.1770E+02,good,tae,107.2732816053333,1,below_upper2,
nstx_135388/N2/egn02w.2436E+02,bad,none,12.17093547704651,1,below_upper2,
nstx_135388/N2/egn02w.2444E+02,bad,none,11.25418003581737,1,below_upper2,
nstx_135388/N2/egn02w.2470E+02,bad,none,10.99851039369886,1,below_upper2,
nstx_135388/N2/egn02w.2483E+02,bad,none,11.05897687317998,1,below_upper2,
nstx_135388/N2/egn02w.2504E+02,bad,none,10.50790644558135,1,below_upper2,
nstx_135388/N2/egn02w.2528E+02,bad,none,10.56212106668615,1,below_upper2,
nstx_135388/N2/egn02w.2560E+02,bad,none,11.00822405945639,1,below_upper2,
nstx_135388/N2/egn02w.2608E+02,bad,none,12.94382148187808,1,below_upper2,
nstx_135388/N2/egn02w.2662E+02,bad,none,16.09408907731849,1,below_upper2,
nstx_135388/N2/egn02w.2759E+02,good,tae,32.563745693629,1,below_upper2,
nstx_135388/N2/egn02w.3004E+02,good,tae,85.26411929416116,1,below_upper2,
nstx_135388/N2/egn02w.3170E+02,good,tae,27.64804586675833,1,below_upper2,
nstx_135388/N2/egn02w.3452E+02,bad,none,85.7914126251225,1,below_upper2,
nstx_135388/N2/egn02w.3540E+02,good,tae,82.87260189448953,0.9999494217134345,below_upper2,
nstx_135388/N2/egn02w.4231E+02,bad,none,68.61969613035932,0.8792106191909217,below_upper2,
nstx_135388/N2/egn02w.6062E+02,bad,none,62.50006310720194,0.9917870312502129,below_upper2,
nstx_135388/N3/egn03w.1032E+02,bad,none,118.7626572011353,1,below_upper2,
nstx_135388/N3/egn03w.1151E+03,bad,none,8.065809119828691,0.7454710009489026,below_upper2,
nstx_135388/N3/egn03w.1321E+02,bad,none,119.9746971023069,1,below_upper2,
nstx_135388/N3/egn03w.1541E+02,good,tae,115.1721178020742,1,below_upper2,
nstx_135388/N3/egn03w.2023E+02,bad,none,107.6226331696178,1,below_upper2,
nstx_135388/N3/egn03w.2326E+02,bad,none,21.74004494771222,1,below_upper2,
nstx_135388/N3/egn03w.2558E+02,good,tae,95.8982555305051,1,below_upper2,
nstx_135388/N3/egn03w.2677E+02,bad,none,7.862797571589345,1,below_upper2,
nstx_135388/N3/egn03w.2764E+02,good,tae,30.67887747727747,1,below_upper2,
nstx_135388/N3/egn03w.2917E+02,good,tae,28.24491391989913,1,below_upper2,
nstx_135388/N3/egn03w.2999E+02,bad,none,15.44615998057903,1,below_upper2,
nstx_135388/N3/egn03w.3194E+02,good,tae,83.59717723374288,1,below_upper2,
nstx_135388/N3/egn03w.3321E+02,good,tae,38.53507004528787,1,below_upper2,
nstx_135388/N3/egn03w.4022E+02,good,tae,79.95283331291198,0.9957342779810894,below_upper2,
nstx_135388/N3/egn03w.4409E+02,bad,none,72.93044929507474,0.9571590886015623,below_upper2,
nstx_135388/N3/egn03w.4432E+02,good,tae,76.00343368765962,0.9963388501853814,below_upper2,
nstx_135388/N3/egn03w.5495E+02,good,tae,66.53715625968941,0.9994823000823159,below_upper2,
nstx_135388/N3/egn03w.7148E+02,bad,none,46.91326175780124,0.9438696128449385,below_upper2,
nstx_135388/N4/egn04w.1061E+02,bad,none,112.1638866095211,1,below_upper2,
nstx_135388/N4/egn04w.1135E+03,bad,none,4.943050653904595,0.9402651173526282,below_upper2,
nstx_135388/N4/egn04w.1894E+02,good,tae,102.4990082583547,1,below_upper2,
nstx_135388/N4/egn04w.1910E+02,good,tae,101.7640604447119,1,below_upper2,
nstx_135388/N4/egn04w.2013E+02,good,tae,104.7189118137095,1,below_upper2,
nstx_135388/N4/egn04w.2230E+02,bad,none,60.55099767769175,1,below_upper2,
nstx_135388/N4/egn04w.2289E+02,good,tae,104.0057349432967,1,below_upper2,
nstx_135388/N4/egn04w.2792E+02,good,tae,92.50211208808858,1,below_upper2,
nstx_135388/N4/egn04w.2835E+02,good,tae,39.7034270437672,1,below_upper2,
nstx_135388/N4/egn04w.2986E+02,bad,none,1.624272653689832,1,below_upper2,
nstx_135388/N4/egn04w.3241E+02,good,tae,83.84075796164319,0.9999393819848107,below_upper2,
nstx_135388/N4/egn04w.3287E+02,good,tae,33.81550048393978,0.9996352350832092,below_upper2,
nstx_135388/N4/egn04w.3862E+02,good,tae,86.41001602425871,0.9997223512679344,below_upper2,
nstx_135388/N4/egn04w.4640E+02,good,tae,75.10404760599269,0.9999220429548058,below_upper2,
nstx_135388/N4/egn04w.5200E+02,good,tae,68.71130098685067,0.9998951989623963,below_upper2,
nstx_135388/N4/egn04w.6101E+02,good,tae,60.51390135873147,0.9993390115727883,below_upper2,
nstx_135388/N4/egn04w.7341E+02,bad,none,50.27410177900013,0.9956683588195092,below_upper2,
nstx_135388/N4/egn04w.7833E+02,bad,none,54.37477390556728,0.9962530811338177,below_upper2,
nstx_135388/N5/egn05w.1073E+03,bad,none,16.76075221946382,0.9106999668832272,below_upper2,
nstx_135388/N5/egn05w.1083E+03,bad,none,9.36987498214585,0.9842427744319219,below_upper2,
nstx_135388/N5/egn05w.1186E+03,bad,none,6.843257390640379,0.8704438914691603,below_upper2,
nstx_135388/N5/egn05w.1528E+02,bad,none,111.5984705123629,1,below_upper2,
nstx_135388/N5/egn05w.1626E+02,bad,none,106.1718259163492,1,below_upper2,
nstx_135388/N5/egn05w.1702E+02,good,tae,110.260294286543,1,below_upper2,
nstx_135388/N5/egn05w.1781E+02,good,tae,110.306475900884,1,below_upper2,
nstx_135388/N5/egn05w.1917E+02,good,tae,109.5402511141378,1,below_upper2,
nstx_135388/N5/egn05w.2098E+02,good,tae,107.5834162053471,1,below_upper2,
nstx_135388/N5/egn05w.2653E+02,bad,none,25.78154202899732,1,below_upper2,
nstx_135388/N5/egn05w.2892E+02,bad,none,0.9957412717590596,1,below_upper2,
nstx_135388/N5/egn05w.2950E+02,good,tae,42.74540979113308,0.999987326121433,below_upper2,
nstx_135388/N5/egn05w.3057E+02,good,tae,95.46887706339162,0.999990810778856,below_upper2,
nstx_135388/N5/egn05w.3249E+02,good,tae,32.88182567144895,0.9980581160945119,below_upper2,
nstx_135388/N5/egn05w.3570E+02,good,tae,92.65744746648849,0.9999949329586546,below_upper2,
nstx_135388/N5/egn05w.3740E+02,bad,none,88.31897886755716,0.9999791778676678,below_upper2,
nstx_135388/N5/egn05w.4285E+02,good,tae,81.16168685638908,0.9999996369316118,below_upper2,
nstx_135388/N5/egn05w.5005E+02,good,tae,71.46571927436712,0.9999835789024095,below_upper2,
nstx_135388/N5/egn05w.5648E+02,good,tae,63.50080873332503,0.9999080301922125,below_upper2,
nstx_135388/N5/egn05w.6203E+02,good,tae,57.91901638950217,0.9996789330329831,below_upper2,
nstx_135388/N5/egn05w.7266E+02,good,tae,48.64196366181682,0.9994685724021021,below_upper2,
nstx_135388/N6/egn06w.1028E+03,bad,none,16.23516344648871,0.9637056152969207,below_upper2,
nstx_135388/N6/egn06w.1606E+02,bad,none,97.91655298456952,1,below_upper2,
nstx_135388/N6/egn06w.1639E+02,bad,none,112.1550077118024,1,below_upper2,
nstx_135388/N6/egn06w.2105E+02,good,tae,105.8733358262351,1,below_upper2,
nstx_135388/N6/egn06w.2240E+02,bad,none,98.59259414325749,1,below_upper2,
nstx_135388/N6/egn06w.2279E+02,good,tae,104.463428462926,1,below_upper2,
nstx_135388/N6/egn06w.2450E+02,good,tae,103.27358056713,1,below_upper2,
nstx_135388/N6/egn06w.2682E+02,good,tae,38.07749248575783,1,below_upper2,
nstx_135388/N6/egn06w.2719E+02,bad,none,253.0137368743732,1,below_upper2,
nstx_135388/N6/egn06w.2786E+02,good,tae,37.2233167931962,1,below_upper2,
nstx_135388/N6/egn06w.2864E+02,bad,none,99.29869241071762,1,below_upper2,
nstx_135388/N6/egn06w.3008E+02,good,tae,25.91501361576933,1,below_upper2,
nstx_135388/N6/egn06w.3147E+02,good,tae,95.4555713534655,0.9999900237154725,below_upper2,
nstx_135388/N6/egn06w.3259E+02,bad,none,4.558452046979103,0.7563137163159758,below_upper2,
nstx_135388/N6/egn06w.3274E+02,bad,none,4.056642779464815,0.7196610989352389,below_upper2,
nstx_135388/N6/egn06w.3279E+02,bad,none,1.723900000703789,0.5880191180782331,below_upper2,
nstx_135388/N6/egn06w.3302E+02,good,tae,31.68341736257094,0.9999938525762385,below_upper2,
nstx_135388/N6/egn06w.3468E+02,good,tae,91.40290172088174,0.998130407008639,below_upper2,
nstx_135388/N6/egn06w.3557E+02,good,tae,87.12338351510513,0.9999987282919096,below_upper2,
nstx_135388/N6/egn06w.3792E+02,good,tae,88.23616545889357,0.9999744802825123,below_upper2,
nstx_135388/N6/egn06w.4024E+02,good,tae,75.38916625265092,0.9999989615642805,below_upper2,
nstx_135388/N6/egn06w.4121E+02,good,tae,85.12719666581336,0.9984971072354205,below_upper2,
nstx_135388/N6/egn06w.4312E+02,good,tae,76.34177111414277,0.9999923214167201,below_upper2,
nstx_135388/N6/egn06w.4630E+02,bad,none,77.34322820434826,0.9868666130239173,below_upper2,
nstx_135388/N6/egn06w.4763E+02,good,tae,76.30739915236127,0.9999976426149246,below_upper2,
nstx_135388/N6/egn06w.5196E+02,good,tae,71.80911387336712,0.9999977197067793,below_upper2,
nstx_135388/N6/egn06w.5263E+02,good,tae,69.89716845149954,0.9999892999599339,below_upper2,
nstx_135388/N6/egn06w.5877E+02,good,tae,62.61431844415886,0.9999710993410867,below_upper2,
nstx_135388/N6/egn06w.5943E+02,good,tae,60.48315399928923,0.9999191112171879,below_upper2,
nstx_135388/N6/egn06w.6072E+02,bad,none,66.7474905760828,0.9999797187295275,below_upper2,
nstx_135388/N6/egn06w.6479E+02,good,tae,54.57690710824241,0.999832815641079,below_upper2,
nstx_135388/N6/egn06w.6996E+02,good,tae,52.10108895313225,0.9997583753522628,below_upper2,
nstx_135388/N6/egn06w.7164E+02,good,tae,48.45082942082493,0.9983316511129088,below_upper2,
nstx_135388/N6/egn06w.8126E+02,good,tae,38.15972569672049,0.9988659679538425,below_upper2,
nstx_135388/N6/egn06w.8307E+02,bad,none,32.02406208585107,0.8585796813790486,below_upper2,
nstx_135388/N6/egn06w.9258E+02,good,tae,26.67231129023317,0.9956092761177461,below_upper2,
nstx_135388/N7/egn07w.1043E+03,bad,none,20.22607047938869,0.973583224634694,below_upper2,
nstx_135388/N7/egn07w.1044E+03,bad,none,15.24038941015046,0.9719106208468776,below_upper2,
nstx_135388/N7/egn07w.1071E+03,bad,none,11.21314503704044,0.9750133999717796,below_upper2,
nstx_135388/N7/egn07w.1128E+02,bad,none,108.2432528693273,1,below_upper2,
nstx_135388/N7/egn07w.1153E+03,bad,none,7.632502805377006,0.825457631079896,below_upper2,
nstx_135388/N7/egn07w.1168E+03,good,tae,6.716616696009573,0.6832964182010405,below_upper2,
nstx_135388/N7/egn07w.1181E+03,bad,none,8.270136198774724,0.843313042586659,below_upper2,
nstx_135388/N7/egn07w.1523E+02,bad,none,111.3824262341683,1,below_upper2,
nstx_135388/N7/egn07w.1739E+02,bad,none,106.2647002673584,1,below_upper2,
nstx_135388/N7/egn07w.1774E+02,bad,none,106.104208724597,1,below_upper2,
nstx_135388/N7/egn07w.1794E+02,good,tae,105.599252607778,1,below_upper2,
nstx_135388/N7/egn07w.1863E+02,good,tae,107.8484876258469,1,below_upper2,
nstx_135388/N7/egn07w.1960E+02,good,tae,107.8939093484748,1,below_upper2,
nstx_135388/N7/egn07w.2113E+02,good,tae,107.2066949454354,1,below_upper2,
nstx_135388/N7/egn07w.2223E+02,good,tae,106.1359928008315,1,below_upper2,
nstx_135388/N7/egn07w.2315E+02,bad,none,101.3906276111311,1,below_upper2,
nstx_135388/N7/egn07w.2354E+02,bad,none,106.4197760400028,1,below_upper2,
nstx_135388/N7/egn07w.2428E+02,bad,none,9.632470225474721,1,below_upper2,
nstx_135388/N7/egn07w.2439E+02,bad,none,9.637929417058917,1,below_upper2,
nstx_135388/N7/egn07w.2446E+02,bad,none,100.1786548768926,1,below_upper2,
nstx_135388/N7/egn07w.2645E+02,bad,none,22.84223700409708,1,below_upper2,
nstx_135388/N7/egn07w.2660E+02,bad,none,25.99630356857254,1,below_upper2,
nstx_135388/N7/egn07w.2680E+02,good,tae,34.62610274525557,1,below_upper2,
nstx_135388/N7/egn07w.2891E+02,good,tae,37.13934037127743,1,below_upper2,
nstx_135388/N7/egn07w.2912E+02,bad,none,89.75720420311413,1,below_upper2,
nstx_135388/N7/egn07w.2971E+02,good,tae,96.6651305855865,1,below_upper2,
nstx_135388/N7/egn07w.2994E+02,good,tae,42.0519452060398,1,below_upper2,
nstx_135388/N7/egn07w.3047E+02,good,tae,90.22089201332911,1,below_upper2,
nstx_135388/N7/egn07w.3129E+02,good,tae,90.65696711790757,1,below_upper2,
nstx_135388/N7/egn07w.3182E+02,good,tae,95.48663079103247,1,below_upper2,
nstx_135388/N7/egn07w.3304E+02,good,tae,30.79834001667618,0.9998703768563949,below_upper2,
nstx_135388/N7/egn07w.3351E+02,bad,none,368.6140715265565,0.9495423847035653,below_upper2,
nstx_135388/N7/egn07w.3518E+02,good,tae,91.81343081611611,0.9999950700711536,below_upper2,
nstx_135388/N7/egn07w.3787E+02,good,tae,67.18301965464636,0.9999999815308421,below_upper2,
nstx_135388/N7/egn07w.3879E+02,good,tae,58.26444284763313,0.9999284162413486,below_upper2,
nstx_135388/N7/egn07w.4072E+02,good,tae,71.33329656582156,0.9999050178045975,below_upper2,
nstx_135388/N7/egn07w.4304E+02,good,tae,80.48496815200481,0.9999992221827637,below_upper2,
nstx_135388/N7/egn07w.4463E+02,good,tae,80.91705428085025,0.9983767255160898,below_upper2,
nstx_135388/N7/egn07w.4871E+02,good,tae,73.86189704158538,0.999997000114883,below_upper2,
nstx_135388/N7/egn07w.4950E+02,good,tae,75.13568910324126,0.9994946385533532,below_upper2,
nstx_135388/N7/egn07w.5504E+02,good,tae,67.90887689504956,0.9999857714952181,below_upper2,
nstx_135388/N7/egn07w.6105E+02,good,tae,59.0551374185154,0.9999830356881313,below_upper2,
nstx_135388/N7/egn07w.7225E+02,good,tae,46.9435992024102,0.999747054497379,below_upper2,
nstx_135388/N7/egn07w.8037E+02,bad,none,40.25272552695244,0.993640111267738,below_upper2,
nstx_135388/N7/egn07w.8224E+02,good,tae,37.16554507696879,0.9952150534019387,below_upper2,
nstx_135388/N7/egn07w.9318E+02,good,tae,25.78729831592581,0.9921498437224531,below_upper2,
nstx_135388/N8/egn08w.1040E+02,bad,none,113.3254395692783,1,below_upper2,
nstx_135388/N8/egn08w.1049E+03,good,tae,10.38924221817761,0.9138358046607248,below_upper2,
nstx_135388/N8/egn08w.1188E+03,bad,none,6.935477233932356,0.7353505386411185,below_upper2,
nstx_135388/N8/egn08w.1210E+02,bad,none,111.6970452437718,1,below_upper2,
nstx_135388/N8/egn08w.1540E+02,bad,none,111.0528100863,1,below_upper2,
nstx_135388/N8/egn08w.1668E+02,bad,none,110.0196140960524,1,below_upper2,
nstx_135388/N8/egn08w.1782E+02,bad,none,109.9495440054227,1,below_upper2,
nstx_135388/N8/egn08w.1968E+02,good,tae,98.39665562277017,1,below_upper2,
nstx_135388/N8/egn08w.1986E+02,bad,none,98.73087801440327,1,below_upper2,
nstx_135388/N8/egn08w.2001E+02,bad,none,112.4885992466215,1,below_upper2,
nstx_135388/N8/egn08w.2017E+02,bad,none,112.2965889249529,1,below_upper2,
nstx_135388/N8/egn08w.2057E+02,good,tae,105.2313766114662,1,below_upper2,
nstx_135388/N8/egn08w.2079E+02,bad,none,103.1579873911511,1,below_upper2,
nstx_135388/N8/egn08w.2196E+02,good,tae,105.8653599086157,1,below_upper2,
nstx_135388/N8/egn08w.2243E+02,bad,none,96.29184137495741,1,below_upper2,
nstx_135388/N8/egn08w.2308E+02,bad,none,105.0693096559174,1,below_upper2,
nstx_135388/N8/egn08w.2389E+02,bad,none,216.3068975469972,1,below_upper2,
nstx_135388/N8/egn08w.2459E+02,bad,none,147.3602060204363,1,below_upper2,
nstx_135388/N8/egn08w.2554E+02,bad,none,97.48831023199182,1,below_upper2,
nstx_135388/N8/egn08w.2654E+02,bad,none,36.33524705792685,1,below_upper2,
nstx_135388/N8/egn08w.2714E+02,good,tae,36.16943673728345,1,below_upper2,
nstx_135388/N8/egn08w.2796E+02,good,tae,32.48246586440629,1,below_upper2,
nstx_135388/N8/egn08w.2812E+02,good,tae,99.66882751250839,1,below_upper2,
nstx_135388/N8/egn08w.2861E+02,good,tae,25.85865679689542,1,below_upper2,
nstx_135388/N8/egn08w.3005E+02,bad,none,4.706826082471639,1,below_upper2,
nstx_135388/N8/egn08w.3061E+02,good,tae,97.24297289089678,1,below_upper2,
nstx_135388/N8/egn08w.3070E+02,bad,none,5.46177433063888,1,below_upper2,
nstx_135388/N8/egn08w.3109E+02,good,tae,67.15866271748554,1,below_upper2,
nstx_135388/N8/egn08w.3112E+02,good,tae,30.73743798335833,1,below_upper2,
nstx_135388/N8/egn08w.3134E+02,bad,none,4.441978975983769,1,below_upper2,
nstx_135388/N8/egn08w.3207E+02,good,tae,95.44495111921778,1,below_upper2,
nstx_135388/N8/egn08w.3255E+02,bad,none,2.654437323158762,1,below_upper2,
nstx_135388/N8/egn08w.3275E+02,good,tae,84.85816901394418,1,below_upper2,
nstx_135388/N8/egn08w.3307E+02,good,tae,70.06261517155156,1,below_upper2,
nstx_135388/N8/egn08w.3344E+02,good,tae,31.80086334497449,1,below_upper2,
nstx_135388/N8/egn08w.3508E+02,good,tae,92.0396115726237,0.9999959175510321,below_upper2,
nstx_135388/N8/egn08w.3646E+02,good,tae,88.11765442566903,0.9999999929386275,below_upper2,
nstx_135388/N8/egn08w.3823E+02,good,tae,88.42797558013783,0.9999989332371608,below_upper2,
nstx_135388/N8/egn08w.4015E+02,good,tae,81.07489411376127,0.9999999574699235,below_upper2,
nstx_135388/N8/egn08w.4130E+02,good,tae,64.74457551849856,0.999999895644925,below_upper2,
nstx_135388/N8/egn08w.4365E+02,good,tae,79.40276675744124,0.9999999920160733,below_upper2,
nstx_135388/N8/egn08w.4787E+02,good,tae,76.96927903857627,0.9999999478569924,below_upper2,
nstx_135388/N8/egn08w.5014E+02,good,tae,72.19015238479371,0.9999998296421376,below_upper2,
nstx_135388/N8/egn08w.5182E+02,good,tae,72.90008729421295,0.9999998121945249,below_upper2,
nstx_135388/N8/egn08w.5652E+02,good,tae,64.62264955436528,0.999999634398035,below_upper2,
nstx_135388/N8/egn08w.5708E+02,good,tae,65.98553917008428,0.9999994871106004,below_upper2,
nstx_135388/N8/egn08w.6162E+02,good,tae,59.43199374001086,0.9999993207575013,below_upper2,
nstx_135388/N8/egn08w.6258E+02,good,tae,58.02774317351299,0.999997358894914,below_upper2,
nstx_135388/N8/egn08w.6824E+02,good,tae,50.53872619604277,0.9999606772836153,below_upper2,
nstx_135388/N8/egn08w.7043E+02,good,tae,50.17782740778099,0.9999796290781646,below_upper2,
nstx_135388/N8/egn08w.7330E+02,good,tae,45.25425211185576,0.9996142928025132,below_upper2,
nstx_135388/N8/egn08w.7957E+02,bad,none,40.08338522232552,0.9989727316429845,below_upper2,
nstx_135388/N8/egn08w.8043E+02,good,tae,39.17096133966017,0.9999002118197182,below_upper2,
nstx_135388/N8/egn08w.8813E+02,bad,none,33.81112552360133,0.9986745500391038,below_upper2,
nstx_135388/N8/egn08w.9271E+02,good,tae,25.73877176255867,0.9988439066282657,below_upper2,
nstx_135388/N8/egn08w.9417E+02,bad,none,19.63571551935402,0.9207719642484268,below_upper2,
nstx_135388/N8/egn08w.9850E+02,bad,none,24.5305275752038,0.9726590714244971,below_upper2,
nstx_135388/N9/egn09w.1010E+03,good,tae,17.04123626440604,0.9860859667620676,below_upper2,
nstx_135388/N9/egn09w.1016E+02,bad,none,96.18285947676924,1,below_upper2,
nstx_135388/N9/egn09w.1047E+03,bad,none,32.94044107489525,0.9799166408169903,below_upper2,
nstx_135388/N9/egn09w.1073E+02,bad,none,26.69974930450703,1,below_upper2,
nstx_135388/N9/egn09w.1125E+03,bad,none,9.04707394166725,0.9267487973794503,below_upper2,
nstx_135388/N9/egn09w.1128E+02,bad,none,115.9205323911849,1,below_upper2,
nstx_135388/N9/egn09w.1129E+03,bad,none,3.925069821070679,0.9677160615495524,below_upper2,
nstx_135388/N9/egn09w.1510E+02,bad,none,100.379691390043,1,below_upper2,
nstx_135388/N9/egn09w.1548E+02,bad,none,108.5249307021865,1,below_upper2,
nstx_135388/N9/egn09w.1691E+02,good,tae,111.2101325219846,1,below_upper2,
nstx_135388/N9/egn09w.1722E+02,bad,none,105.3854677690685,1,below_upper2,
nstx_135388/N9/egn09w.1792E+02,bad,none,107.6498849805929,1,below_upper2,
nstx_135388/N9/egn09w.1853E+02,bad,none,129.6923948779404,1,below_upper2,
nstx_135388/N9/egn09w.1874E+02,bad,none,98.25333249800561,1,below_upper2,
nstx_135388/N9/egn09w.1899E+02,good,tae,105.8484855702804,1,below_upper2,
nstx_135388/N9/egn09w.1938E+02,good,tae,106.9176521455759,1,below_upper2,
nstx_135388/N9/egn09w.1953E+02,bad,none,65.27151152416907,1,below_upper2,
nstx_135388/N9/egn09w.1959E+02,bad,none,60.02832828479451,1,below_upper2,
nstx_135388/N9/egn09w.1979E+02,bad,none,61.72482046079262,1,below_upper2,
nstx_135388/N9/egn09w.1996E+02,bad,none,51.50480622830923,1,below_upper2,
nstx_135388/N9/egn09w.2020E+02,bad,none,50.45658036518995,1,below_upper2,
nstx_135388/N9/egn09w.2134E+02,bad,none,96.66017544151497,1,below_upper2,
nstx_135388/N9/egn09w.2150E+02,good,tae,107.0163273027814,1,below_upper2,
nstx_135388/N9/egn09w.2182E+02,bad,none,23.37611759861548,1,below_upper2,
nstx_135388/N9/egn09w.2311E+02,bad,none,62.43494271197037,1,below_upper2,
nstx_135388/N9/egn09w.2357E+02,bad,none,62.25830951197726,1,below_upper2,
nstx_135388/N9/egn09w.2407E+02,good,tae,102.9150992074218,1,below_upper2,
nstx_135388/N9/egn09w.2459E+02,bad,none,100.640508886129,1,below_upper2,
nstx_135388/N9/egn09w.2507E+02,good,tae,103.5602017405669,1,below_upper2,
nstx_135388/N9/egn09w.2521E+02,bad,none,11.80769166638553,1,below_upper2,
nstx_135388/N9/egn09w.2558E+02,bad,none,103.7604421734889,1,below_upper2,
nstx_135388/N9/egn09w.2629E+02,good,tae,100.1913313339333,1,below_upper2,
nstx_135388/N9/egn09w.2658E+02,bad,none,28.32838035631027,1,below_upper2,
nstx_135388/N9/egn09w.2699E+02,bad,none,35.76571369369962,1,below_upper2,
nstx_135388/N9/egn09w.2747E+02,good,tae,98.92313577757155,1,below_upper2,
nstx_135388/N9/egn09w.2761E+02,good,tae,23.56544551217533,1,below_upper2,
nstx_135388/N9/egn09w.2796E+02,good,tae,36.17804448467197,1,below_upper2,
nstx_135388/N9/egn09w.2887E+02,good,tae,99.12462023733327,1,below_upper2,
nstx_135388/N9/egn09w.2889E+02,good,tae,98.73435537195284,1,below_upper2,
nstx_135388/N9/egn09w.2926E+02,good,tae,48.23490251223111,1,below_upper2,
nstx_135388/N9/egn09w.3044E+02,good,tae,96.84189731742688,1,below_upper2,
nstx_135388/N9/egn09w.3045E+02,bad,none,118.3865940830329,1,below_upper2,
nstx_135388/N9/egn09w.3097E+02,good,tae,29.85715964210474,1,below_upper2,
nstx_135388/N9/egn09w.3127E+02,good,tae,90.23999692196445,1,below_upper2,
nstx_135388/N9/egn09w.3312E+02,good,tae,94.23534098358564,1,below_upper2,
nstx_135388/N9/egn09w.3351E+02,good,tae,30.32165928723543,1,below_upper2,
nstx_135388/N9/egn09w.3405E+02,good,tae,91.44852987619939,1,below_upper2,
nstx_135388/N9/egn09w.3451E+02,good,tae,92.23573409409533,1,below_upper2,
nstx_135388/N9/egn09w.3582E+02,bad,none,2.106462489207014,0.7892013302405654,below_upper2,
nstx_135388/N9/egn09w.3593E+02,bad,none,1.736406281807537,0.918129192500468,below_upper2,
nstx_135388/N9/egn09w.3602E+02,good,tae,1.037050681702797,0.7841224061545156,below_upper2,
nstx_135388/N9/egn09w.3604E+02,bad,none,0.1526571809343972,0.9999971354374528,below_upper2,
nstx_135388/N9/egn09w.3610E+02,bad,none,3.458422209232224,0.9387155399729373,below_upper2,
nstx_135388/N9/egn09w.3675E+02,bad,none,0.7219576440175381,0.6741149567256335,below_upper2,
nstx_135388/N9/egn09w.4027E+02,good,tae,80.63243743019194,0.9999996769506286,below_upper2,
nstx_135388/N9/egn09w.4060E+02,good,tae,86.01399901270062,0.999662976169308,below_upper2,
nstx_135388/N9/egn09w.4199E+02,good,tae,67.33803122309705,0.9999999000552987,below_upper2,
nstx_135388/N9/egn09w.4349E+02,good,tae,80.81073105019166,0.9960363532294622,below_upper2,
nstx_135388/N9/egn09w.4496E+02,good,tae,78.61652920201638,0.9999999884806093,below_upper2,
nstx_135388/N9/egn09w.4641E+02,good,tae,78.47881514020823,0.9996611249457888,below_upper2,
nstx_135388/N9/egn09w.5019E+02,good,tae,73.3615936375585,0.999999982576353,below_upper2,
nstx_135388/N9/egn09w.5020E+02,good,tae,73.9631474521648,0.9999792418160125,below_upper2,
nstx_135388/N9/egn09w.5617E+02,good,tae,65.84180801328407,0.9999997569977238,below_upper2,
nstx_135388/N9/egn09w.5860E+02,good,tae,64.79020278882589,0.9999936815479755,below_upper2,
nstx_135388/N9/egn09w.6252E+02,good,tae,58.71738739084415,0.9999991702023973,below_upper2,
nstx_135388/N9/egn09w.6908E+02,good,tae,50.20322193006135,0.9999732526415954,below_upper2,
nstx_135388/N9/egn09w.7416E+02,good,tae,44.02582435430789,0.9999746278429941,below_upper2,
nstx_135388/N9/egn09w.7772E+02,good,tae,42.45081198205228,0.9999945235775157,below_upper2,
nstx_135388/N9/egn09w.7961E+02,good,tae,38.99568734737107,0.9995910087378723,below_upper2,
nstx_135388/N9/egn09w.8950E+02,good,tae,30.34785995479726,0.9991511503226044,below_upper2,
nstx_135388/N9/egn09w.9497E+02,bad,none,29.00145229600268,0.9123742983440764,below_upper2,
nstx_141711/N2/egn02w.2357E+02,bad,none,275.8841831601221,1,below_upper2,
nstx_141711/N2/egn02w.4308E+02,good,tae,134.21018493489,1,below_upper2,
nstx_141711/N2/egn02w.4512E+02,good,tae,130.3628848752831,1,below_upper2,
nstx_141711/N2/egn02w.4662E+02,bad,none,146.7660103449116,1,below_upper2,
nstx_141711/N2/egn02w.5602E+02,good,tae,139.4649969054341,1,below_upper2,
nstx_141711/N2/egn02w.6447E+02,bad,none,150.5515455253064,1,below_upper2,
nstx_141711/N2/egn02w.6783E+02,bad,none,71.90338293698321,1,below_upper2,
nstx_141711/N3/egn03w.1129E+03,bad,none,104.3678816384976,0.9848369056910009,below_upper2,
nstx_141711/N3/egn03w.1493E+03,bad,none,35.6986356456319,0.7767040538818554,below_upper2,
nstx_141711/N3/egn03w.2060E+02,bad,none,286.0467341632635,1,below_upper2,
nstx_141711/N3/egn03w.2477E+02,bad,none,164.2334824662717,1,below_upper2,
nstx_141711/N3/egn03w.3049E+02,bad,none,71.9937056790621,1,below_upper2,
nstx_141711/N3/egn03w.3060E+02,bad,none,70.71335117649382,1,below_upper2,
nstx_141711/N3/egn03w.3072E+02,bad,none,68.62513319965231,1,below_upper2,
nstx_141711/N3/egn03w.3087E+02,bad,none,74.1597052174638,1,below_upper2,
nstx_141711/N3/egn03w.3106E+02,bad,none,71.13910575626487,1,below_upper2,
nstx_141711/N3/egn03w.3126E+02,bad,none,67.88477389734643,1,below_upper2,
nstx_141711/N3/egn03w.3150E+02,good,tae,75.67174462285803,1,below_upper2,
nstx_141711/N3/egn03w.3189E+02,good,tae,68.02107956558787,1,below_upper2,
nstx_141711/N3/egn03w.3229E+02,good,tae,77.41288894578153,1,below_upper2,
nstx_141711/N3/egn03w.3264E+02,bad,none,78.96242258141449,1,below_upper2,
nstx_141711/N3/egn03w.3350E+02,bad,none,133.2964357870175,1,below_upper2,
nstx_141711/N3/egn03w.3421E+02,good,tae,151.7724785371885,1,below_upper2,
nstx_141711/N3/egn03w.4150E+02,bad,none,210.2421534449036,1,below_upper2,
nstx_141711/N3/egn03w.4255E+02,bad,none,89.66660957376679,1,below_upper2,
nstx_141711/N3/egn03w.5246E+02,good,tae,235.6557304624642,1,below_upper2,
nstx_141711/N3/egn03w.5980E+02,good,tae,225.9060109131242,1,below_upper2,
nstx_141711/N3/egn03w.6735E+02,good,tae,201.7052994373444,1,below_upper2,
nstx_141711/N3/egn03w.8627E+02,bad,none,147.7424230850287,0.9659843250231557,below_upper2,
nstx_141711/N4/egn04w.1003E+03,bad,none,166.4493084211947,0.9923371969819479,below_upper2,
nstx_141711/N4/egn04w.1226E+03,bad,none,87.29362464963835,0.9944512432563124,below_upper2,
nstx_141711/N4/egn04w.1521E+03,bad,none,47.01302593623688,0.9968413475447744,below_upper2,
nstx_141711/N4/egn04w.2108E+02,bad,none,211.6530001821569,1,below_upper2,
nstx_141711/N4/egn04w.2251E+02,bad,none,258.0804812488537,1,below_upper2,
nstx_141711/N4/egn04w.2483E+02,bad,none,270.4023827054284,1,below_upper2,
nstx_141711/N4/egn04w.2511E+02,bad,none,230.5221615130916,1,below_upper2,
nstx_141711/N4/egn04w.2722E+02,good,tae,267.1991413014285,1,below_upper2,
nstx_141711/N4/egn04w.3127E+02,bad,none,263.3210392390494,1,below_upper2,
nstx_141711/N4/egn04w.3557E+02,bad,none,243.901213316003,1,below_upper2,
nstx_141711/N4/egn04w.4674E+02,bad,none,9.952153095098206,1,below_upper2,
nstx_141711/N4/egn04w.4712E+02,bad,none,9.169916036383611,1,below_upper2,
nstx_141711/N4/egn04w.4751E+02,bad,none,8.66939828632921,1,below_upper2,
nstx_141711/N4/egn04w.4804E+02,bad,none,8.286423861985947,1,below_upper2,
nstx_141711/N4/egn04w.4841E+02,bad,none,11.74209237853538,1,below_upper2,
nstx_141711/N4/egn04w.4863E+02,good,tae,250.4817601764341,1,below_upper2,
nstx_141711/N4/egn04w.5818E+02,good,tae,249.2622405977863,0.9996917851573848,below_upper2,
nstx_141711/N4/egn04w.7956E+02,good,tae,216.4006708360679,0.9971116798691889,below_upper2,
nstx_141711/N4/egn04w.8898E+02,bad,none,193.5560679730351,0.9900529513429832,below_upper2,
nstx_141711/N5/egn05w.1019E+03,bad,none,45.7127742412439,0.9891995603021979,below_upper2,
nstx_141711/N5/egn05w.1251E+03,bad,none,130.4728925906734,0.8964200624017327,below_upper2,
nstx_141711/N5/egn05w.2234E+03,bad,none,49.49832562315526,0.8219887522643993,below_upper2,
nstx_141711/N5/egn05w.2443E+02,bad,none,255.130400296404,1,below_upper2,
nstx_141711/N5/egn05w.2455E+02,bad,none,214.8103111834214,1,below_upper2,
nstx_141711/N5/egn05w.2526E+02,bad,none,234.5741844434492,1,below_upper2,
nstx_141711/N5/egn05w.3326E+02,bad,none,47.66380009248363,1,below_upper2,
nstx_141711/N5/egn05w.3338E+02,bad,none,44.05766097890661,1,below_upper2,
nstx_141711/N5/egn05w.3366E+02,bad,none,42.99941930066135,1,below_upper2,
nstx_141711/N5/egn05w.3417E+02,bad,none,41.30770167753766,1,below_upper2,
nstx_141711/N5/egn05w.3429E+02,bad,none,40.5179698904944,1,below_upper2,
nstx_141711/N5/egn05w.3646E+02,bad,none,39.42855739016225,1,below_upper2,
nstx_141711/N5/egn05w.3732E+02,good,tae,216.3710043458928,1,below_upper2,
nstx_141711/N5/egn05w.3890E+02,bad,none,78.10786973077458,1,below_upper2,
nstx_141711/N5/egn05w.3996E+02,good,tae,120.1447783308786,1,below_upper2,
nstx_141711/N5/egn05w.4326E+02,good,tae,184.2553846214022,1,below_upper2,
nstx_141711/N5/egn05w.4773E+02,good,tae,228.4114342689365,1,below_upper2,
nstx_141711/N5/egn05w.5596E+02,good,tae,235.7745589079867,1,below_upper2,
nstx_141711/N5/egn05w.6648E+02,good,tae,234.8690308973227,1,below_upper2,
nstx_141711/N5/egn05w.8838E+02,good,tae,194.3246213850728,0.9989275174646742,below_upper2,
nstx_141711/N5/egn05w.9302E+02,bad,none,151.2410068477465,0.9922521442225565,below_upper2,
nstx_141711/N6/egn06w.1028E+03,bad,none,129.6863295347952,0.9835434378110591,below_upper2,
nstx_141711/N6/egn06w.1180E+03,bad,none,78.37356169448533,0.9842655973087058,below_upper2,
nstx_141711/N6/egn06w.1265E+03,good,tae,105.3789693321337,0.9870529597645871,below_upper2,
nstx_141711/N6/egn06w.1429E+03,bad,none,114.4465766582345,0.9914268759876455,below_upper2,
nstx_141711/N6/egn06w.2065E+03,bad,none,32.17123092562472,0.8139640667883432,below_upper2,
nstx_141711/N6/egn06w.2240E+02,bad,none,279.5973143445339,1,below_upper2,
nstx_141711/N6/egn06w.2386E+03,bad,none,13.39355571961857,0.7802517451024709,below_upper2,
nstx_141711/N6/egn06w.2395E+03,bad,none,11.18966764851351,0.8532447099656147,below_upper2,
nstx_141711/N6/egn06w.2400E+03,bad,none,9.808609150656958,0.8870570383469938,below_upper2,
nstx_141711/N6/egn06w.2719E+02,bad,none,284.7812196694518,1,below_upper2,
nstx_141711/N6/egn06w.2864E+02,bad,none,225.7204954487261,1,below_upper2,
nstx_141711/N6/egn06w.3259E+02,bad,none,44.73805437385096,1,below_upper2,
nstx_141711/N6/egn06w.3274E+02,bad,none,44.32740695829759,1,below_upper2,
nstx_141711/N6/egn06w.3279E+02,bad,none,43.59304554411376,1,below_upper2,
nstx_141711/N6/egn06w.3297E+02,bad,none,43.62520064224937,1,below_upper2,
nstx_141711/N6/egn06w.3306E+02,bad,none,42.93413461294227,1,below_upper2,
nstx_141711/N6/egn06w.3557E+02,good,tae,208.8616001993771,1,below_upper2,
nstx_141711/N6/egn06w.4024E+02,good,tae,173.2940874116182,1,below_upper2,
nstx_141711/N6/egn06w.4312E+02,good,tae,150.0431461679936,1,below_upper2,
nstx_141711/N6/egn06w.4763E+02,good,tae,188.1734704103428,1,below_upper2,
nstx_141711/N6/egn06w.5196E+02,good,tae,212.5222470878376,1,below_upper2,
nstx_141711/N6/egn06w.5877E+02,good,tae,228.1575820347446,1,below_upper2,
nstx_141711/N6/egn06w.6072E+02,good,tae,192.3202098914409,1,below_upper2,
nstx_141711/N6/egn06w.6996E+02,good,tae,212.4900474135953,1,below_upper2,
nstx_141711/N6/egn06w.7398E+02,bad,none,1.406276706223412,1,below_upper2,
nstx_141711/N6/egn06w.8126E+02,good,tae,205.7179620600396,0.9998726611400394,below_upper2,
nstx_141711/N6/egn06w.9258E+02,good,tae,175.9529473787254,0.9995815730656811,below_upper2,
nstx_141711/N7/egn07w.1044E+03,bad,none,171.2175920425752,0.9883772527470472,below_upper2,
nstx_141711/N7/egn07w.1168E+03,good,tae,138.5604280565584,0.9964473635782271,below_upper2,
nstx_141711/N7/egn07w.1225E+03,bad,none,153.520473220298,0.9966420623142175,below_upper2,
nstx_141711/N7/egn07w.1348E+03,bad,none,82.23518376963331,0.9585142959295326,below_upper2,
nstx_141711/N7/egn07w.1500E+03,good,tae,81.2091450610223,0.9690025624484688,below_upper2,
nstx_141711/N7/egn07w.1594E+03,good,tae,93.79828340643851,0.9871055419257987,below_upper2,
nstx_141711/N7/egn07w.1825E+03,good,tae,26.16876040654178,0.9847976361046049,below_upper2,
nstx_141711/N7/egn07w.1840E+03,good,tae,20.37456311749754,0.9932305805225218,below_upper2,
nstx_141711/N7/egn07w.2315E+02,bad,none,285.7372252057054,1,below_upper2,
nstx_141711/N7/egn07w.2354E+02,bad,none,283.1554880923918,1,below_upper2,
nstx_141711/N7/egn07w.2446E+02,bad,none,281.1929955117025,1,below_upper2,
nstx_141711/N7/egn07w.2912E+02,good,tae,167.9408154425649,1,below_upper2,
nstx_141711/N7/egn07w.3047E+02,good,tae,166.8991009342425,1,below_upper2,
nstx_141711/N7/egn07w.3129E+02,good,tae,231.8603495250948,1,below_upper2,
nstx_141711/N7/egn07w.3351E+02,bad,none,386.9207587371908,1,below_upper2,
nstx_141711/N7/egn07w.3787E+02,good,tae,123.7375780313784,1,below_upper2,
nstx_141711/N7/egn07w.3879E+02,good,tae,137.1994852980427,1,below_upper2,
nstx_141711/N7/egn07w.4072E+02,good,tae,136.1270336507472,1,below_upper2,
nstx_141711/N7/egn07w.4304E+02,good,tae,215.5536491719471,1,below_upper2,
nstx_141711/N7/egn07w.4771E+02,bad,none,6.368654917016876,1,below_upper2,
nstx_141711/N7/egn07w.4871E+02,good,tae,247.0360677587021,1,below_upper2,
nstx_141711/N7/egn07w.4884E+02,bad,none,5.403897036748404,1,below_upper2,
nstx_141711/N7/egn07w.5159E+02,bad,none,2.209132211930672,1,below_upper2,
nstx_141711/N7/egn07w.5256E+02,bad,none,1.103359491114349,1,below_upper2,
nstx_141711/N7/egn07w.8224E+02,good,tae,214.5366212248145,0.9975437483957198,below_upper2,
nstx_141711/N7/egn07w.9318E+02,good,tae,199.4013382798711,0.99640448091528,below_upper2,
nstx_141711/N8/egn08w.1026E+03,good,tae,37.47172679026201,0.9934932768700951,below_upper2,
nstx_141711/N8/egn08w.1049E+03,good,tae,177.8082285890937,0.9982191887250138,below_upper2,
nstx_141711/N8/egn08w.1296E+03,bad,none,157.2962870301477,0.9896388028515413,below_upper2,
nstx_141711/N8/egn08w.1470E+03,good,tae,127.5815637636319,0.9944971951200131,below_upper2,
nstx_141711/N8/egn08w.1677E+03,bad,none,89.91538739282417,0.9824733375013402,below_upper2,
nstx_141711/N8/egn08w.1878E+03,good,tae,75.01707483611372,0.9608350591299702,below_upper2,
nstx_141711/N8/egn08w.1953E+03,good,tae,72.96978731935336,0.9631494233219616,below_upper2,
nstx_141711/N8/egn08w.2017E+02,bad,none,217.9624608197172,1,below_upper2,
nstx_141711/N8/egn08w.2079E+02,bad,none,205.7101386795393,1,below_upper2,
nstx_141711/N8/egn08w.2242E+03,bad,none,17.59807571580851,0.8921535196695523,below_upper2,
nstx_141711/N8/egn08w.2243E+02,bad,none,281.4666345448302,1,below_upper2,
nstx_141711/N8/egn08w.2285E+03,bad,none,7.932936412608946,0.8817835680445909,below_upper2,
nstx_141711/N8/egn08w.2294E+03,bad,none,2.526587254199106,0.8339249194858821,below_upper2,
nstx_141711/N8/egn08w.2308E+02,bad,none,208.0672376385733,1,below_upper2,
nstx_141711/N8/egn08w.2389E+02,bad,none,289.3599561513682,1,below_upper2,
nstx_141711/N8/egn08w.2459E+02,bad,none,231.4677797677704,1,below_upper2,
nstx_141711/N8/egn08w.2554E+02,bad,none,199.2058318009182,1,below_upper2,
nstx_141711/N8/egn08w.3005E+02,bad,none,49.12492407602559,1,below_upper2,
nstx_141711/N8/egn08w.3070E+02,bad,none,48.9563224784307,1,below_upper2,
nstx_141711/N8/egn08w.3109E+02,good,tae,116.3933662585592,1,below_upper2,
nstx_141711/N8/egn08w.3134E+02,bad,none,48.1433490163007,1,below_upper2,
nstx_141711/N8/egn08w.3255E+02,bad,none,46.75059667772829,1,below_upper2,
nstx_141711/N8/egn08w.3275E+02,good,tae,232.2083590717642,1,below_upper2,
nstx_141711/N8/egn08w.3307E+02,good,tae,130.6165969277167,1,below_upper2,
nstx_141711/N8/egn08w.3646E+02,good,tae,270.4767844367542,1,below_upper2,
nstx_141711/N8/egn08w.4015E+02,good,tae,248.8406952300072,1,below_upper2,
nstx_141711/N8/egn08w.4130E+02,good,tae,104.9660092390372,1,below_upper2,
nstx_141711/N8/egn08w.4365E+02,good,tae,259.2984687985153,1,below_upper2,
nstx_141711/N8/egn08w.5014E+02,good,tae,263.0163494373185,1,below_upper2,
nstx_141711/N8/egn08w.5652E+02,good,tae,256.6341835999343,1,below_upper2,
nstx_141711/N8/egn08w.6162E+02,good,tae,249.6491187769212,1,below_upper2,
nstx_141711/N8/egn08w.7043E+02,good,tae,238.4442490817669,1,below_upper2,
nstx_141711/N8/egn08w.7895E+02,bad,none,0.1726007262340053,1,below_upper2,
nstx_141711/N8/egn08w.8043E+02,good,tae,229.9493678522581,0.999996653141393,below_upper2,
nstx_141711/N8/egn08w.9271E+02,good,tae,218.1512104877219,0.9999986410857344,below_upper2,
nstx_141711/N9/egn09w.1010E+03,good,tae,209.9997750687141,0.9998204880417385,below_upper2,
nstx_141711/N9/egn09w.1110E+03,good,tae,63.51626536788353,0.9953181094423211,below_upper2,
nstx_141711/N9/egn09w.1148E+03,good,tae,150.705171809406,0.9954605902973919,below_upper2,
nstx_141711/N9/egn09w.1261E+03,good,tae,178.3799440277373,0.9997356586600301,below_upper2,
nstx_141711/N9/egn09w.1394E+03,good,tae,158.0995602392564,0.9998714141495835,below_upper2,
nstx_141711/N9/egn09w.1554E+03,bad,none,149.9805656589633,0.5485806754829035,below_upper2,
nstx_141711/N9/egn09w.1566E+03,good,tae,124.0080683840013,0.9555279671086869,below_upper2,
nstx_141711/N9/egn09w.1765E+03,bad,none,96.51342675905693,0.9767690637682696,below_upper2,
nstx_141711/N9/egn09w.2105E+03,bad,none,73.97219810896894,0.8912303582576403,below_upper2,
nstx_141711/N9/egn09w.2134E+02,bad,none,279.9522614727724,1,below_upper2,
nstx_141711/N9/egn09w.2459E+02,bad,none,276.4312031495289,1,below_upper2,
nstx_141711/N9/egn09w.2558E+02,bad,none,235.8242779296166,1,below_upper2,
nstx_141711/N9/egn09w.2629E+02,good,tae,267.8296135083907,1,below_upper2,
nstx_141711/N9/egn09w.2747E+02,good,tae,265.0224062468694,1,below_upper2,
nstx_141711/N9/egn09w.2889E+02,good,tae,265.3961838551112,1,below_upper2,
nstx_141711/N9/egn09w.3045E+02,bad,none,157.8930085571344,1,below_upper2,
nstx_141711/N9/egn09w.3127E+02,good,tae,244.1391179627435,1,below_upper2,
nstx_141711/N9/egn09w.3405E+02,good,tae,261.7462654112272,1,below_upper2,
nstx_141711/N9/egn09w.3582E+02,bad,none,35.06118359115733,1,below_upper2,
nstx_141711/N9/egn09w.3593E+02,bad,none,34.42692101516593,1,below_upper2,
nstx_141711/N9/egn09w.3602E+02,good,tae,34.50636198790621,1,below_upper2,
nstx_141711/N9/egn09w.3610E+02,bad,none,35.85083707959028,1,below_upper2,
nstx_141711/N9/egn09w.3675E+02,bad,none,32.93135702112085,1,below_upper2,
nstx_141711/N9/egn09w.4027E+02,good,tae,242.3124105265166,1,below_upper2,
nstx_141711/N9/egn09w.4199E+02,good,tae,124.0745789294035,1,below_upper2,
nstx_141711/N9/egn09w.4496E+02,good,tae,251.3181065270735,1,below_upper2,
nstx_141711/N9/egn09w.5019E+02,good,tae,258.3550432084561,1,below_upper2,
nstx_141711/N9/egn09w.5617E+02,good,tae,254.4528357138684,1,below_upper2,
nstx_141711/N9/egn09w.6252E+02,good,tae,253.1364804094829,1,below_upper2,
nstx_141711/N9/egn09w.6899E+02,bad,none,0.3738414708090517,1,below_upper2,
nstx_141711/N9/egn09w.7772E+02,good,tae,236.403347995174,0.9999993448882573,below_upper2,
nstx_141711/N9/egn09w.8950E+02,good,tae,218.8993022978959,0.9999938269183796,below_upper2,
nstx_141711/N10/egn10w.1146E+03,bad,none,76.99265763419156,0.955177496876206,below_upper2,
nstx_141711/N10/egn10w.1341E+03,good,tae,163.0556842702165,0.9991543001822563,below_upper2,
nstx_141711/N10/egn10w.1470E+03,good,tae,145.3185742808486,0.9996747558082589,below_upper2,
nstx_141711/N10/egn10w.1636E+03,bad,none,111.961516034646,0.9570345169951658,below_upper2,
nstx_141711/N10/egn10w.1644E+03,bad,none,23.35012324417036,0.5675297062567068,below_upper2,
nstx_141711/N10/egn10w.1673E+03,bad,none,63.66300458131174,0.9870302578466458,below_upper2,
nstx_141711/N10/egn10w.1679E+03,bad,none,10.65521582721293,0.5022800656318221,below_upper2,
nstx_141711/N10/egn10w.1700E+03,bad,none,190.2937085511865,0.9647872477404148,below_upper2,
nstx_141711/N10/egn10w.1713E+03,bad,none,64.56190580571301,0.7054398065781002,below_upper2,
nstx_141711/N10/egn10w.1723E+03,bad,none,71.00161786221882,0.7922420232755025,below_upper2,
nstx_141711/N10/egn10w.2033E+02,bad,none,298.8160718686783,1,below_upper2,
nstx_141711/N10/egn10w.2160E+03,bad,none,35.24320559943006,0.7570278930490213,below_upper2,
nstx_141711/N10/egn10w.2171E+02,bad,none,284.911085648756,1,below_upper2,
nstx_141711/N10/egn10w.2475E+02,bad,none,276.8399487610336,1,below_upper2,
nstx_141711/N10/egn10w.2706E+02,good,tae,259.4799841670153,1,below_upper2,
nstx_141711/N10/egn10w.2824E+02,good,tae,247.0258757418268,1,below_upper2,
nstx_141711/N10/egn10w.2988E+02,bad,none,223.7328777690823,1,below_upper2,
nstx_141711/N10/egn10w.3008E+02,bad,none,164.1480146615411,1,below_upper2,
nstx_141711/N10/egn10w.3534E+02,good,tae,78.50422842186084,1,below_upper2,
nstx_141711/N10/egn10w.3771E+02,good,tae,233.3894753315422,1,below_upper2,
nstx_141711/N10/egn10w.4012E+02,good,tae,173.6623102564837,1,below_upper2,
nstx_141711/N10/egn10w.4285E+02,good,tae,137.0064880880443,1,below_upper2,
nstx_141711/N10/egn10w.4567E+02,good,tae,213.8986073646619,1,below_upper2,
nstx_141711/N10/egn10w.4978E+02,good,tae,239.9089643938796,1,below_upper2,
nstx_141711/N10/egn10w.5496E+02,good,tae,244.0885542607766,1,below_upper2,
nstx_141711/N10/egn10w.6177E+02,good,tae,246.2776674163388,0.9999992150032642,below_upper2,
nstx_141711/N10/egn10w.6830E+02,good,tae,237.5152741046214,0.9999999844363219,below_upper2,
nstx_141711/N10/egn10w.7518E+02,good,tae,235.0066450892598,0.9999999031867236,below_upper2,
nstx_141711/N10/egn10w.8537E+02,good,tae,216.2516759316765,0.9999910838042574,below_upper2,
nstx_141711/N10/egn10w.9564E+02,good,tae,209.2000638075751,0.9953855310514218,below_upper2,
nstxu_204202/N10/egn10w.3556E+02,good,tae,27.52173665771655,0.9988302080064341,below_upper2,
nstxu_204202/N10/egn10w.3991E+02,bad,none,19.46462957988269,0.9412281259055357,below_upper2,
nstxu_204202/N10/egn10w.4230E+02,bad,none,12.27123885904416,0.9836870721061289,below_upper2,
nstxu_204202/N10/egn10w.5250E+02,bad,none,6.637018594029341,0.8939056485032086,below_upper2,
nstxu_204202/N10/egn10w.5322E+02,bad,none,3.884762961763832,0.9353559920675019,below_upper2,
nstxu_204202/N10/egn10w.5521E+02,bad,none,7.158451681522211,0.9716004132094654,below_upper2,
nstxu_204202/N2/egn02w.6557E+01,good,tae,57.82405387578498,1,below_upper2,
nstxu_204202/N3/egn03w.5040E+02,bad,none,8.015793057203629,0.9740457197489062,below_upper2,
nstxu_204202/N3/egn03w.5139E+02,bad,none,6.725128605576504,0.9504532849067958,below_upper2,
nstxu_204202/N3/egn03w.5236E+02,bad,none,5.43941836683409,0.9146084574400833,below_upper2,
nstxu_204202/N3/egn03w.5330E+02,bad,none,4.516208134197748,0.8845935716590101,below_upper2,
nstxu_204202/N3/egn03w.5461E+02,good,tae,2.124296973433143,0.9620381589014672,below_upper2,
nstxu_204202/N3/egn03w.5470E+02,bad,none,0.9035927841086264,0.5648864053143263,below_upper2,
nstxu_204202/N3/egn03w.5830E+02,bad,none,4.165907719814053,0.8649235121574227,below_upper2,
nstxu_204202/N3/egn03w.5952E+02,bad,none,3.252780732729684,0.9137563332540293,below_upper2,
nstxu_204202/N4/egn04w.5390E+02,bad,none,7.834212761088289,0.9242009538641488,below_upper2,
nstxu_204202/N4/egn04w.5498E+02,bad,none,6.655929448817224,0.8894473499789537,below_upper2,
nstxu_204202/N4/egn04w.5610E+02,bad,none,3.811552067727336,0.7458908696118335,below_upper2,
nstxu_204202/N4/egn04w.5691E+02,bad,none,3.78483280397293,0.9916756856440542,below_upper2,
nstxu_204202/N4/egn04w.5978E+02,bad,none,3.860093570987383,0.8987948676931263,below_upper2,
nstxu_204202/N5/egn05w.4909E+02,bad,none,10.30258080297765,0.9388097791902201,below_upper2,
nstxu_204202/N5/egn05w.5039E+02,bad,none,8.675091115954867,0.8789977033987426,below_upper2,
nstxu_204202/N5/egn05w.5423E+02,bad,none,5.219287421377122,0.8880270789184325,below_upper2,
nstxu_204202/N5/egn05w.5445E+02,bad,none,3.726662012662896,0.795175607822289,below_upper2,
nstxu_204202/N5/egn05w.5473E+02,bad,none,3.712064043581127,0.9493310462272295,below_upper2,
nstxu_204202/N5/egn05w.5612E+02,bad,none,6.686038293956758,0.9356194514774163,below_upper2,
nstxu_204202/N5/egn05w.5727E+02,bad,none,5.075463917935728,0.8367961239527167,below_upper2,
nstxu_204202/N5/egn05w.5813E+02,bad,none,2.040906541725482,0.9258813126569582,below_upper2,
nstxu_204202/N6/egn06w.4500E+02,bad,none,11.71899408046109,0.9715166072278575,below_upper2,
nstxu_204202/N6/egn06w.4624E+02,bad,none,10.16833571713187,0.9073016955535225,below_upper2,
nstxu_204202/N6/egn06w.5134E+02,bad,none,6.056176423337045,0.9836694770993586,below_upper2,
nstxu_204202/N6/egn06w.5177E+02,bad,none,3.923170529684968,0.992080083163686,below_upper2,
nstxu_204202/N6/egn06w.5736E+02,bad,none,6.006874566692226,0.9006071185382886,below_upper2,
nstxu_204202/N6/egn06w.5856E+02,bad,none,3.965874387833736,0.8510605537023301,below_upper2,
nstxu_204202/N6/egn06w.6048E+02,bad,none,3.106610499162191,0.8798564269418714,below_upper2,
nstxu_204202/N7/egn07w.3718E+02,bad,none,22.69420631415433,0.9893192552224124,below_upper2,
nstxu_204202/N7/egn07w.4336E+02,bad,none,10.08520336659901,0.9693607796747645,below_upper2,
nstxu_204202/N7/egn07w.5453E+02,bad,none,5.389694525018094,0.9378967096074174,below_upper2,
nstxu_204202/N7/egn07w.5724E+02,bad,none,2.858605057686998,0.7799357568731579,below_upper2,
nstxu_204202/N7/egn07w.5737E+02,bad,none,2.422966882501944,0.7088578938611574,below_upper2,
nstxu_204202/N7/egn07w.5840E+02,bad,none,5.385353348470464,0.932317683251022,below_upper2,
nstxu_204202/N8/egn08w.3721E+02,good,tae,23.65152738420381,0.9996961799830727,below_upper2,
nstxu_204202/N8/egn08w.4585E+02,bad,none,11.04814417963742,0.8739020924863761,below_upper2,
nstxu_204202/N8/egn08w.5180E+02,bad,none,8.181097852267229,0.9806639391292651,below_upper2,
nstxu_204202/N8/egn08w.5262E+02,bad,none,5.548754837370258,0.9850118613124065,below_upper2,
nstxu_204202/N8/egn08w.5579E+02,bad,none,6.330415756675041,0.9738015896864267,below_upper2,
nstxu_204202/N8/egn08w.5676E+02,bad,none,5.937402577268489,0.8453428460588425,below_upper2,
nstxu_204202/N8/egn08w.5804E+02,bad,none,2.908464256970016,0.8042422045431219,below_upper2,
nstxu_204202/N8/egn08w.5882E+02,bad,none,5.349106144643966,0.945842176682275,below_upper2,
nstxu_204202/N9/egn09w.3737E+02,good,tae,22.86179684260221,0.993898081476947,below_upper2,
nstxu_204202/N9/egn09w.3911E+02,bad,none,18.88206655299765,0.9164726101985136,below_upper2,
nstxu_204202/N9/egn09w.4417E+02,bad,none,11.90148356360002,0.9161610454130982,below_upper2,
nstxu_204202/N9/egn09w.4979E+02,bad,none,6.665767100931353,0.9211221244309591,below_upper2,
nstxu_204202/N9/egn09w.5019E+02,bad,none,4.722730008572352,0.9861507594225151,below_upper2,
nstxu_204202/N9/egn09w.5431E+02,bad,none,5.157267220378608,0.7741296877210629,below_upper2,
nstx_120113/N1/egn01w.6266E+02,bad,none,1.428871051717117,0.66240407289573,below_upper2,
nstx_120113/N10/egn10w.6724E+02,bad,none,22.7011043190021,0.9472256316286061,below_upper2,
nstx_120113/N4/egn04w.6375E+02,bad,none,16.99358136744381,0.9511272806992752,below_upper2,
nstx_120113/N7/egn07w.6461E+02,bad,none,16.83407698745339,0.9053694796489209,below_upper2,
nstx_135388/N10/egn10w.1102E+03,bad,none,137.1615269582674,0.9226933391870047,below_upper2,
nstx_135388/N2/egn02w.1202E+03,bad,none,3.54662889990442,0.7241042900797389,below_upper2,
nstx_135388/N2/egn02w.1211E+03,bad,none,3.285840517651098,0.7535088485728912,below_upper2,
nstx_135388/N3/egn03w.1069E+03,bad,none,3.226082036890682,0.7743191119391234,below_upper2,
nstx_135388/N3/egn03w.1217E+03,bad,none,4.895179559718377,0.7545005679402788,below_upper2,
nstx_135388/N3/egn03w.1222E+03,bad,none,4.663898872892313,0.8131418892826052,below_upper2,
nstx_135388/N5/egn05w.1088E+03,bad,none,23.21642015562854,0.9406858523730033,below_upper2,
nstx_135388/N5/egn05w.1107E+03,bad,none,14.31283259033285,0.8446075203960661,below_upper2,
nstx_135388/N6/egn06w.9564E+02,bad,none,19.06328720432336,0.9115059818155862,below_upper2,
nstx_135388/N6/egn06w.9565E+02,bad,none,18.98763453407384,0.9106557742327693,below_upper2,
nstx_135388/N6/egn06w.9706E+02,bad,none,22.32312058850372,0.9172865602829552,below_upper2,
nstx_135388/N8/egn08w.1210E+03,bad,none,6.938643676619071,0.836885763227649,below_upper2,
nstx_135388/N8/egn08w.2220E+03,bad,none,460.5441722166698,0.6149798323892751,below_upper2,
nstx_141711/N10/egn10w.2337E+03,bad,none,26.91346141344014,0.9040856016443505,below_upper2,
nstx_141711/N10/egn10w.2383E+03,bad,none,21.05869235850396,0.9691738286148832,below_upper2,
nstx_141711/N10/egn10w.2415E+03,bad,none,16.45886746093632,0.9488764495860782,below_upper2,
nstx_141711/N10/egn10w.2424E+03,bad,none,11.47136101231859,0.96796626472627,below_upper2,
nstx_141711/N10/egn10w.2703E+03,bad,none,33.00842018615023,0.9585024987164881,below_upper2,
nstx_141711/N2/egn02w.1352E+03,bad,none,29.16353885658793,0.5226660214463298,below_upper2,
nstx_141711/N4/egn04w.1202E+03,bad,none,108.2008624636042,0.9905416446620207,below_upper2,
nstx_141711/N4/egn04w.1510E+03,bad,none,67.10978488966094,0.9648999976722239,below_upper2,
nstx_141711/N4/egn04w.2742E+03,bad,none,18.67429041645919,0.8350099183039131,below_upper2,
nstx_141711/N5/egn05w.1252E+03,bad,none,125.0999906345716,0.8865210612233096,below_upper2,
nstx_141711/N5/egn05w.2599E+03,bad,none,11.7069062233791,0.8849774881823698,below_upper2,
nstx_141711/N8/egn08w.1166E+03,bad,none,178.2941722758561,0.9791903216095549,below_upper2,
nstx_141711/N8/egn08w.2576E+03,bad,none,36.89823706340793,0.9240019893994854,below_upper2,
nstx_141711/N8/egn08w.2630E+03,bad,none,25.53900326565237,0.8926521401514249,below_upper2,
nstx_141711/N9/egn09w.2502E+03,bad,none,27.17406159735348,0.8297145945580015,below_upper2,
nstx_141711/N9/egn09w.2537E+03,bad,none,15.12549518869653,0.8903566201910013,below_upper2,
