path,validity,family,signed_delta,fraction_below_upper2,gap_region,error
nstxu_204202/N2/egn02w.1705E+02,bad,none,0.7286996297453535,1,below_upper2,
nstxu_204202/N7/egn07w.1291E+02,bad,none,0.991427474188661,1,below_upper2,
nstxu_204202/N5/egn05w.1124E+02,bad,none,0.9999328631848936,1,below_upper2,
nstxu_204202/N5/egn05w.1894E+02,bad,none,0.9765215954738896,1,below_upper2,
nstxu_204202/N6/egn06w.9707E+01,bad,none,0.9982981991841308,1,below_upper2,
nstxu_204202/N7/egn07w.2172E+02,bad,none,0.6852563178239213,0.5692167147829084,below_upper2,
nstxu_204202/N1/egn01w.1226E+02,bad,none,0.9563252622666907,1,below_upper2,
nstxu_204202/N6/egn06w.1097E+02,bad,none,0.9965707003403279,1,below_upper2,
nstxu_204202/N4/egn04w.5638E+01,bad,none,0.9957365930074421,1,below_upper2,
nstxu_204202/N10/egn10w.2918E+02,bad,none,0.8543897080099924,0.9264787100521776,below_upper2,
nstxu_204202/N8/egn08w.1612E+02,bad,none,0.9998241964308371,1,below_upper2,
nstxu_204202/N7/egn07w.1301E+02,bad,none,0.9945012757690501,1,below_upper2,
nstxu_204202/N6/egn06w.2649E+02,bad,none,0.6069763693189608,0.5557374937604969,below_upper2,
nstxu_204202/N10/egn10w.7180E+01,bad,none,0.9735098640480003,1,below_upper2,
nstxu_204202/N3/egn03w.2774E+02,bad,none,0.9630154861743164,0.9946459377668923,below_upper2,
nstxu_204202/N9/egn09w.3315E+02,bad,none,0.9220756768613251,0.9982494720858284,below_upper2,
nstxu_204202/N10/egn10w.1123E+02,bad,none,0.9713800933472508,1,below_upper2,
nstxu_204202/N4/egn04w.2111E+02,bad,none,0.6213810155713898,1,below_upper2,
nstxu_204202/N10/egn10w.9591E+01,bad,none,0.9911087984165627,1,below_upper2,
nstxu_204202/N3/egn03w.5199E+01,bad,none,0.9989507932293066,1,below_upper2,
nstxu_204202/N1/egn01w.2735E+02,bad,none,0.3631156250370606,1,below_upper2,
nstxu_204202/N7/egn07w.1316E+02,bad,none,0.9988221954688153,1,below_upper2,
nstxu_204202/N1/egn01w.4413E+02,bad,none,-0.07886722326192833,0.6482837153739721,above_upper2,
nstxu_204202/N6/egn06w.7722E+01,bad,none,0.9944534706380497,1,below_upper2,
nstxu_204202/N10/egn10w.6022E+01,bad,none,0.9752378691064462,1,below_upper2,
nstxu_204202/N6/egn06w.6043E+01,bad,none,0.9973055207063813,1,below_upper2,
nstxu_204202/N3/egn03w.6740E+01,bad,none,0.9966051986178744,1,below_upper2,
nstxu_204202/N7/egn07w.5606E+01,bad,none,0.997264856602869,1,below_upper2,
nstxu_204202/N10/egn10w.8050E+01,bad,none,0.9850875444300586,1,below_upper2,
nstxu_204202/N10/egn10w.1657E+02,bad,none,0.9999949964869272,1,below_upper2,
nstxu_204202/N7/egn07w.8196E+01,bad,none,0.9737647564375591,1,below_upper2,
nstxu_204202/N1/egn01w.1139E+02,bad,none,0.9986236424922352,1,below_upper2,
nstxu_204202/N10/egn10w.5558E+01,bad,none,0.9440483204385546,1,below_upper2,
nstxu_204202/N5/egn05w.2907E+02,good,tae,0.9812975310360224,1,below_upper2,
nstxu_204202/N10/egn10w.1012E+02,bad,none,0.9994006594516071,1,below_upper2,
nstxu_204202/N1/egn01w.9537E+01,bad,none,0.9819963926615756,1,below_upper2,
nstxu_204202/N7/egn07w.1322E+02,bad,none,0.9985170108187362,1,below_upper2,
nstxu_204202/N2/egn02w.1421E+02,bad,none,0.9982579825424351,1,below_upper2,
nstxu_204202/N8/egn08w.1573E+02,bad,none,0.9986322637021802,1,below_upper2,
nstxu_204202/N10/egn10w.5402E+01,bad,none,0.9511793446014114,1,below_upper2,
nstxu_204202/N7/egn07w.1277E+02,bad,none,0.99966993776965,1,below_upper2,
nstxu_204202/N6/egn06w.9214E+01,bad,none,0.9661286799963217,1,below_upper2,
nstxu_204202/N1/egn01w.9659E+01,bad,none,0.977617759077364,1,below_upper2,
nstxu_204202/N1/egn01w.9409E+01,bad,none,0.9819949930558027,1,below_upper2,
nstxu_204202/N8/egn08w.6595E+01,bad,none,0.9965358331899618,1,below_upper2,
nstxu_204202/N5/egn05w.2841E+02,bad,none,0.7419892349591705,1,below_upper2,
nstxu_204202/N5/egn05w.7010E+01,bad,none,0.9919752221772132,1,below_upper2,
nstxu_204202/N5/egn05w.9219E+01,bad,none,0.9943176652263447,1,below_upper2,
nstxu_204202/N9/egn09w.5962E+01,bad,none,0.9969278202258151,1,below_upper2,
nstxu_204202/N1/egn01w.1468E+02,bad,none,0.9973032510790714,1,below_upper2,
nstxu_204202/N4/egn04w.1333E+02,bad,none,0.9999648625398528,1,below_upper2,
nstxu_204202/N1/egn01w.9473E+01,bad,none,0.9826107629815906,1,below_upper2,
nstxu_204202/N10/egn10w.1690E+02,bad,none,0.973778960277892,1,below_upper2,
nstxu_204202/N6/egn06w.8580E+01,bad,none,0.9844574398239987,1,below_upper2,
nstxu_204202/N3/egn03w.2907E+02,bad,none,0.6001236308109842,0.6538835312943353,below_upper2,
nstxu_204202/N6/egn06w.9561E+01,bad,none,0.9972137593116567,1,below_upper2,
nstxu_204202/N10/egn10w.7437E+01,bad,none,0.9700298943261882,1,below_upper2,
nstxu_204202/N5/egn05w.7666E+01,bad,none,0.9748486539664011,1,below_upper2,
nstxu_204202/N7/egn07w.1344E+02,bad,none,0.9998920811073115,1,below_upper2,
nstxu_204202/N6/egn06w.9938E+01,bad,none,0.9991616722436295,1,below_upper2,
nstxu_204202/N6/egn06w.1049E+02,bad,none,0.9999901368994094,1,below_upper2,
nstxu_204202/N4/egn04w.1233E+02,bad,none,0.996950992734408,1,below_upper2,
nstxu_204202/N10/egn10w.9186E+01,bad,none,0.9952970644202959,1,below_upper2,
nstxu_204202/N9/egn09w.1241E+02,bad,none,0.9985490063440006,1,below_upper2,
nstxu_204202/N9/egn09w.6922E+01,bad,none,0.9230329494758923,1,below_upper2,
nstxu_204202/N7/egn07w.5229E+01,bad,none,0.9431090491272726,1,below_upper2,
nstxu_204202/N10/egn10w.1334E+02,bad,none,0.9999897644672665,1,below_upper2,
nstxu_204202/N9/egn09w.9649E+01,bad,none,0.9956987601149254,1,below_upper2,
nstxu_204202/N8/egn08w.5135E+01,bad,none,0.9977028972069061,1,below_upper2,
nstxu_204202/N5/egn05w.5249E+01,bad,none,0.9965247483782571,1,below_upper2,
nstxu_204202/N10/egn10w.1018E+02,bad,none,0.9996780394117036,1,below_upper2,
nstxu_204202/N7/egn07w.1340E+02,bad,none,0.999901011270322,1,below_upper2,
nstxu_204202/N10/egn10w.1245E+02,bad,none,0.9999631572392583,1,below_upper2,
nstxu_204202/N8/egn08w.6173E+01,bad,none,0.997331506321542,1,below_upper2,
nstxu_204202/N5/egn05w.6250E+01,bad,none,0.9967229675474156,1,below_upper2,
nstxu_204202/N8/egn08w.1583E+02,bad,none,0.999265769704237,1,below_upper2,
nstxu_204202/N7/egn07w.1311E+02,bad,none,0.9846139316559912,1,below_upper2,
nstxu_204202/N10/egn10w.9884E+01,bad,none,0.9985207731131558,1,below_upper2,
nstxu_204202/N10/egn10w.6610E+01,bad,none,0.9577446249624899,1,below_upper2,
nstxu_204202/N7/egn07w.1306E+02,bad,none,0.9976773482739332,1,below_upper2,
nstxu_204202/N5/egn05w.7891E+01,bad,none,0.9772309066591799,1,below_upper2,
nstxu_204202/N1/egn01w.9345E+01,bad,none,0.9802071996447512,1,below_upper2,
nstxu_204202/N7/egn07w.2109E+02,bad,none,0.9498968132910464,1,below_upper2,
nstxu_204202/N7/egn07w.1138E+02,bad,none,0.9999980258579101,1,below_upper2,
nstxu_204202/N1/egn01w.9599E+01,bad,none,0.9802716716574642,1,below_upper2,
nstxu_204202/N2/egn02w.2199E+02,bad,none,0.8540665547211103,1,below_upper2,
nstxu_204202/N9/egn09w.3285E+02,bad,none,0.9108192605204514,0.9671060595747268,below_upper2,
nstxu_204202/N10/egn10w.5883E+01,bad,none,0.9571306153532971,1,below_upper2,
nstxu_204202/N7/egn07w.5735E+01,bad,none,0.9930009480570946,1,below_upper2,
nstxu_204202/N7/egn07w.6822E+01,bad,none,0.9757676938886983,1,below_upper2,
nstxu_204202/N7/egn07w.1282E+02,bad,none,0.985170519900157,1,below_upper2,
nstxu_204202/N2/egn02w.7267E+01,bad,none,0.9766492268185841,1,below_upper2,
nstxu_204202/N10/egn10w.8645E+01,bad,none,0.9926692286251174,1,below_upper2,
nstxu_204202/N9/egn09w.3282E+02,bad,none,0.4478071756936415,0.6090517770148085,below_upper2,
nstxu_204202/N7/egn07w.1327E+02,bad,none,0.9908314198617633,1,below_upper2,
nstxu_204202/N9/egn09w.6742E+01,bad,none,0.9975205968587056,1,below_upper2,
nstxu_204202/N1/egn01w.3981E+02,bad,none,0.1748740951463496,0.5150689187654883,below_upper2,
nstxu_204202/N10/egn10w.9791E+01,bad,none,0.9974575268028362,1,below_upper2,
nstxu_204202/N6/egn06w.7662E+01,bad,none,0.9938504693118155,1,below_upper2,
nstxu_204202/N7/egn07w.2176E+02,bad,none,0.7470253766540065,0.6512689169434467,below_upper2,
nstxu_204202/N8/egn08w.1566E+02,bad,none,0.9986103675179451,1,below_upper2,
nstxu_204202/N5/egn05w.7562E+01,bad,none,0.975633492970133,1,below_upper2,
nstxu_204202/N9/egn09w.5840E+01,bad,none,0.9970112302845469,1,below_upper2,
nstxu_204202/N6/egn06w.9833E+01,bad,none,0.9989036085993515,1,below_upper2,
nstxu_204202/N5/egn05w.1086E+02,bad,none,0.9999433972804663,1,below_upper2,
nstxu_204202/N9/egn09w.2021E+02,bad,none,0.9801419174845682,1,below_upper2,
nstxu_204202/N10/egn10w.6723E+01,bad,none,0.9912082257940654,1,below_upper2,
nstxu_204202/N2/egn02w.1429E+02,bad,none,0.9987304226568583,1,below_upper2,
nstxu_204202/N4/egn04w.8247E+01,bad,none,0.9995443905219854,1,below_upper2,
nstxu_204202/N7/egn07w.1353E+02,bad,none,0.9998871441482359,1,below_upper2,
nstxu_204202/N6/egn06w.9396E+01,bad,none,0.9945008958541393,1,below_upper2,
nstxu_204202/N6/egn06w.1175E+02,bad,none,0.9999475875596205,1,below_upper2,
nstxu_204202/N7/egn07w.1602E+02,bad,none,0.9998420286810883,1,below_upper2,
nstxu_204202/N5/egn05w.6749E+01,bad,none,0.9927818232203843,1,below_upper2,
nstxu_204202/N5/egn05w.3044E+02,bad,none,0.4322199835022511,0.8953379676102399,below_upper2,
nstxu_204202/N5/egn05w.6678E+01,bad,none,0.9967299995184603,1,below_upper2,
nstxu_204202/N1/egn01w.4648E+02,bad,none,0.06790123621088043,0.5909640569165084,below_upper2,
nstxu_204202/N10/egn10w.6112E+01,bad,none,0.9592795793455902,1,below_upper2,
nstxu_204202/N10/egn10w.8334E+01,bad,none,0.9696299331871965,1,below_upper2,
nstxu_204202/N9/egn09w.6129E+01,bad,none,0.9511268332894635,1,below_upper2,
nstxu_204202/N5/egn05w.2900E+02,bad,none,0.2301816001582843,1,below_upper2,
nstxu_204202/N7/egn07w.5281E+01,bad,none,0.9690190837279585,1,below_upper2,
nstxu_204202/N9/egn09w.5255E+01,bad,none,0.9030530686250761,1,below_upper2,
nstxu_204202/N10/egn10w.6943E+01,bad,none,0.9686348593383884,1,below_upper2,
nstxu_204202/N3/egn03w.5865E+01,bad,none,0.9975863814033425,1,below_upper2,
nstxu_204202/N1/egn01w.6355E+01,bad,none,0.9948270683564835,1,below_upper2,
nstxu_204202/N4/egn04w.2191E+02,bad,none,0.8423423961237881,1,below_upper2,
nstxu_204202/N10/egn10w.2573E+02,bad,none,0.9917868149762937,1,below_upper2,
nstxu_204202/N10/egn10w.1303E+02,good,tae,0.9919655586608577,1,below_upper2,
nstxu_204202/N8/egn08w.1650E+02,good,tae,0.9944113590738999,1,below_upper2,
nstxu_204202/N7/egn07w.1819E+02,good,tae,0.9921063623739567,1,below_upper2,
nstxu_204202/N9/egn09w.3222E+02,good,tae,0.9486818328495512,0.9997216461106803,below_upper2,
nstxu_204202/N2/egn02w.6554E+01,good,tae,0.9970251607316675,1,below_upper2,
nstxu_204202/N9/egn09w.2201E+02,good,tae,0.9746976836554072,0.9999567911330619,below_upper2,
nstxu_204202/N6/egn06w.2315E+02,good,tae,0.9924609856985418,1,below_upper2,
nstxu_204202/N6/egn06w.1618E+02,good,tae,0.9931207822198512,1,below_upper2,
nstxu_204202/N4/egn04w.8263E+01,good,tae,0.9920675680837363,1,below_upper2,
nstxu_204202/N6/egn06w.1001E+02,good,tae,0.9991840707117537,1,below_upper2,
nstxu_204202/N8/egn08w.2651E+02,good,tae,0.9909897149695943,0.9997213252099616,below_upper2,
nstxu_204202/N10/egn10w.2604E+02,good,tae,0.9897573444984566,0.9998423796335868,below_upper2,
nstxu_204202/N7/egn07w.2851E+02,good,tae,0.9886927273319894,0.9988691240347738,below_upper2,
nstxu_204202/N9/egn09w.3289E+02,good,tae,0.9144293295396223,0.9962664600703076,below_upper2,
nstxu_204202/N7/egn07w.1667E+02,good,tae,0.993836406531864,1,below_upper2,
nstxu_204202/N9/egn09w.1439E+02,good,tae,0.9931301772255332,1,below_upper2,
nstxu_204202/N9/egn09w.1941E+02,good,tae,0.99272189809595,1,below_upper2,
nstxu_204202/N7/egn07w.1162E+02,good,tae,0.9949044465848069,1,below_upper2,
nstxu_204202/N5/egn05w.1358E+02,good,tae,0.9939827935324523,1,below_upper2,
nstxu_204202/N5/egn05w.1266E+02,good,tae,0.9949698185113177,1,below_upper2,
nstxu_204202/N9/egn09w.1562E+02,good,tae,0.99294071796932,1,below_upper2,
nstxu_204202/N3/egn03w.1359E+02,good,tae,0.9940739254274333,1,below_upper2,
nstxu_204202/N9/egn09w.3150E+02,good,tae,0.9873755435763422,0.9999982375792693,below_upper2,
nstxu_204202/N10/egn10w.1568E+02,good,tae,0.9942134216001062,1,below_upper2,
nstxu_204202/N8/egn08w.3013E+02,good,tae,0.9857579263605342,0.9969250101159658,below_upper2,
nstxu_204202/N9/egn09w.1091E+02,good,tae,0.9949217949323561,1,below_upper2,
nstxu_204202/N7/egn07w.3107E+02,good,tae,0.9836659168214305,0.9993087815083356,below_upper2,
nstxu_204202/N7/egn07w.8929E+01,good,tae,0.9924981691231491,1,below_upper2,
nstxu_204202/N8/egn08w.2323E+02,good,tae,0.988813557279829,0.9978186332330763,below_upper2,
nstxu_204202/N10/egn10w.2928E+02,good,tae,0.9902073369278757,0.9999143520009134,below_upper2,
nstxu_204202/N7/egn07w.1444E+02,good,tae,0.9948573171689286,1,below_upper2,
nstxu_204202/N3/egn03w.1740E+02,good,tae,0.9929562599412302,1,below_upper2,
nstxu_204202/N6/egn06w.1439E+02,good,tae,0.9944630781021446,1,below_upper2,
nstxu_204202/N5/egn05w.2135E+02,good,tae,0.9919910717590945,1,below_upper2,
nstxu_204202/N9/egn09w.1804E+02,good,tae,0.9937295770826539,1,below_upper2,
nstxu_204202/N10/egn10w.2074E+02,good,tae,0.9924190681616131,1,below_upper2,
nstxu_204202/N5/egn05w.2391E+02,good,tae,0.9910781298852301,1,below_upper2,
nstxu_204202/N4/egn04w.2078E+02,good,tae,0.9919371250051141,1,below_upper2,
nstxu_204202/N6/egn06w.9143E+01,good,tae,0.9955820571792633,1,below_upper2,
nstxu_204202/N8/egn08w.2025E+02,good,tae,0.9916326555824728,0.9999999993277852,below_upper2,
nstxu_204202/N7/egn07w.9477E+01,good,tae,0.9933743992001343,1,below_upper2,
nstxu_204202/N9/egn09w.9539E+01,good,tae,0.9944901529398009,1,below_upper2,
nstxu_204202/N10/egn10w.2304E+02,good,tae,0.9903894750622443,1,below_upper2,
nstxu_204202/N3/egn03w.6963E+01,good,tae,0.996589357240225,1,below_upper2,
nstxu_204202/N7/egn07w.1060E+02,good,tae,0.9945902380080227,1,below_upper2,
nstxu_204202/N5/egn05w.1651E+02,good,tae,0.9895381630888798,1,below_upper2,
nstxu_204202/N3/egn03w.7521E+01,good,tae,0.9951695127356555,1,below_upper2,
nstxu_204202/N6/egn06w.1899E+02,good,tae,0.9905013458413257,1,below_upper2,
nstxu_204202/N3/egn03w.1017E+02,good,tae,0.9951966871463972,1,below_upper2,
nstxu_204202/N4/egn04w.2635E+02,good,tae,0.9829844222031743,0.9999392388713322,below_upper2,
nstxu_204202/N7/egn07w.8631E+01,good,tae,0.9925012795190518,1,below_upper2,
nstxu_204202/N9/egn09w.1029E+02,good,tae,0.9948486039831145,1,below_upper2,
nstxu_204202/N8/egn08w.9915E+01,good,tae,0.9956105965173191,1,below_upper2,
nstxu_204202/N8/egn08w.1790E+02,good,tae,0.9933475662496601,1,below_upper2,
nstxu_204202/N9/egn09w.1197E+02,good,tae,0.9948586512070855,1,below_upper2,
nstxu_204202/N10/egn10w.1915E+02,good,tae,0.9939163811247385,1,below_upper2,
nstxu_204202/N6/egn06w.1273E+02,good,tae,0.9943936764286161,1,below_upper2,
nstxu_204202/N8/egn08w.3306E+02,good,tae,0.9815741638981458,0.9994921018939831,below_upper2,
nstxu_204202/N10/egn10w.1425E+02,good,tae,0.9949338144194063,1,below_upper2,
nstxu_204202/N6/egn06w.7914E+01,good,tae,0.9948153147704439,1,below_upper2,
nstxu_204202/N6/egn06w.2987E+02,good,tae,0.9820799252743766,0.9991357831099963,below_upper2,
nstxu_204202/N3/egn03w.9141E+01,good,tae,0.9961061990379212,1,below_upper2,
nstxu_204202/N9/egn09w.3423E+02,good,tae,0.9744798982980866,0.9997764542934243,below_upper2,
nstxu_204202/N10/egn10w.3236E+02,good,tae,0.9869546268442894,0.9998816843149614,below_upper2,
nstxu_204202/N8/egn08w.9247E+01,good,tae,0.9957505741469571,1,below_upper2,
nstxu_204202/N8/egn08w.1192E+02,good,tae,0.9928145303514744,1,below_upper2,
nstxu_204202/N8/egn08w.1072E+02,good,tae,0.9953013652531904,1,below_upper2,
nstxu_204202/N4/egn04w.1754E+02,good,tae,0.993091540070154,1,below_upper2,
nstxu_204202/N10/egn10w.1026E+02,good,tae,0.9946980001507597,1,below_upper2,
nstxu_204202/N4/egn04w.1363E+02,good,tae,0.9925817785966992,1,below_upper2,
nstx_120113/N1/egn01w.1388E+02,bad,none,0.6074252605036342,0.5559296031631688,below_upper2,
nstx_120113/N1/egn01w.1397E+02,bad,none,0.5916507445085146,0.5320956717039488,below_upper2,
nstx_120113/N1/egn01w.1406E+02,bad,none,0.5766306325811859,0.5110984649531027,below_upper2,
nstx_120113/N1/egn01w.1728E+02,bad,none,0.5046566050670124,0.5162155650364864,below_upper2,
nstx_120113/N10/egn10w.1089E+02,good,tae,0.9860784730356832,1,below_upper2,
nstx_120113/N10/egn10w.1224E+02,good,tae,0.9880439158802394,1,below_upper2,
nstx_120113/N10/egn10w.1368E+02,good,tae,0.9892566109060337,1,below_upper2,
nstx_120113/N10/egn10w.1534E+02,good,tae,0.9896700027154554,1,below_upper2,
nstx_120113/N10/egn10w.2032E+02,good,tae,0.988043372037528,0.9999802099192794,below_upper2,
nstx_120113/N10/egn10w.2299E+02,good,tae,0.9870743303901387,0.9999987636889771,below_upper2,
nstx_120113/N10/egn10w.2591E+02,good,tae,0.9837346878223364,0.9999695226584403,below_upper2,
nstx_120113/N10/egn10w.2945E+02,good,tae,0.9658974844631696,0.9982222614790711,below_upper2,
nstx_120113/N10/egn10w.4548E+02,bad,none,0.3366837103205596,0.9563716468739967,below_upper2,
nstx_120113/N10/egn10w.4585E+02,bad,none,0.3027869199699194,0.9943577716799016,below_upper2,
nstx_120113/N10/egn10w.4695E+02,bad,none,0.6938696471505336,0.9902599193733875,below_upper2,
nstx_120113/N10/egn10w.5042E+02,bad,none,0.590597252390501,0.9562029464228848,below_upper2,
nstx_120113/N10/egn10w.5561E+02,bad,none,0.7227727680550753,0.9894510099967065,below_upper2,
nstx_120113/N10/egn10w.9347E+01,good,tae,0.9706669710333222,1,below_upper2,
nstx_120113/N10/egn10w.9510E+01,good,tae,0.9421251957107332,1,below_upper2,
nstx_120113/N2/egn02w.1062E+02,bad,none,0.9687370576169201,1,below_upper2,
nstx_120113/N2/egn02w.1088E+02,bad,none,0.7137476562638113,1,below_upper2,
nstx_120113/N2/egn02w.1148E+02,good,tae,0.9455557340380806,1,below_upper2,
nstx_120113/N2/egn02w.1239E+02,good,tae,0.946139107827074,1,below_upper2,
nstx_120113/N2/egn02w.1609E+02,bad,none,0.3389269303336078,1,below_upper2,
nstx_120113/N3/egn03w.5807E+01,good,tae,0.9915219963135283,1,below_upper2,
nstx_120113/N3/egn03w.6981E+01,bad,none,0.8166966594883571,1,below_upper2,
nstx_120113/N4/egn04w.1052E+02,bad,none,0.8328794431622304,1,below_upper2,
nstx_120113/N4/egn04w.1223E+02,good,tae,0.9776163535574038,1,below_upper2,
nstx_120113/N4/egn04w.1498E+02,good,tae,0.9791080767960212,1,below_upper2,
nstx_120113/N4/egn04w.2334E+02,good,tae,0.9703086776232274,0.9989323913263043,below_upper2,
nstx_120113/N4/egn04w.4455E+02,bad,none,0.2745132791620852,0.874387406854867,below_upper2,
nstx_120113/N4/egn04w.4463E+02,bad,none,0.240033868796813,0.8343620322599243,below_upper2,
nstx_120113/N4/egn04w.5581E+02,bad,none,0.6076435603004505,0.9810121493921907,below_upper2,
nstx_120113/N4/egn04w.6761E+01,bad,none,0.9327977181986367,1,below_upper2,
nstx_120113/N4/egn04w.8865E+01,bad,none,0.8665600571191139,1,below_upper2,
nstx_120113/N4/egn04w.8937E+01,bad,none,0.8696841088703759,1,below_upper2,
nstx_120113/N4/egn04w.8982E+01,bad,none,0.876689541278874,1,below_upper2,
nstx_120113/N4/egn04w.9018E+01,bad,none,0.9133755892576778,1,below_upper2,
nstx_120113/N4/egn04w.9059E+01,bad,none,0.8630559501261861,1,below_upper2,
nstx_120113/N4/egn04w.9198E+01,bad,none,0.886637418865178,1,below_upper2,
nstx_120113/N4/egn04w.9355E+01,bad,none,0.89250662681117,1,below_upper2,
nstx_120113/N4/egn04w.9419E+01,bad,none,0.908952596845681,1,below_upper2,
nstx_120113/N4/egn04w.9542E+01,bad,none,0.8599197284696123,1,below_upper2,
nstx_120113/N4/egn04w.9876E+01,good,tae,0.9575826437378269,1,below_upper2,
nstx_120113/N5/egn05w.1009E+02,good,tae,0.9491783256401558,1,below_upper2,
nstx_120113/N5/egn05w.1161E+02,bad,none,0.9255901595843445,1,below_upper2,
nstx_120113/N5/egn05w.1185E+02,bad,none,0.5785228907018064,1,below_upper2,
nstx_120113/N5/egn05w.1205E+02,bad,none,0.812402653046252,1,below_upper2,
nstx_120113/N5/egn05w.1226E+02,good,tae,0.9840137158194886,1,below_upper2,
nstx_120113/N5/egn05w.1259E+02,bad,none,0.3644547596350052,1,below_upper2,
nstx_120113/N5/egn05w.1279E+02,bad,none,0.2846832625066224,1,below_upper2,
nstx_120113/N5/egn05w.1530E+02,good,tae,0.9852824739959053,0.9999706565487659,below_upper2,
nstx_120113/N5/egn05w.1806E+02,good,tae,0.9847749064512541,0.9998505537088395,below_upper2,
nstx_120113/N5/egn05w.2829E+02,bad,none,0.8949625138770584,0.9054284240688786,below_upper2,
nstx_120113/N5/egn05w.4734E+02,bad,none,0.5638322745590928,0.9746364258951862,below_upper2,
nstx_120113/N5/egn05w.4776E+02,bad,none,0.4870190251907583,0.8727376293558168,below_upper2,
nstx_120113/N5/egn05w.4796E+02,bad,none,0.4619924811208427,0.7888306459849072,below_upper2,
nstx_120113/N5/egn05w.5462E+02,bad,none,-0.07077515961431749,0.653549840895277,above_upper2,
nstx_120113/N5/egn05w.5472E+02,bad,none,-0.08962098835409414,0.6088035822498536,above_upper2,
nstx_120113/N5/egn05w.5637E+02,bad,none,0.9594973227430638,0.9809738689345218,below_upper2,
nstx_120113/N5/egn05w.5774E+02,bad,none,0.5785124956424423,0.971628011323879,below_upper2,
nstx_120113/N5/egn05w.9885E+01,bad,none,0.8470992001489183,1,below_upper2,
nstx_120113/N6/egn06w.1055E+02,good,tae,0.9805690010055912,1,below_upper2,
nstx_120113/N6/egn06w.1147E+02,bad,none,0.7759552982550846,1,below_upper2,
nstx_120113/N6/egn06w.1202E+02,good,tae,0.9821522894069566,1,below_upper2,
nstx_120113/N6/egn06w.1418E+02,good,tae,0.984338738862784,1,below_upper2,
nstx_120113/N6/egn06w.1472E+02,good,tae,0.9817543962275825,1,below_upper2,
nstx_120113/N6/egn06w.1484E+02,bad,none,0.9862382844693977,1,below_upper2,
nstx_120113/N6/egn06w.2071E+02,good,tae,0.9837106868086659,0.9999824012393532,below_upper2,
nstx_120113/N6/egn06w.3039E+02,bad,none,0.8266173623045098,0.8062307482096284,below_upper2,
nstx_120113/N6/egn06w.5002E+02,bad,none,0.6148942197842893,0.9946387204720724,below_upper2,
nstx_120113/N6/egn06w.5046E+02,bad,none,0.4813205159907233,0.9191597182160935,below_upper2,
nstx_120113/N6/egn06w.5825E+02,bad,none,0.6441353798103184,0.9673186877099069,below_upper2,
nstx_120113/N6/egn06w.8903E+01,bad,none,0.9860533476333831,1,below_upper2,
nstx_120113/N6/egn06w.8975E+01,bad,none,0.9898484382017112,1,below_upper2,
nstx_120113/N6/egn06w.9044E+01,bad,none,0.9946494869909354,1,below_upper2,
nstx_120113/N6/egn06w.9087E+01,bad,none,0.972098921970056,1,below_upper2,
nstx_120113/N6/egn06w.9281E+01,good,tae,0.8834859828515431,1,below_upper2,
nstx_120113/N6/egn06w.9423E+01,good,tae,0.9540858649035399,1,below_upper2,
nstx_120113/N6/egn06w.9881E+01,bad,none,0.9715087979052672,1,below_upper2,
nstx_120113/N7/egn07w.1057E+02,good,tae,0.9862763771654153,1,below_upper2,
nstx_120113/N7/egn07w.1117E+02,bad,none,0.9996224504044727,1,below_upper2,
nstx_120113/N7/egn07w.1121E+02,bad,none,0.9994470517077582,1,below_upper2,
nstx_120113/N7/egn07w.1130E+02,bad,none,0.9990868398691199,1,below_upper2,
nstx_120113/N7/egn07w.1146E+02,bad,none,0.9959658604348104,1,below_upper2,
nstx_120113/N7/egn07w.1162E+02,bad,none,0.9984514826120746,1,below_upper2,
nstx_120113/N7/egn07w.1187E+02,good,tae,0.9868556645230191,1,below_upper2,
nstx_120113/N7/egn07w.1216E+02,bad,none,0.9986806576443359,1,below_upper2,
nstx_120113/N7/egn07w.1639E+02,good,tae,0.986829775395434,0.9999619117673486,below_upper2,
nstx_120113/N7/egn07w.1976E+02,good,tae,0.9869664635221995,0.9999873732351097,below_upper2,
nstx_120113/N7/egn07w.2630E+02,bad,none,0.9765638518005634,0.9936198481311027,below_upper2,
nstx_120113/N7/egn07w.3192E+02,bad,none,0.8845948279334487,0.9124301061983742,below_upper2,
nstx_120113/N7/egn07w.4543E+02,bad,none,0.5278500003928086,0.931739233232648,below_upper2,
nstx_120113/N7/egn07w.4562E+02,bad,none,0.490790643467264,0.8180229381864348,below_upper2,
nstx_120113/N7/egn07w.4985E+02,bad,none,0.6933392079977614,0.8564382444117621,below_upper2,
nstx_120113/N7/egn07w.5141E+02,bad,none,-0.02574879933464698,0.703225759289,above_upper2,
nstx_120113/N7/egn07w.5154E+02,bad,none,0.629485298841987,0.8868157180973202,below_upper2,
nstx_120113/N7/egn07w.5162E+02,bad,none,-0.02759002902302241,0.7671961778158058,above_upper2,
nstx_120113/N7/egn07w.5230E+02,bad,none,0.4062645412456574,0.9735878355062977,below_upper2,
nstx_120113/N7/egn07w.6041E+01,bad,none,0.9596192462651807,1,below_upper2,
nstx_120113/N8/egn08w.1032E+02,good,tae,0.9814673823757833,1,below_upper2,
nstx_120113/N8/egn08w.1172E+02,good,tae,0.9859389486795331,1,below_upper2,
nstx_120113/N8/egn08w.1321E+02,good,tae,0.9871610968470058,1,below_upper2,
nstx_120113/N8/egn08w.1530E+02,good,tae,0.9875023322428887,1,below_upper2,
nstx_120113/N8/egn08w.1802E+02,good,tae,0.9870933549635402,0.9988843097083842,below_upper2,
nstx_120113/N8/egn08w.2101E+02,good,tae,0.9875128833932513,0.999997190784904,below_upper2,
nstx_120113/N8/egn08w.2397E+02,good,tae,0.9858606028483566,0.9999776830592686,below_upper2,
nstx_120113/N8/egn08w.2765E+02,bad,none,0.9745167102700255,0.9960637679734341,below_upper2,
nstx_120113/N8/egn08w.4617E+02,bad,none,0.686760541104296,0.9246071380851789,below_upper2,
nstx_120113/N8/egn08w.4740E+02,bad,none,0.5390822170676001,0.9847243277551901,below_upper2,
nstx_120113/N8/egn08w.5127E+02,bad,none,0.7355794489923041,0.9418565802948152,below_upper2,
nstx_120113/N8/egn08w.5319E+02,bad,none,0.6171023448546487,0.891093856975077,below_upper2,
nstx_120113/N8/egn08w.9014E+01,good,tae,0.9420332716179841,1,below_upper2,
nstx_120113/N8/egn08w.9477E+01,good,tae,0.9467208085687507,1,below_upper2,
nstx_120113/N9/egn09w.1011E+02,good,tae,0.9851805679745765,1,below_upper2,
nstx_120113/N9/egn09w.1136E+02,good,tae,0.9872684935521868,1,below_upper2,
nstx_120113/N9/egn09w.1638E+02,good,tae,0.9878472022606944,0.9999995281574111,below_upper2,
nstx_120113/N9/egn09w.2203E+02,good,tae,0.9875995870416827,0.9999904266283455,below_upper2,
nstx_120113/N9/egn09w.2509E+02,good,tae,0.9852469084133063,0.9998613199781478,below_upper2,
nstx_120113/N9/egn09w.2877E+02,good,tae,0.9738031895523068,0.9979035132129547,below_upper2,
nstx_120113/N9/egn09w.4356E+02,bad,none,0.5724490291331026,0.9534434996219172,below_upper2,
nstx_120113/N9/egn09w.4398E+02,bad,none,0.5196872210895399,0.8543842976514299,below_upper2,
nstx_120113/N9/egn09w.4423E+02,bad,none,0.4743378919606735,0.9515401114589129,below_upper2,
nstx_120113/N9/egn09w.4806E+02,bad,none,0.7632504532124094,0.9946150887117026,below_upper2,
nstx_120113/N9/egn09w.4885E+02,bad,none,0.6211497817300388,0.9442985450271808,below_upper2,
nstx_120113/N9/egn09w.5240E+01,bad,none,0.9912470242393686,1,below_upper2,
nstx_120113/N9/egn09w.5398E+02,bad,none,0.6338175475924362,0.917911270900381,below_upper2,
nstx_120113/N9/egn09w.9464E+01,good,tae,0.9214455125213498,1,below_upper2,
nstx_120113/N9/egn09w.9909E+01,good,tae,0.9609773159350914,1,below_upper2,
nstx_135388/N1/egn01w.1384E+02,bad,none,0.9968227420369326,1,below_upper2,
nstx_135388/N1/egn01w.1934E+02,bad,none,0.9958787637483103,1,below_upper2,
nstx_135388/N1/egn01w.1963E+02,bad,none,0.9956482164700552,1,below_upper2,
nstx_135388/N1/egn01w.1991E+02,bad,none,0.9953958024321811,1,below_upper2,
nstx_135388/N1/egn01w.2018E+02,bad,none,0.9951600009019169,1,below_upper2,
nstx_135388/N1/egn01w.2068E+02,bad,none,0.993262032234004,1,below_upper2,
nstx_135388/N1/egn01w.2092E+02,bad,none,0.9929905372914944,1,below_upper2,
nstx_135388/N1/egn01w.2115E+02,bad,none,0.9924287141940962,1,below_upper2,
nstx_135388/N1/egn01w.2137E+02,bad,none,0.9917534321352541,1,below_upper2,
nstx_135388/N1/egn01w.2159E+02,bad,none,0.9909885498894491,1,below_upper2,
nstx_135388/N1/egn01w.2180E+02,bad,none,0.9901361736661699,1,below_upper2,
nstx_135388/N1/egn01w.2200E+02,bad,none,0.9891928390965058,1,below_upper2,
nstx_135388/N1/egn01w.2220E+02,bad,none,0.9879690632927908,1,below_upper2,
nstx_135388/N1/egn01w.2239E+02,bad,none,0.9865310964021696,1,below_upper2,
nstx_135388/N1/egn01w.2277E+02,bad,none,0.9843405552360157,1,below_upper2,
nstx_135388/N1/egn01w.2296E+02,bad,none,0.9828351451005015,1,below_upper2,
nstx_135388/N1/egn01w.2732E+02,good,tae,0.9266504202403016,1,below_upper2,
nstx_135388/N1/egn01w.2876E+02,bad,none,0.907697547293748,1,below_upper2,
nstx_135388/N1/egn01w.2885E+02,bad,none,0.9103621590851017,1,below_upper2,
nstx_135388/N1/egn01w.2905E+02,bad,none,0.9411923053135971,1,below_upper2,
nstx_135388/N1/egn01w.3423E+02,bad,none,0.9073850749848196,1,below_upper2,
nstx_135388/N10/egn10w.1031E+02,bad,none,0.9989477887281883,1,below_upper2,
nstx_135388/N10/egn10w.1057E+02,bad,none,0.9990757903804937,1,below_upper2,
nstx_135388/N10/egn10w.1113E+03,bad,none,0.6073502035854332,0.8576002808716355,below_upper2,
nstx_135388/N10/egn10w.1143E+02,bad,none,0.9988657677499468,1,below_upper2,
nstx_135388/N10/egn10w.1150E+03,bad,none,0.6854044502603736,0.8944924918163996,below_upper2,
nstx_135388/N10/egn10w.1184E+02,bad,none,0.9986204072399526,1,below_upper2,
nstx_135388/N10/egn10w.1611E+02,bad,none,0.9979787453230151,1,below_upper2,
nstx_135388/N10/egn10w.1906E+02,bad,none,0.9976311726532783,1,below_upper2,
nstx_135388/N10/egn10w.2001E+02,bad,none,0.9974956742549832,1,below_upper2,
nstx_135388/N10/egn10w.2033E+02,bad,none,0.9984540754437489,1,below_upper2,
nstx_135388/N10/egn10w.2055E+02,bad,none,0.9994243221025911,1,below_upper2,
nstx_135388/N10/egn10w.2074E+02,bad,none,0.8948480560833988,1,below_upper2,
nstx_135388/N10/egn10w.2094E+02,good,tae,0.9969557891385429,1,below_upper2,
nstx_135388/N10/egn10w.2132E+02,bad,none,0.8963634618609797,1,below_upper2,
nstx_135388/N10/egn10w.2601E+02,good,tae,0.9964282721660237,1,below_upper2,
nstx_135388/N10/egn10w.2649E+02,bad,none,0.9165914876991721,1,below_upper2,
nstx_135388/N10/egn10w.2680E+02,good,tae,0.9138847114426683,1,below_upper2,
nstx_135388/N10/egn10w.2703E+02,good,tae,0.9962536620633248,1,below_upper2,
nstx_135388/N10/egn10w.2723E+02,good,tae,0.7466367301355559,1,below_upper2,
nstx_135388/N10/egn10w.2742E+02,good,tae,0.9200282367491179,1,below_upper2,
nstx_135388/N10/egn10w.2748E+02,bad,none,0.988545783191955,1,below_upper2,
nstx_135388/N10/egn10w.2832E+02,good,tae,0.9418060225277406,1,below_upper2,
nstx_135388/N10/egn10w.2864E+02,good,tae,0.996085884490696,1,below_upper2,
nstx_135388/N10/egn10w.3008E+02,good,tae,0.8886078183363575,1,below_upper2,
nstx_135388/N10/egn10w.3102E+02,good,tae,0.9960479752114293,1,below_upper2,
nstx_135388/N10/egn10w.3169E+02,good,tae,0.948484783430096,1,below_upper2,
nstx_135388/N10/egn10w.3245E+02,good,tae,0.994832636639878,1,below_upper2,
nstx_135388/N10/egn10w.3375E+02,good,tae,0.9655073558376215,0.999999996757528,below_upper2,
nstx_135388/N10/egn10w.3492E+02,good,tae,0.9937236921051416,0.9999999999562769,below_upper2,
nstx_135388/N10/egn10w.3656E+02,bad,none,0.8855014504625354,0.9999878698429704,below_upper2,
nstx_135388/N10/egn10w.3674E+02,good,tae,0.9931120395544345,0.9999999835047978,below_upper2,
nstx_135388/N10/egn10w.3932E+02,good,tae,0.9921122908574909,0.999998967074872,below_upper2,
nstx_135388/N10/egn10w.4242E+02,good,tae,0.9929129240561304,0.9999999192395778,below_upper2,
nstx_135388/N10/egn10w.4546E+02,good,tae,0.97692017066722,0.9998558947100712,below_upper2,
nstx_135388/N10/egn10w.4807E+02,good,tae,0.9836705585342542,0.9999999847133632,below_upper2,
nstx_135388/N10/egn10w.5222E+02,good,tae,0.9755896589892605,0.9999999783603867,below_upper2,
nstx_135388/N10/egn10w.5526E+02,good,tae,0.9786514731281962,0.9999999507039057,below_upper2,
nstx_135388/N10/egn10w.5988E+02,good,tae,0.9543246971490852,0.9999998329221523,below_upper2,
nstx_135388/N10/egn10w.6459E+02,good,tae,0.8720478526943852,0.9999998019757106,below_upper2,
nstx_135388/N10/egn10w.6962E+02,good,tae,0.8254768909580504,0.9999868263758747,below_upper2,
nstx_135388/N10/egn10w.7465E+02,good,tae,0.8201850651475712,0.9999560642668421,below_upper2,
nstx_135388/N10/egn10w.7952E+02,good,tae,0.8605312619383294,0.9994363529496374,below_upper2,
nstx_135388/N10/egn10w.8535E+02,bad,none,0.7168802513206368,0.9993185900226152,below_upper2,
nstx_135388/N10/egn10w.9310E+02,good,tae,0.7470109152147238,0.9591355468139469,below_upper2,
nstx_135388/N2/egn02w.1187E+03,bad,none,0.5019716404648631,0.8575660358818938,below_upper2,
nstx_135388/N2/egn02w.1205E+02,bad,none,0.9980990923781325,1,below_upper2,
nstx_135388/N2/egn02w.1612E+02,good,tae,0.9991153840688567,1,below_upper2,
nstx_135388/N2/egn02w.1754E+02,good,tae,0.9984758722398189,1,below_upper2,
nstx_135388/N2/egn02w.1770E+02,good,tae,0.9985089208113991,1,below_upper2,
nstx_135388/N2/egn02w.2436E+02,bad,none,0.9106173002562977,1,below_upper2,
nstx_135388/N2/egn02w.2444E+02,bad,none,0.9856990278287289,1,below_upper2,
nstx_135388/N2/egn02w.2470E+02,bad,none,0.9870907007577113,1,below_upper2,
nstx_135388/N2/egn02w.2483E+02,bad,none,0.9705828619632261,1,below_upper2,
nstx_135388/N2/egn02w.2504E+02,bad,none,0.9878446529860782,1,below_upper2,
nstx_135388/N2/egn02w.2528E+02,bad,none,0.9934512921106742,1,below_upper2,
nstx_135388/N2/egn02w.2560E+02,bad,none,0.9588361870016208,1,below_upper2,
nstx_135388/N2/egn02w.2608E+02,bad,none,0.8864429303597446,1,below_upper2,
nstx_135388/N2/egn02w.2662E+02,bad,none,0.8521491721493799,1,below_upper2,
nstx_135388/N2/egn02w.2759E+02,good,tae,0.8047248741097256,1,below_upper2,
nstx_135388/N2/egn02w.3004E+02,good,tae,0.9617950914114761,1,below_upper2,
nstx_135388/N2/egn02w.3170E+02,good,tae,0.7949337921090688,1,below_upper2,
nstx_135388/N2/egn02w.3452E+02,bad,none,0.9830278833547108,1,below_upper2,
nstx_135388/N2/egn02w.3540E+02,good,tae,0.981786407384915,0.9999494217134345,below_upper2,
nstx_135388/N2/egn02w.4231E+02,bad,none,0.9158842281343332,0.8792106191909217,below_upper2,
nstx_135388/N2/egn02w.6062E+02,bad,none,0.9804001402939798,0.9917870312502129,below_upper2,
nstx_135388/N3/egn03w.1032E+02,bad,none,0.9984483910352893,1,below_upper2,
nstx_135388/N3/egn03w.1151E+03,bad,none,0.583796993663354,0.7454710009489026,below_upper2,
nstx_135388/N3/egn03w.1321E+02,bad,none,0.9982909317643982,1,below_upper2,
nstx_135388/N3/egn03w.1541E+02,good,tae,0.998103012030536,1,below_upper2,
nstx_135388/N3/egn03w.2023E+02,bad,none,0.9968591362247042,1,below_upper2,
nstx_135388/N3/egn03w.2326E+02,bad,none,0.7052863678874356,1,below_upper2,
nstx_135388/N3/egn03w.2558E+02,good,tae,0.979878975630155,1,below_upper2,
nstx_135388/N3/egn03w.2677E+02,bad,none,0.9946097521658328,1,below_upper2,
nstx_135388/N3/egn03w.2764E+02,good,tae,0.8092471043463155,1,below_upper2,
nstx_135388/N3/egn03w.2917E+02,good,tae,0.7971246452473875,1,below_upper2,
nstx_135388/N3/egn03w.2999E+02,bad,none,0.6818434330370091,1,below_upper2,
nstx_135388/N3/egn03w.3194E+02,good,tae,0.966545054384256,1,below_upper2,
nstx_135388/N3/egn03w.3321E+02,good,tae,0.9352054920211392,1,below_upper2,
nstx_135388/N3/egn03w.4022E+02,good,tae,0.9876775370965037,0.9957342779810894,below_upper2,
nstx_135388/N3/egn03w.4409E+02,bad,none,0.9636884184271114,0.9571590886015623,below_upper2,
nstx_135388/N3/egn03w.4432E+02,good,tae,0.9881275519449647,0.9963388501853814,below_upper2,
nstx_135388/N3/egn03w.5495E+02,good,tae,0.9865987200019366,0.9994823000823159,below_upper2,
nstx_135388/N3/egn03w.7148E+02,bad,none,0.9235277089422345,0.9438696128449385,below_upper2,
nstx_135388/N4/egn04w.1061E+02,bad,none,0.9985660506342364,1,below_upper2,
nstx_135388/N4/egn04w.1135E+03,bad,none,0.5281254773948555,0.9402651173526282,below_upper2,
nstx_135388/N4/egn04w.1894E+02,good,tae,0.9958761626290443,1,below_upper2,
nstx_135388/N4/egn04w.1910E+02,good,tae,0.9973575377781178,1,below_upper2,
nstx_135388/N4/egn04w.2013E+02,good,tae,0.9967841820140668,1,below_upper2,
nstx_135388/N4/egn04w.2230E+02,bad,none,0.7306463030504132,1,below_upper2,
nstx_135388/N4/egn04w.2289E+02,good,tae,0.9963764820193415,1,below_upper2,
nstx_135388/N4/egn04w.2792E+02,good,tae,0.9682309802041623,1,below_upper2,
nstx_135388/N4/egn04w.2835E+02,good,tae,0.8597009004245935,1,below_upper2,
nstx_135388/N4/egn04w.2986E+02,bad,none,0.6147198002723286,1,below_upper2,
nstx_135388/N4/egn04w.3241E+02,good,tae,0.9620241117918165,0.9999393819848107,below_upper2,
nstx_135388/N4/egn04w.3287E+02,good,tae,0.8947893302732957,0.9996352350832092,below_upper2,
nstx_135388/N4/egn04w.3862E+02,good,tae,0.9946363893559298,0.9997223512679344,below_upper2,
nstx_135388/N4/egn04w.4640E+02,good,tae,0.9939719739903641,0.9999220429548058,below_upper2,
nstx_135388/N4/egn04w.5200E+02,good,tae,0.9932820031789013,0.9998951989623963,below_upper2,
nstx_135388/N4/egn04w.6101E+02,good,tae,0.9902447224581494,0.9993390115727883,below_upper2,
nstx_135388/N4/egn04w.7341E+02,bad,none,0.9792726726905385,0.9956683588195092,below_upper2,
nstx_135388/N4/egn04w.7833E+02,bad,none,0.9834599080947217,0.9962530811338177,below_upper2,
nstx_135388/N5/egn05w.1073E+03,bad,none,0.8114080251652734,0.9106999668832272,below_upper2,
nstx_135388/N5/egn05w.1083E+03,bad,none,0.7133382833535921,0.9842427744319219,below_upper2,
nstx_135388/N5/egn05w.1186E+03,bad,none,0.607505685406063,0.8704438914691603,below_upper2,
nstx_135388/N5/egn05w.1528E+02,bad,none,0.9978834755093774,1,below_upper2,
nstx_135388/N5/egn05w.1626E+02,bad,none,0.9986122592259222,1,below_upper2,
nstx_135388/N5/egn05w.1702E+02,good,tae,0.9982915504560625,1,below_upper2,
nstx_135388/N5/egn05w.1781E+02,good,tae,0.9981160639441611,1,below_upper2,
nstx_135388/N5/egn05w.1917E+02,good,tae,0.997808629534745,1,below_upper2,
nstx_135388/N5/egn05w.2098E+02,good,tae,0.9973701503250436,1,below_upper2,
nstx_135388/N5/egn05w.2653E+02,bad,none,0.729026124731485,1,below_upper2,
nstx_135388/N5/egn05w.2892E+02,bad,none,0.8095284530288428,1,below_upper2,
nstx_135388/N5/egn05w.2950E+02,good,tae,0.9533147064114834,0.999987326121433,below_upper2,
nstx_135388/N5/egn05w.3057E+02,good,tae,0.993867363369242,0.999990810778856,below_upper2,
nstx_135388/N5/egn05w.3249E+02,good,tae,0.9270703349898674,0.9980581160945119,below_upper2,
nstx_135388/N5/egn05w.3570E+02,good,tae,0.9956824807432877,0.9999949329586546,below_upper2,
nstx_135388/N5/egn05w.3740E+02,bad,none,0.9940036286831204,0.9999791778676678,below_upper2,
nstx_135388/N5/egn05w.4285E+02,good,tae,0.994324225198002,0.9999996369316118,below_upper2,
nstx_135388/N5/egn05w.5005E+02,good,tae,0.9928420324482037,0.9999835789024095,below_upper2,
nstx_135388/N5/egn05w.5648E+02,good,tae,0.9918528872585569,0.9999080301922125,below_upper2,
nstx_135388/N5/egn05w.6203E+02,good,tae,0.9897168388707532,0.9996789330329831,below_upper2,
nstx_135388/N5/egn05w.7266E+02,good,tae,0.9796884252523095,0.9994685724021021,below_upper2,
nstx_135388/N6/egn06w.1028E+03,bad,none,0.7416768432942531,0.9637056152969207,below_upper2,
nstx_135388/N6/egn06w.1606E+02,bad,none,0.9997284008829177,1,below_upper2,
nstx_135388/N6/egn06w.1639E+02,bad,none,0.9979009084430358,1,below_upper2,
nstx_135388/N6/egn06w.2105E+02,good,tae,0.9967199805525164,1,below_upper2,
nstx_135388/N6/egn06w.2240E+02,bad,none,0.9983427809645343,1,below_upper2,
nstx_135388/N6/egn06w.2279E+02,good,tae,0.9967867715139888,1,below_upper2,
nstx_135388/N6/egn06w.2450E+02,good,tae,0.9967047963158711,1,below_upper2,
nstx_135388/N6/egn06w.2682E+02,good,tae,0.9051068292116597,1,below_upper2,
nstx_135388/N6/egn06w.2719E+02,bad,none,0.7117449613753645,1,below_upper2,
nstx_135388/N6/egn06w.2786E+02,good,tae,0.9202866584690766,1,below_upper2,
nstx_135388/N6/egn06w.2864E+02,bad,none,0.9963721786570949,1,below_upper2,
nstx_135388/N6/egn06w.3008E+02,good,tae,0.8738077365919497,1,below_upper2,
nstx_135388/N6/egn06w.3147E+02,good,tae,0.9960034140053188,0.9999900237154725,below_upper2,
nstx_135388/N6/egn06w.3259E+02,bad,none,0.6501336028126361,0.7563137163159758,below_upper2,
nstx_135388/N6/egn06w.3274E+02,bad,none,0.6335438997135172,0.7196610989352389,below_upper2,
nstx_135388/N6/egn06w.3279E+02,bad,none,0.3611223087112743,0.5880191180782331,below_upper2,
nstx_135388/N6/egn06w.3302E+02,good,tae,0.9503262447277975,0.9999938525762385,below_upper2,
nstx_135388/N6/egn06w.3468E+02,good,tae,0.9951363965022383,0.998130407008639,below_upper2,
nstx_135388/N6/egn06w.3557E+02,good,tae,0.9921112927543596,0.9999987282919096,below_upper2,
nstx_135388/N6/egn06w.3792E+02,good,tae,0.9962697816703912,0.9999744802825123,below_upper2,
nstx_135388/N6/egn06w.4024E+02,good,tae,0.9937952994184358,0.9999989615642805,below_upper2,
nstx_135388/N6/egn06w.4121E+02,good,tae,0.9954295386785128,0.9984971072354205,below_upper2,
nstx_135388/N6/egn06w.4312E+02,good,tae,0.990723378089286,0.9999923214167201,below_upper2,
nstx_135388/N6/egn06w.4630E+02,bad,none,0.9838581538885325,0.9868666130239173,below_upper2,
nstx_135388/N6/egn06w.4763E+02,good,tae,0.9913420136411134,0.9999976426149246,below_upper2,
nstx_135388/N6/egn06w.5196E+02,good,tae,0.991800485989487,0.9999977197067793,below_upper2,
nstx_135388/N6/egn06w.5263E+02,good,tae,0.9927242445205361,0.9999892999599339,below_upper2,
nstx_135388/N6/egn06w.5877E+02,good,tae,0.9882348482322766,0.9999710993410867,below_upper2,
nstx_135388/N6/egn06w.5943E+02,good,tae,0.9918395299265926,0.9999191112171879,below_upper2,
nstx_135388/N6/egn06w.6072E+02,bad,none,0.9840720832055334,0.9999797187295275,below_upper2,
nstx_135388/N6/egn06w.6479E+02,good,tae,0.9908150783649162,0.999832815641079,below_upper2,
nstx_135388/N6/egn06w.6996E+02,good,tae,0.9836899850263552,0.9997583753522628,below_upper2,
nstx_135388/N6/egn06w.7164E+02,good,tae,0.9857947839250276,0.9983316511129088,below_upper2,
nstx_135388/N6/egn06w.8126E+02,good,tae,0.9719478312472779,0.9988659679538425,below_upper2,
nstx_135388/N6/egn06w.8307E+02,bad,none,0.8317865595205751,0.8585796813790486,below_upper2,
nstx_135388/N6/egn06w.9258E+02,good,tae,0.9403685218739642,0.9956092761177461,below_upper2,
nstx_135388/N7/egn07w.1043E+03,bad,none,0.8611239477746475,0.973583224634694,below_upper2,
nstx_135388/N7/egn07w.1044E+03,bad,none,0.7959341194121478,0.9719106208468776,below_upper2,
nstx_135388/N7/egn07w.1071E+03,bad,none,0.7662461386571887,0.9750133999717796,below_upper2,
nstx_135388/N7/egn07w.1128E+02,bad,none,0.9963834646035655,1,below_upper2,
nstx_135388/N7/egn07w.1153E+03,bad,none,0.6253681857565262,0.825457631079896,below_upper2,
nstx_135388/N7/egn07w.1168E+03,good,tae,0.3900466583687106,0.6832964182010405,below_upper2,
nstx_135388/N7/egn07w.1181E+03,bad,none,0.6443848915614508,0.843313042586659,below_upper2,
nstx_135388/N7/egn07w.1523E+02,bad,none,0.9980709874557765,1,below_upper2,
nstx_135388/N7/egn07w.1739E+02,bad,none,0.9982714150776845,1,below_upper2,
nstx_135388/N7/egn07w.1774E+02,bad,none,0.9978175051892633,1,below_upper2,
nstx_135388/N7/egn07w.1794E+02,good,tae,0.9979851181488946,1,below_upper2,
nstx_135388/N7/egn07w.1863E+02,good,tae,0.9977628289691068,1,below_upper2,
nstx_135388/N7/egn07w.1960E+02,good,tae,0.9975591795585161,1,below_upper2,
nstx_135388/N7/egn07w.2113E+02,good,tae,0.9972990044967203,1,below_upper2,
nstx_135388/N7/egn07w.2223E+02,good,tae,0.9972147480735423,1,below_upper2,
nstx_135388/N7/egn07w.2315E+02,bad,none,0.9974272685248311,1,below_upper2,
nstx_135388/N7/egn07w.2354E+02,bad,none,0.9744453686303555,1,below_upper2,
nstx_135388/N7/egn07w.2428E+02,bad,none,0.9924454015869908,1,below_upper2,
nstx_135388/N7/egn07w.2439E+02,bad,none,0.9885486606433853,1,below_upper2,
nstx_135388/N7/egn07w.2446E+02,bad,none,0.9975756204356493,1,below_upper2,
nstx_135388/N7/egn07w.2645E+02,bad,none,0.9720101911513944,1,below_upper2,
nstx_135388/N7/egn07w.2660E+02,bad,none,0.8508291916163432,1,below_upper2,
nstx_135388/N7/egn07w.2680E+02,good,tae,0.8977876750143774,1,below_upper2,
nstx_135388/N7/egn07w.2891E+02,good,tae,0.9015384129543734,1,below_upper2,
nstx_135388/N7/egn07w.2912E+02,bad,none,0.9870267629984076,1,below_upper2,
nstx_135388/N7/egn07w.2971E+02,good,tae,0.9917902363961477,1,below_upper2,
nstx_135388/N7/egn07w.2994E+02,good,tae,0.9444261540890364,1,below_upper2,
nstx_135388/N7/egn07w.3047E+02,good,tae,0.9834556754898535,1,below_upper2,
nstx_135388/N7/egn07w.3129E+02,good,tae,0.9887956614073867,1,below_upper2,
nstx_135388/N7/egn07w.3182E+02,good,tae,0.9959980670147228,1,below_upper2,
nstx_135388/N7/egn07w.3304E+02,good,tae,0.946142071539386,0.9998703768563949,below_upper2,
nstx_135388/N7/egn07w.3351E+02,bad,none,0.759047058501812,0.9495423847035653,below_upper2,
nstx_135388/N7/egn07w.3518E+02,good,tae,0.9959732490041756,0.9999950700711536,below_upper2,
nstx_135388/N7/egn07w.3787E+02,good,tae,0.9336235351309272,0.9999999815308421,below_upper2,
nstx_135388/N7/egn07w.3879E+02,good,tae,0.9293891299167751,0.9999284162413486,below_upper2,
nstx_135388/N7/egn07w.4072E+02,good,tae,0.963669539094467,0.9999050178045975,below_upper2,
nstx_135388/N7/egn07w.4304E+02,good,tae,0.9898910982107533,0.9999992221827637,below_upper2,
nstx_135388/N7/egn07w.4463E+02,good,tae,0.9947615827369761,0.9983767255160898,below_upper2,
nstx_135388/N7/egn07w.4871E+02,good,tae,0.9937467332538618,0.999997000114883,below_upper2,
nstx_135388/N7/egn07w.4950E+02,good,tae,0.9939711584271653,0.9994946385533532,below_upper2,
nstx_135388/N7/egn07w.5504E+02,good,tae,0.992301683524219,0.9999857714952181,below_upper2,
nstx_135388/N7/egn07w.6105E+02,good,tae,0.9910565963322294,0.9999830356881313,below_upper2,
nstx_135388/N7/egn07w.7225E+02,good,tae,0.9870635450414985,0.999747054497379,below_upper2,
nstx_135388/N7/egn07w.8037E+02,bad,none,0.9715061271541593,0.993640111267738,below_upper2,
nstx_135388/N7/egn07w.8224E+02,good,tae,0.9676971689509581,0.9952150534019387,below_upper2,
nstx_135388/N7/egn07w.9318E+02,good,tae,0.9398330703163944,0.9921498437224531,below_upper2,
nstx_135388/N8/egn08w.1026E+03,good,tae,-0.1166560123510665,0.5896319443017339,above_upper2,
nstx_135388/N8/egn08w.1040E+02,bad,none,0.9986753207452652,1,below_upper2,
nstx_135388/N8/egn08w.1049E+03,good,tae,0.6582332739217533,0.9138358046607248,below_upper2,
nstx_135388/N8/egn08w.1188E+03,bad,none,0.4669736824509444,0.7353505386411185,below_upper2,
nstx_135388/N8/egn08w.1210E+02,bad,none,0.9987104041022219,1,below_upper2,
nstx_135388/N8/egn08w.1540E+02,bad,none,0.9978963581839198,1,below_upper2,
nstx_135388/N8/egn08w.1668E+02,bad,none,0.9981866273543496,1,below_upper2,
nstx_135388/N8/egn08w.1782E+02,bad,none,0.9978353972530492,1,below_upper2,
nstx_135388/N8/egn08w.1968E+02,good,tae,0.9953199744592797,1,below_upper2,
nstx_135388/N8/egn08w.1986E+02,bad,none,0.9945268172996258,1,below_upper2,
nstx_135388/N8/egn08w.2001E+02,bad,none,0.9967279212291166,1,below_upper2,
nstx_135388/N8/egn08w.2017E+02,bad,none,0.9972096578941217,1,below_upper2,
nstx_135388/N8/egn08w.2057E+02,good,tae,0.9966709442656342,1,below_upper2,
nstx_135388/N8/egn08w.2079E+02,bad,none,0.9963827703244108,1,below_upper2,
nstx_135388/N8/egn08w.2196E+02,good,tae,0.9969223062900588,1,below_upper2,
nstx_135388/N8/egn08w.2243E+02,bad,none,0.9987672389324498,1,below_upper2,
nstx_135388/N8/egn08w.2308E+02,bad,none,0.9966776139157875,1,below_upper2,
nstx_135388/N8/egn08w.2389E+02,bad,none,0.7760528223632367,1,below_upper2,
nstx_135388/N8/egn08w.2459E+02,bad,none,0.809525970507344,1,below_upper2,
nstx_135388/N8/egn08w.2554E+02,bad,none,0.9949649352535804,1,below_upper2,
nstx_135388/N8/egn08w.2654E+02,bad,none,0.919247788209548,1,below_upper2,
nstx_135388/N8/egn08w.2714E+02,good,tae,0.9006397589170534,1,below_upper2,
nstx_135388/N8/egn08w.2796E+02,good,tae,0.8833424969566575,1,below_upper2,
nstx_135388/N8/egn08w.2812E+02,good,tae,0.9960680480602695,1,below_upper2,
nstx_135388/N8/egn08w.2861E+02,good,tae,0.877221895711602,1,below_upper2,
nstx_135388/N8/egn08w.3005E+02,bad,none,0.9695815507804778,1,below_upper2,
nstx_135388/N8/egn08w.3061E+02,good,tae,0.9962702942707201,1,below_upper2,
nstx_135388/N8/egn08w.3070E+02,bad,none,0.9791400989212521,1,below_upper2,
nstx_135388/N8/egn08w.3109E+02,good,tae,0.9725011551539747,1,below_upper2,
nstx_135388/N8/egn08w.3112E+02,good,tae,0.9246694152960406,1,below_upper2,
nstx_135388/N8/egn08w.3134E+02,bad,none,0.9804973723541403,1,below_upper2,
nstx_135388/N8/egn08w.3207E+02,good,tae,0.9962695017284005,1,below_upper2,
nstx_135388/N8/egn08w.3255E+02,bad,none,0.9753754585809411,1,below_upper2,
nstx_135388/N8/egn08w.3275E+02,good,tae,0.9871710819456448,1,below_upper2,
nstx_135388/N8/egn08w.3307E+02,good,tae,0.9771945251109561,1,below_upper2,
nstx_135388/N8/egn08w.3344E+02,good,tae,0.9609583578982893,1,below_upper2,
nstx_135388/N8/egn08w.3508E+02,good,tae,0.9959692637604548,0.9999959175510321,below_upper2,
nstx_135388/N8/egn08w.3646E+02,good,tae,0.9965794845984574,0.9999999929386275,below_upper2,
nstx_135388/N8/egn08w.3823E+02,good,tae,0.9956398065721945,0.9999989332371608,below_upper2,
nstx_135388/N8/egn08w.4015E+02,good,tae,0.9939572824184858,0.9999999574699235,below_upper2,
nstx_135388/N8/egn08w.4130E+02,good,tae,0.9887717129965984,0.999999895644925,below_upper2,
nstx_135388/N8/egn08w.4365E+02,good,tae,0.9952138467028878,0.9999999920160733,below_upper2,
nstx_135388/N8/egn08w.4787E+02,good,tae,0.9954935605286951,0.9999999478569924,below_upper2,
nstx_135388/N8/egn08w.5014E+02,good,tae,0.9948641488877961,0.9999998296421376,below_upper2,
nstx_135388/N8/egn08w.5182E+02,good,tae,0.9943754912600611,0.9999998121945249,below_upper2,
nstx_135388/N8/egn08w.5652E+02,good,tae,0.9938269145966832,0.999999634398035,below_upper2,
nstx_135388/N8/egn08w.5708E+02,good,tae,0.9920766665920131,0.9999994871106004,below_upper2,
nstx_135388/N8/egn08w.6162E+02,good,tae,0.9924204181434169,0.9999993207575013,below_upper2,
nstx_135388/N8/egn08w.6258E+02,good,tae,0.9900558710406835,0.999997358894914,below_upper2,
nstx_135388/N8/egn08w.6824E+02,good,tae,0.9892419796458087,0.9999606772836153,below_upper2,
nstx_135388/N8/egn08w.7043E+02,good,tae,0.9882176180367811,0.9999796290781646,below_upper2,
nstx_135388/N8/egn08w.7330E+02,good,tae,0.9871628150447077,0.9996142928025132,below_upper2,
nstx_135388/N8/egn08w.7957E+02,bad,none,0.9805474787670684,0.9989727316429845,below_upper2,
nstx_135388/N8/egn08w.8043E+02,good,tae,0.9786866230466028,0.9999002118197182,below_upper2,
nstx_135388/N8/egn08w.8813E+02,bad,none,0.9625790694257081,0.9986745500391038,below_upper2,
nstx_135388/N8/egn08w.9271E+02,good,tae,0.9503351638779607,0.9988439066282657,below_upper2,
nstx_135388/N8/egn08w.9417E+02,bad,none,0.8081826345120753,0.9207719642484268,below_upper2,
nstx_135388/N8/egn08w.9850E+02,bad,none,0.8852411542651969,0.9726590714244971,below_upper2,
nstx_135388/N9/egn09w.1010E+03,good,tae,0.8780375650273793,0.9860859667620676,below_upper2,
nstx_135388/N9/egn09w.1016E+02,bad,none,0.9719038374280945,1,below_upper2,
nstx_135388/N9/egn09w.1047E+03,bad,none,0.5226537937831521,0.9799166408169903,below_upper2,
nstx_135388/N9/egn09w.1073E+02,bad,none,0.975566898026588,1,below_upper2,
nstx_135388/N9/egn09w.1125E+03,bad,none,0.6685656744391365,0.9267487973794503,below_upper2,
nstx_135388/N9/egn09w.1128E+02,bad,none,0.998051940966779,1,below_upper2,
nstx_135388/N9/egn09w.1129E+03,bad,none,0.4306870401522811,0.9677160615495524,below_upper2,
nstx_135388/N9/egn09w.1148E+03,good,tae,-0.05454540276914847,0.5448347014833445,above_upper2,
nstx_135388/N9/egn09w.1510E+02,bad,none,0.9579351904372418,1,below_upper2,
nstx_135388/N9/egn09w.1548E+02,bad,none,0.9983855441980171,1,below_upper2,
nstx_135388/N9/egn09w.1691E+02,good,tae,0.9979517446594585,1,below_upper2,
nstx_135388/N9/egn09w.1722E+02,bad,none,0.965434504524221,1,below_upper2,
nstx_135388/N9/egn09w.1792E+02,bad,none,0.9976971477779775,1,below_upper2,
nstx_135388/N9/egn09w.1853E+02,bad,none,0.8780850752291042,1,below_upper2,
nstx_135388/N9/egn09w.1874E+02,bad,none,0.9983381196814706,1,below_upper2,
nstx_135388/N9/egn09w.1899E+02,good,tae,0.9974745002889491,1,below_upper2,
nstx_135388/N9/egn09w.1938E+02,good,tae,0.9974386620300871,1,below_upper2,
nstx_135388/N9/egn09w.1953E+02,bad,none,0.6134300885333669,1,below_upper2,
nstx_135388/N9/egn09w.1959E+02,bad,none,0.5627187314047832,1,below_upper2,
nstx_135388/N9/egn09w.1979E+02,bad,none,0.6857597424055987,1,below_upper2,
nstx_135388/N9/egn09w.1996E+02,bad,none,0.521112706899046,1,below_upper2,
nstx_135388/N9/egn09w.2020E+02,bad,none,0.6154880244022906,1,below_upper2,
nstx_135388/N9/egn09w.2134E+02,bad,none,0.9987930540421017,1,below_upper2,
nstx_135388/N9/egn09w.2150E+02,good,tae,0.9973343781523439,1,below_upper2,
nstx_135388/N9/egn09w.2182E+02,bad,none,0.6906068577181395,1,below_upper2,
nstx_135388/N9/egn09w.2311E+02,bad,none,0.9908008168504537,1,below_upper2,
nstx_135388/N9/egn09w.2357E+02,bad,none,0.9928915040160287,1,below_upper2,
nstx_135388/N9/egn09w.2407E+02,good,tae,0.9967051756331609,1,below_upper2,
nstx_135388/N9/egn09w.2459E+02,bad,none,0.9976787020774344,1,below_upper2,
nstx_135388/N9/egn09w.2507E+02,good,tae,0.9967057937702939,1,below_upper2,
nstx_135388/N9/egn09w.2521E+02,bad,none,0.9986715677834964,1,below_upper2,
nstx_135388/N9/egn09w.2558E+02,bad,none,0.995788677627664,1,below_upper2,
nstx_135388/N9/egn09w.2629E+02,good,tae,0.9971664309453034,1,below_upper2,
nstx_135388/N9/egn09w.2658E+02,bad,none,0.8830181246075368,1,below_upper2,
nstx_135388/N9/egn09w.2699E+02,bad,none,0.8998074146770552,1,below_upper2,
nstx_135388/N9/egn09w.2747E+02,good,tae,0.9969803593342167,1,below_upper2,
nstx_135388/N9/egn09w.2761E+02,good,tae,0.8002305261470398,1,below_upper2,
nstx_135388/N9/egn09w.2796E+02,good,tae,0.9112771955116979,1,below_upper2,
nstx_135388/N9/egn09w.2887E+02,good,tae,0.9961373781514662,1,below_upper2,
nstx_135388/N9/egn09w.2889E+02,good,tae,0.996993364370365,1,below_upper2,
nstx_135388/N9/egn09w.2926E+02,good,tae,0.9735354874009617,1,below_upper2,
nstx_135388/N9/egn09w.3044E+02,good,tae,0.9961841409080247,1,below_upper2,
nstx_135388/N9/egn09w.3045E+02,bad,none,0.7233926321250237,1,below_upper2,
nstx_135388/N9/egn09w.3097E+02,good,tae,0.9053279220992251,1,below_upper2,
nstx_135388/N9/egn09w.3127E+02,good,tae,0.9869496603219599,1,below_upper2,
nstx_135388/N9/egn09w.3312E+02,good,tae,0.9958594904299251,1,below_upper2,
nstx_135388/N9/egn09w.3351E+02,good,tae,0.9566305961110335,1,below_upper2,
nstx_135388/N9/egn09w.3405E+02,good,tae,0.9933324836297223,1,below_upper2,
nstx_135388/N9/egn09w.3451E+02,good,tae,0.9959241558997075,1,below_upper2,
nstx_135388/N9/egn09w.3582E+02,bad,none,0.6036590560952513,0.7892013302405654,below_upper2,
nstx_135388/N9/egn09w.3593E+02,bad,none,0.1657018484071103,0.918129192500468,below_upper2,
nstx_135388/N9/egn09w.3602E+02,good,tae,0.534407841743856,0.7841224061545156,below_upper2,
nstx_135388/N9/egn09w.3604E+02,bad,none,0.4650863930598017,0.9999971354374528,below_upper2,
nstx_135388/N9/egn09w.3610E+02,bad,none,0.114555994577537,0.9387155399729373,below_upper2,
nstx_135388/N9/egn09w.3675E+02,bad,none,0.5362776049181927,0.6741149567256335,below_upper2,
nstx_135388/N9/egn09w.4027E+02,good,tae,0.9917380662168864,0.9999996769506286,below_upper2,
nstx_135388/N9/egn09w.4060E+02,good,tae,0.9949934634316796,0.999662976169308,below_upper2,
nstx_135388/N9/egn09w.4199E+02,good,tae,0.9812571462570744,0.9999999000552987,below_upper2,
nstx_135388/N9/egn09w.4349E+02,good,tae,0.9921114870142731,0.9960363532294622,below_upper2,
nstx_135388/N9/egn09w.4496E+02,good,tae,0.9938667657005433,0.9999999884806093,below_upper2,
nstx_135388/N9/egn09w.4641E+02,good,tae,0.9943976262548379,0.9996611249457888,below_upper2,
nstx_135388/N9/egn09w.5019E+02,good,tae,0.9945081809782242,0.999999982576353,below_upper2,
nstx_135388/N9/egn09w.5020E+02,good,tae,0.9937340984258483,0.9999792418160125,below_upper2,
nstx_135388/N9/egn09w.5617E+02,good,tae,0.9934609855214899,0.9999997569977238,below_upper2,
nstx_135388/N9/egn09w.5860E+02,good,tae,0.9892125701255189,0.9999936815479755,below_upper2,
nstx_135388/N9/egn09w.6252E+02,good,tae,0.9916199527912621,0.9999991702023973,below_upper2,
nstx_135388/N9/egn09w.6908E+02,good,tae,0.9785455081934143,0.9999732526415954,below_upper2,
nstx_135388/N9/egn09w.7416E+02,good,tae,0.9715311776809065,0.9999746278429941,below_upper2,
nstx_135388/N9/egn09w.7772E+02,good,tae,0.9822254414308325,0.9999945235775157,below_upper2,
nstx_135388/N9/egn09w.7961E+02,good,tae,0.9534914715146054,0.9995910087378723,below_upper2,
nstx_135388/N9/egn09w.8950E+02,good,tae,0.9603472281238065,0.9991511503226044,below_upper2,
nstx_135388/N9/egn09w.9497E+02,bad,none,0.6964392102095902,0.9123742983440764,below_upper2,
nstx_141711/N2/egn02w.2357E+02,bad,none,0.9866153373390347,1,below_upper2,
nstx_141711/N2/egn02w.4308E+02,good,tae,0.8362077750501729,1,below_upper2,
nstx_141711/N2/egn02w.4512E+02,good,tae,0.8228496438283716,1,below_upper2,
nstx_141711/N2/egn02w.4662E+02,bad,none,0.8517367463416534,1,below_upper2,
nstx_141711/N2/egn02w.5602E+02,good,tae,0.9081457233199146,1,below_upper2,
nstx_141711/N2/egn02w.6447E+02,bad,none,0.9145669384094185,1,below_upper2,
nstx_141711/N2/egn02w.6783E+02,bad,none,0.6737410562499234,1,below_upper2,
nstx_141711/N3/egn03w.1129E+03,bad,none,0.9192594870956536,0.9848369056910009,below_upper2,
nstx_141711/N3/egn03w.1493E+03,bad,none,0.5914348343320317,0.7767040538818554,below_upper2,
nstx_141711/N3/egn03w.2060E+02,bad,none,0.9920146677210833,1,below_upper2,
nstx_141711/N3/egn03w.2477E+02,bad,none,0.9805437371754495,1,below_upper2,
nstx_141711/N3/egn03w.3049E+02,bad,none,0.8930784509771301,1,below_upper2,
nstx_141711/N3/egn03w.3060E+02,bad,none,0.8956710068214657,1,below_upper2,
nstx_141711/N3/egn03w.3072E+02,bad,none,0.9023295829049344,1,below_upper2,
nstx_141711/N3/egn03w.3087E+02,bad,none,0.8921866781489204,1,below_upper2,
nstx_141711/N3/egn03w.3106E+02,bad,none,0.9009901559409502,1,below_upper2,
nstx_141711/N3/egn03w.3126E+02,bad,none,0.905318056585641,1,below_upper2,
nstx_141711/N3/egn03w.3150E+02,good,tae,0.8947845947180809,1,below_upper2,
nstx_141711/N3/egn03w.3189E+02,good,tae,0.905872235486846,1,below_upper2,
nstx_141711/N3/egn03w.3229E+02,good,tae,0.8955315945213325,1,below_upper2,
nstx_141711/N3/egn03w.3264E+02,bad,none,0.8945000769653951,1,below_upper2,
nstx_141711/N3/egn03w.3350E+02,bad,none,0.9715435379504594,1,below_upper2,
nstx_141711/N3/egn03w.3421E+02,good,tae,0.9676841508361903,1,below_upper2,
nstx_141711/N3/egn03w.4150E+02,bad,none,0.9560508149078518,1,below_upper2,
nstx_141711/N3/egn03w.4255E+02,bad,none,0.8470565570037842,1,below_upper2,
nstx_141711/N3/egn03w.5246E+02,good,tae,0.9806161757558096,1,below_upper2,
nstx_141711/N3/egn03w.5980E+02,good,tae,0.9800412553883858,1,below_upper2,
nstx_141711/N3/egn03w.6735E+02,good,tae,0.9722408526401077,1,below_upper2,
nstx_141711/N3/egn03w.8627E+02,bad,none,0.9261754745278625,0.9659843250231557,below_upper2,
nstx_141711/N4/egn04w.1003E+03,bad,none,0.9553815259286316,0.9923371969819479,below_upper2,
nstx_141711/N4/egn04w.1226E+03,bad,none,0.9425808863709534,0.9944512432563124,below_upper2,
nstx_141711/N4/egn04w.1521E+03,bad,none,0.9159938599364588,0.9968413475447744,below_upper2,
nstx_141711/N4/egn04w.2108E+02,bad,none,0.9905023591621761,1,below_upper2,
nstx_141711/N4/egn04w.2251E+02,bad,none,0.9899502138565972,1,below_upper2,
nstx_141711/N4/egn04w.2483E+02,bad,none,0.9896400578618768,1,below_upper2,
nstx_141711/N4/egn04w.2511E+02,bad,none,0.9820982987315635,1,below_upper2,
nstx_141711/N4/egn04w.2722E+02,good,tae,0.9882425224850451,1,below_upper2,
nstx_141711/N4/egn04w.3127E+02,bad,none,0.9815234795608432,1,below_upper2,
nstx_141711/N4/egn04w.3557E+02,bad,none,0.960837516069597,1,below_upper2,
nstx_141711/N4/egn04w.4674E+02,bad,none,0.9507751774591275,1,below_upper2,
nstx_141711/N4/egn04w.4712E+02,bad,none,0.9350607894338081,1,below_upper2,
nstx_141711/N4/egn04w.4751E+02,bad,none,0.8811511659809905,1,below_upper2,
nstx_141711/N4/egn04w.4804E+02,bad,none,0.7553931724103878,1,below_upper2,
nstx_141711/N4/egn04w.4841E+02,bad,none,0.4486371453364044,1,below_upper2,
nstx_141711/N4/egn04w.4863E+02,good,tae,0.9836511413092566,1,below_upper2,
nstx_141711/N4/egn04w.5818E+02,good,tae,0.9876496708239636,0.9996917851573848,below_upper2,
nstx_141711/N4/egn04w.7956E+02,good,tae,0.9815473565801782,0.9971116798691889,below_upper2,
nstx_141711/N4/egn04w.8898E+02,bad,none,0.9667742592963516,0.9900529513429832,below_upper2,
nstx_141711/N5/egn05w.1019E+03,bad,none,0.676876972119392,0.9891995603021979,below_upper2,
nstx_141711/N5/egn05w.1251E+03,bad,none,0.892897208348291,0.8964200624017327,below_upper2,
nstx_141711/N5/egn05w.2234E+03,bad,none,0.7160331013537966,0.8219887522643993,below_upper2,
nstx_141711/N5/egn05w.2443E+02,bad,none,0.9920620634715337,1,below_upper2,
nstx_141711/N5/egn05w.2455E+02,bad,none,0.989948937015466,1,below_upper2,
nstx_141711/N5/egn05w.2526E+02,bad,none,0.8720983514606045,1,below_upper2,
nstx_141711/N5/egn05w.3326E+02,bad,none,0.9497967376254755,1,below_upper2,
nstx_141711/N5/egn05w.3338E+02,bad,none,0.9841411346844874,1,below_upper2,
nstx_141711/N5/egn05w.3366E+02,bad,none,0.9939611031194924,1,below_upper2,
nstx_141711/N5/egn05w.3417E+02,bad,none,0.9969204219439259,1,below_upper2,
nstx_141711/N5/egn05w.3429E+02,bad,none,0.999496331829237,1,below_upper2,
nstx_141711/N5/egn05w.3646E+02,bad,none,0.9694734031786348,1,below_upper2,
nstx_141711/N5/egn05w.3732E+02,good,tae,0.9543677064173064,1,below_upper2,
nstx_141711/N5/egn05w.3890E+02,bad,none,0.8790816870502073,1,below_upper2,
nstx_141711/N5/egn05w.3996E+02,good,tae,0.9310731696400308,1,below_upper2,
nstx_141711/N5/egn05w.4326E+02,good,tae,0.9468222049699421,1,below_upper2,
nstx_141711/N5/egn05w.4773E+02,good,tae,0.9734089540576628,1,below_upper2,
nstx_141711/N5/egn05w.5596E+02,good,tae,0.9808494839452677,1,below_upper2,
nstx_141711/N5/egn05w.6648E+02,good,tae,0.9831408577074838,1,below_upper2,
nstx_141711/N5/egn05w.8838E+02,good,tae,0.9580249913118045,0.9989275174646742,below_upper2,
nstx_141711/N5/egn05w.9302E+02,bad,none,0.9282206844899031,0.9922521442225565,below_upper2,
nstx_141711/N6/egn06w.1028E+03,bad,none,0.9126930095185356,0.9835434378110591,below_upper2,
nstx_141711/N6/egn06w.1180E+03,bad,none,0.8298620192217758,0.9842655973087058,below_upper2,
nstx_141711/N6/egn06w.1265E+03,good,tae,0.8374829620055771,0.9870529597645871,below_upper2,
nstx_141711/N6/egn06w.1429E+03,bad,none,0.8819860282793863,0.9914268759876455,below_upper2,
nstx_141711/N6/egn06w.2065E+03,bad,none,0.6648736649871282,0.8139640667883432,below_upper2,
nstx_141711/N6/egn06w.2240E+02,bad,none,0.9950003900973732,1,below_upper2,
nstx_141711/N6/egn06w.2386E+03,bad,none,0.3021842217974826,0.7802517451024709,below_upper2,
nstx_141711/N6/egn06w.2395E+03,bad,none,0.2836531710619196,0.8532447099656147,below_upper2,
nstx_141711/N6/egn06w.2400E+03,bad,none,0.2713242601085502,0.8870570383469938,below_upper2,
nstx_141711/N6/egn06w.2719E+02,bad,none,0.870247678417265,1,below_upper2,
nstx_141711/N6/egn06w.2864E+02,bad,none,0.9885346823679597,1,below_upper2,
nstx_141711/N6/egn06w.3259E+02,bad,none,0.9973232547173524,1,below_upper2,
nstx_141711/N6/egn06w.3274E+02,bad,none,0.9972510810214313,1,below_upper2,
nstx_141711/N6/egn06w.3279E+02,bad,none,0.9981360611569491,1,below_upper2,
nstx_141711/N6/egn06w.3297E+02,bad,none,0.995852541947312,1,below_upper2,
nstx_141711/N6/egn06w.3306E+02,bad,none,0.9975269843048477,1,below_upper2,
nstx_141711/N6/egn06w.3557E+02,good,tae,0.9711193697918655,1,below_upper2,
nstx_141711/N6/egn06w.4024E+02,good,tae,0.9548780228303663,1,below_upper2,
nstx_141711/N6/egn06w.4312E+02,good,tae,0.9747412807200801,1,below_upper2,
nstx_141711/N6/egn06w.4763E+02,good,tae,0.9683067784269099,1,below_upper2,
nstx_141711/N6/egn06w.5196E+02,good,tae,0.9720142973966843,1,below_upper2,
nstx_141711/N6/egn06w.5877E+02,good,tae,0.9760357285243259,1,below_upper2,
nstx_141711/N6/egn06w.6072E+02,good,tae,0.9787986804522733,1,below_upper2,
nstx_141711/N6/egn06w.6996E+02,good,tae,0.9728283062388271,1,below_upper2,
nstx_141711/N6/egn06w.7398E+02,bad,none,0.6572066721741362,1,below_upper2,
nstx_141711/N6/egn06w.8126E+02,good,tae,0.9694370128477143,0.9998726611400394,below_upper2,
nstx_141711/N6/egn06w.9258E+02,good,tae,0.9529701449360666,0.9995815730656811,below_upper2,
nstx_141711/N7/egn07w.1044E+03,bad,none,0.9550682322177555,0.9883772527470472,below_upper2,
nstx_141711/N7/egn07w.1168E+03,good,tae,0.9426522396718935,0.9964473635782271,below_upper2,
nstx_141711/N7/egn07w.1225E+03,bad,none,0.9185973293534982,0.9966420623142175,below_upper2,
nstx_141711/N7/egn07w.1348E+03,bad,none,0.8798811478494201,0.9585142959295326,below_upper2,
nstx_141711/N7/egn07w.1500E+03,good,tae,0.8139409047114006,0.9690025624484688,below_upper2,
nstx_141711/N7/egn07w.1594E+03,good,tae,0.8397451204914009,0.9871055419257987,below_upper2,
nstx_141711/N7/egn07w.1825E+03,good,tae,0.6165313049861711,0.9847976361046049,below_upper2,
nstx_141711/N7/egn07w.1840E+03,good,tae,0.4628737894741738,0.9932305805225218,below_upper2,
nstx_141711/N7/egn07w.2315E+02,bad,none,0.995435533134194,1,below_upper2,
nstx_141711/N7/egn07w.2354E+02,bad,none,0.993013435580727,1,below_upper2,
nstx_141711/N7/egn07w.2446E+02,bad,none,0.994385392980639,1,below_upper2,
nstx_141711/N7/egn07w.2912E+02,good,tae,0.9879898636833645,1,below_upper2,
nstx_141711/N7/egn07w.3047E+02,good,tae,0.9843327439432148,1,below_upper2,
nstx_141711/N7/egn07w.3129E+02,good,tae,0.9722476647628847,1,below_upper2,
nstx_141711/N7/egn07w.3351E+02,bad,none,0.8511578143686181,1,below_upper2,
nstx_141711/N7/egn07w.3787E+02,good,tae,0.9269125134014784,1,below_upper2,
nstx_141711/N7/egn07w.3879E+02,good,tae,0.8718307248697291,1,below_upper2,
nstx_141711/N7/egn07w.4072E+02,good,tae,0.9619170584514296,1,below_upper2,
nstx_141711/N7/egn07w.4304E+02,good,tae,0.9718609354146025,1,below_upper2,
nstx_141711/N7/egn07w.4771E+02,bad,none,0.9957668466944043,1,below_upper2,
nstx_141711/N7/egn07w.4871E+02,good,tae,0.9839096391147166,1,below_upper2,
nstx_141711/N7/egn07w.4884E+02,bad,none,0.9824894953012985,1,below_upper2,
nstx_141711/N7/egn07w.5159E+02,bad,none,0.9518591277634531,1,below_upper2,
nstx_141711/N7/egn07w.5256E+02,bad,none,0.872040872286051,1,below_upper2,
nstx_141711/N7/egn07w.8224E+02,good,tae,0.9762563987582941,0.9975437483957198,below_upper2,
nstx_141711/N7/egn07w.9318E+02,good,tae,0.9722873323992346,0.99640448091528,below_upper2,
nstx_141711/N8/egn08w.1026E+03,good,tae,0.6956892662502118,0.9934932768700951,below_upper2,
nstx_141711/N8/egn08w.1049E+03,good,tae,0.9304511158765273,0.9982191887250138,below_upper2,
nstx_141711/N8/egn08w.1296E+03,bad,none,0.9628067421593368,0.9896388028515413,below_upper2,
nstx_141711/N8/egn08w.1470E+03,good,tae,0.9512188250328891,0.9944971951200131,below_upper2,
nstx_141711/N8/egn08w.1677E+03,bad,none,0.9058241760826585,0.9824733375013402,below_upper2,
nstx_141711/N8/egn08w.1878E+03,good,tae,0.8437181583639761,0.9608350591299702,below_upper2,
nstx_141711/N8/egn08w.1953E+03,good,tae,0.833920836548517,0.9631494233219616,below_upper2,
nstx_141711/N8/egn08w.2017E+02,bad,none,0.9984065976623961,1,below_upper2,
nstx_141711/N8/egn08w.2079E+02,bad,none,0.9965578692392331,1,below_upper2,
nstx_141711/N8/egn08w.2242E+03,bad,none,0.4536243702586898,0.8921535196695523,below_upper2,
nstx_141711/N8/egn08w.2243E+02,bad,none,0.9955452916072504,1,below_upper2,
nstx_141711/N8/egn08w.2285E+03,bad,none,0.2323143894815895,0.8817835680445909,below_upper2,
nstx_141711/N8/egn08w.2294E+03,bad,none,0.05899558308329474,0.8339249194858821,below_upper2,
nstx_141711/N8/egn08w.2308E+02,bad,none,0.9960228517041383,1,below_upper2,
nstx_141711/N8/egn08w.2389E+02,bad,none,0.9338610873295273,1,below_upper2,
nstx_141711/N8/egn08w.2459E+02,bad,none,0.9392798401818289,1,below_upper2,
nstx_141711/N8/egn08w.2554E+02,bad,none,0.9953899555588972,1,below_upper2,
nstx_141711/N8/egn08w.3005E+02,bad,none,0.9988818355376018,1,below_upper2,
nstx_141711/N8/egn08w.3070E+02,bad,none,0.9999392767753856,1,below_upper2,
nstx_141711/N8/egn08w.3109E+02,good,tae,0.9681688793602973,1,below_upper2,
nstx_141711/N8/egn08w.3134E+02,bad,none,0.9999814786405726,1,below_upper2,
nstx_141711/N8/egn08w.3255E+02,bad,none,0.9999401554764061,1,below_upper2,
nstx_141711/N8/egn08w.3275E+02,good,tae,0.9642716856936177,1,below_upper2,
nstx_141711/N8/egn08w.3307E+02,good,tae,0.9558843629242273,1,below_upper2,
nstx_141711/N8/egn08w.3646E+02,good,tae,0.9930971455636655,1,below_upper2,
nstx_141711/N8/egn08w.4015E+02,good,tae,0.9774306205454552,1,below_upper2,
nstx_141711/N8/egn08w.4130E+02,good,tae,0.9646923565456396,1,below_upper2,
nstx_141711/N8/egn08w.4365E+02,good,tae,0.9876908017785911,1,below_upper2,
nstx_141711/N8/egn08w.5014E+02,good,tae,0.9920364676466751,1,below_upper2,
nstx_141711/N8/egn08w.5652E+02,good,tae,0.9916520074618684,1,below_upper2,
nstx_141711/N8/egn08w.6162E+02,good,tae,0.989953278465717,1,below_upper2,
nstx_141711/N8/egn08w.7043E+02,good,tae,0.9875484704507975,1,below_upper2,
nstx_141711/N8/egn08w.7895E+02,bad,none,0.3069276431187631,1,below_upper2,
nstx_141711/N8/egn08w.8043E+02,good,tae,0.9865750999759755,0.999996653141393,below_upper2,
nstx_141711/N8/egn08w.9271E+02,good,tae,0.9853853830646487,0.9999986410857344,below_upper2,
nstx_141711/N9/egn09w.1010E+03,good,tae,0.9799211728659316,0.9998204880417385,below_upper2,
nstx_141711/N9/egn09w.1110E+03,good,tae,0.8043341851748883,0.9953181094423211,below_upper2,
nstx_141711/N9/egn09w.1148E+03,good,tae,0.8931915132881547,0.9954605902973919,below_upper2,
nstx_141711/N9/egn09w.1261E+03,good,tae,0.9741979700143505,0.9997356586600301,below_upper2,
nstx_141711/N9/egn09w.1394E+03,good,tae,0.9704081025855064,0.9998714141495835,below_upper2,
nstx_141711/N9/egn09w.1554E+03,bad,none,0.540838117826788,0.5485806754829035,below_upper2,
nstx_141711/N9/egn09w.1566E+03,good,tae,0.9320548685927702,0.9555279671086869,below_upper2,
nstx_141711/N9/egn09w.1765E+03,bad,none,0.9063150058110843,0.9767690637682696,below_upper2,
nstx_141711/N9/egn09w.2105E+03,bad,none,0.8269577246526539,0.8912303582576403,below_upper2,
nstx_141711/N9/egn09w.2134E+02,bad,none,0.9968629226883048,1,below_upper2,
nstx_141711/N9/egn09w.2459E+02,bad,none,0.9959145463667514,1,below_upper2,
nstx_141711/N9/egn09w.2558E+02,bad,none,0.9905295734735959,1,below_upper2,
nstx_141711/N9/egn09w.2629E+02,good,tae,0.9960619223505476,1,below_upper2,
nstx_141711/N9/egn09w.2747E+02,good,tae,0.9956577806845399,1,below_upper2,
nstx_141711/N9/egn09w.2889E+02,good,tae,0.995429652884484,1,below_upper2,
nstx_141711/N9/egn09w.3045E+02,bad,none,0.8573798178435775,1,below_upper2,
nstx_141711/N9/egn09w.3127E+02,good,tae,0.9785606210692174,1,below_upper2,
nstx_141711/N9/egn09w.3405E+02,good,tae,0.9905755922881434,1,below_upper2,
nstx_141711/N9/egn09w.3582E+02,bad,none,0.9990615888169103,1,below_upper2,
nstx_141711/N9/egn09w.3593E+02,bad,none,0.974544005518195,1,below_upper2,
nstx_141711/N9/egn09w.3602E+02,good,tae,0.9996900975016305,1,below_upper2,
nstx_141711/N9/egn09w.3610E+02,bad,none,0.9104655505044617,1,below_upper2,
nstx_141711/N9/egn09w.3675E+02,bad,none,0.9996944144280125,1,below_upper2,
nstx_141711/N9/egn09w.4027E+02,good,tae,0.9772655528594441,1,below_upper2,
nstx_141711/N9/egn09w.4199E+02,good,tae,0.9742763725070657,1,below_upper2,
nstx_141711/N9/egn09w.4496E+02,good,tae,0.9857494326131793,1,below_upper2,
nstx_141711/N9/egn09w.5019E+02,good,tae,0.9914414779110986,1,below_upper2,
nstx_141711/N9/egn09w.5617E+02,good,tae,0.9918248771281529,1,below_upper2,
nstx_141711/N9/egn09w.6252E+02,good,tae,0.9916449085700052,1,below_upper2,
nstx_141711/N9/egn09w.6899E+02,bad,none,0.5934153564659074,1,below_upper2,
nstx_141711/N9/egn09w.7772E+02,good,tae,0.9880537524070993,0.9999993448882573,below_upper2,
nstx_141711/N9/egn09w.8950E+02,good,tae,0.9837513257687632,0.9999938269183796,below_upper2,
nstx_141711/N10/egn10w.1146E+03,bad,none,0.8712134917715696,0.955177496876206,below_upper2,
nstx_141711/N10/egn10w.1341E+03,good,tae,0.9578136130057934,0.9991543001822563,below_upper2,
nstx_141711/N10/egn10w.1470E+03,good,tae,0.9567320285745071,0.9996747558082589,below_upper2,
nstx_141711/N10/egn10w.1636E+03,bad,none,0.9237116038139005,0.9570345169951658,below_upper2,
nstx_141711/N10/egn10w.1644E+03,bad,none,0.1737157368841897,0.5675297062567068,below_upper2,
nstx_141711/N10/egn10w.1673E+03,bad,none,0.9218951489555223,0.9870302578466458,below_upper2,
nstx_141711/N10/egn10w.1679E+03,bad,none,0.01828049073288497,0.5022800656318221,below_upper2,
nstx_141711/N10/egn10w.1700E+03,bad,none,0.6318179318647675,0.9647872477404148,below_upper2,
nstx_141711/N10/egn10w.1713E+03,bad,none,0.2548316847158495,0.7054398065781002,below_upper2,
nstx_141711/N10/egn10w.1723E+03,bad,none,0.4013067668962646,0.7922420232755025,below_upper2,
nstx_141711/N10/egn10w.2033E+02,bad,none,0.9969481210500841,1,below_upper2,
nstx_141711/N10/egn10w.2160E+03,bad,none,0.2492985822700751,0.7570278930490213,below_upper2,
nstx_141711/N10/egn10w.2171E+02,bad,none,0.9958933686417696,1,below_upper2,
nstx_141711/N10/egn10w.2189E+03,bad,none,-0.3958134172449043,0.5491368285255959,above_upper2,
nstx_141711/N10/egn10w.2475E+02,bad,none,0.9951756887719171,1,below_upper2,
nstx_141711/N10/egn10w.2706E+02,good,tae,0.9942315833927911,1,below_upper2,
nstx_141711/N10/egn10w.2824E+02,good,tae,0.9941156994153036,1,below_upper2,
nstx_141711/N10/egn10w.2988E+02,bad,none,0.9861966245154423,1,below_upper2,
nstx_141711/N10/egn10w.3008E+02,bad,none,0.9724450056534477,1,below_upper2,
nstx_141711/N10/egn10w.3534E+02,good,tae,0.9246969241962605,1,below_upper2,
nstx_141711/N10/egn10w.3771E+02,good,tae,0.9780617691121593,1,below_upper2,
nstx_141711/N10/egn10w.4012E+02,good,tae,0.9179772088422141,1,below_upper2,
nstx_141711/N10/egn10w.4285E+02,good,tae,0.9732698302640697,1,below_upper2,
nstx_141711/N10/egn10w.4567E+02,good,tae,0.9754322416760937,1,below_upper2,
nstx_141711/N10/egn10w.4978E+02,good,tae,0.9856609545834009,1,below_upper2,
nstx_141711/N10/egn10w.5496E+02,good,tae,0.9884204267129459,1,below_upper2,
nstx_141711/N10/egn10w.6177E+02,good,tae,0.9888460342428973,0.9999992150032642,below_upper2,
nstx_141711/N10/egn10w.6830E+02,good,tae,0.9883100956603599,0.9999999844363219,below_upper2,
nstx_141711/N10/egn10w.7518E+02,good,tae,0.986850291530034,0.9999999031867236,below_upper2,
nstx_141711/N10/egn10w.8537E+02,good,tae,0.9821795256900717,0.9999910838042574,below_upper2,
nstx_141711/N10/egn10w.9564E+02,good,tae,0.9752304790446775,0.9953855310514218,below_upper2,
nstxu_204202/N10/egn10w.3556E+02,good,tae,0.9782275048120109,0.9988302080064341,below_upper2,
nstxu_204202/N10/egn10w.3991E+02,bad,none,0.9127412275922486,0.9412281259055357,below_upper2,
nstxu_204202/N10/egn10w.4230E+02,bad,none,0.8413359160956917,0.9836870721061289,below_upper2,
nstxu_204202/N10/egn10w.5250E+02,bad,none,0.7052010512896424,0.8939056485032086,below_upper2,
nstxu_204202/N10/egn10w.5322E+02,bad,none,0.5705714497482379,0.9353559920675019,below_upper2,
nstxu_204202/N10/egn10w.5521E+02,bad,none,0.7774210196654159,0.9716004132094654,below_upper2,
nstxu_204202/N10/egn10w.5652E+02,bad,none,-0.3408707254579455,0.6486966434312142,above_upper2,
nstxu_204202/N10/egn10w.6318E+02,bad,none,-0.4375332368578296,0.65268615278502,above_upper2,
nstxu_204202/N2/egn02w.6557E+01,good,tae,0.9969311405405294,1,below_upper2,
nstxu_204202/N3/egn03w.5040E+02,bad,none,0.7869057648672716,0.9740457197489062,below_upper2,
nstxu_204202/N3/egn03w.5139E+02,bad,none,0.726081803002968,0.9504532849067958,below_upper2,
nstxu_204202/N3/egn03w.5236E+02,bad,none,0.6499513999928853,0.9146084574400833,below_upper2,
nstxu_204202/N3/egn03w.5330E+02,bad,none,0.6017239940025471,0.8845935716590101,below_upper2,
nstxu_204202/N3/egn03w.5461E+02,good,tae,0.4394257701631947,0.9620381589014672,below_upper2,
nstxu_204202/N3/egn03w.5470E+02,bad,none,0.09728848969813846,0.5648864053143263,below_upper2,
nstxu_204202/N3/egn03w.5830E+02,bad,none,0.59620699046389,0.8649235121574227,below_upper2,
nstxu_204202/N3/egn03w.5952E+02,bad,none,0.5364981859134171,0.9137563332540293,below_upper2,
nstxu_204202/N4/egn04w.4189E+02,bad,none,-0.2832086004629157,0.5258917405396765,above_upper2,
nstxu_204202/N4/egn04w.5390E+02,bad,none,0.7770557209541399,0.9242009538641488,below_upper2,
nstxu_204202/N4/egn04w.5498E+02,bad,none,0.7270036470704169,0.8894473499789537,below_upper2,
nstxu_204202/N4/egn04w.5610E+02,bad,none,0.5187385264040422,0.7458908696118335,below_upper2,
nstxu_204202/N4/egn04w.5691E+02,bad,none,0.6032688701535341,0.9916756856440542,below_upper2,
nstxu_204202/N4/egn04w.5978E+02,bad,none,0.5960069589919882,0.8987948676931263,below_upper2,
nstxu_204202/N5/egn05w.4909E+02,bad,none,0.8152724497283619,0.9388097791902201,below_upper2,
nstxu_204202/N5/egn05w.5039E+02,bad,none,0.7573019871561064,0.8789977033987426,below_upper2,
nstxu_204202/N5/egn05w.5423E+02,bad,none,0.6252531779258682,0.8880270789184325,below_upper2,
nstxu_204202/N5/egn05w.5445E+02,bad,none,0.4495785481241121,0.795175607822289,below_upper2,
nstxu_204202/N5/egn05w.5473E+02,bad,none,0.5164469208336849,0.9493310462272295,below_upper2,
nstxu_204202/N5/egn05w.5612E+02,bad,none,0.750189784598879,0.9356194514774163,below_upper2,
nstxu_204202/N5/egn05w.5727E+02,bad,none,0.6536228411812611,0.8367961239527167,below_upper2,
nstxu_204202/N5/egn05w.5813E+02,bad,none,0.2185755416956387,0.9258813126569582,below_upper2,
nstxu_204202/N5/egn05w.6753E+02,bad,none,-0.5660497287682125,0.6182329350396271,above_upper2,
nstxu_204202/N6/egn06w.4500E+02,bad,none,0.8438010747274126,0.9715166072278575,below_upper2,
nstxu_204202/N6/egn06w.4624E+02,bad,none,0.7798973504673132,0.9073016955535225,below_upper2,
nstxu_204202/N6/egn06w.5134E+02,bad,none,0.719652509454013,0.9836694770993586,below_upper2,
nstxu_204202/N6/egn06w.5177E+02,bad,none,0.5590322681305003,0.992080083163686,below_upper2,
nstxu_204202/N6/egn06w.5736E+02,bad,none,0.7348139853791491,0.9006071185382886,below_upper2,
nstxu_204202/N6/egn06w.5856E+02,bad,none,0.594326133935144,0.8510605537023301,below_upper2,
nstxu_204202/N6/egn06w.6048E+02,bad,none,0.5660391241667966,0.8798564269418714,below_upper2,
nstxu_204202/N7/egn07w.3718E+02,bad,none,0.9506861916547328,0.9893192552224124,below_upper2,
nstxu_204202/N7/egn07w.4336E+02,bad,none,0.7731869333892577,0.9693607796747645,below_upper2,
nstxu_204202/N7/egn07w.5453E+02,bad,none,0.6764853879764053,0.9378967096074174,below_upper2,
nstxu_204202/N7/egn07w.5724E+02,bad,none,0.3825937376407056,0.7799357568731579,below_upper2,
nstxu_204202/N7/egn07w.5737E+02,bad,none,0.3129724054795412,0.7088578938611574,below_upper2,
nstxu_204202/N7/egn07w.5840E+02,bad,none,0.6914043234561763,0.932317683251022,below_upper2,
nstxu_204202/N7/egn07w.6286E+02,bad,none,-0.5448851891595867,0.5799957903666828,above_upper2,
nstxu_204202/N7/egn07w.6773E+02,bad,none,-0.5731817979040773,0.6191345705922995,above_upper2,
nstxu_204202/N7/egn07w.7246E+02,bad,none,-0.6269203183311048,0.5127389121195448,above_upper2,
nstxu_204202/N8/egn08w.3721E+02,good,tae,0.9610239545305526,0.9996961799830727,below_upper2,
nstxu_204202/N8/egn08w.4585E+02,bad,none,0.795039597417476,0.8739020924863761,below_upper2,
nstxu_204202/N8/egn08w.5180E+02,bad,none,0.8027918897726428,0.9806639391292651,below_upper2,
nstxu_204202/N8/egn08w.5262E+02,bad,none,0.647729517018129,0.9850118613124065,below_upper2,
nstxu_204202/N8/egn08w.5579E+02,bad,none,0.7311847702246038,0.9738015896864267,below_upper2,
nstxu_204202/N8/egn08w.5676E+02,bad,none,0.6897625682293579,0.8453428460588425,below_upper2,
nstxu_204202/N8/egn08w.5804E+02,bad,none,0.2412795062501115,0.8042422045431219,below_upper2,
nstxu_204202/N8/egn08w.5882E+02,bad,none,0.6235630405193244,0.945842176682275,below_upper2,
nstxu_204202/N8/egn08w.6547E+02,bad,none,-0.4832998022772623,0.7001607427781837,above_upper2,
nstxu_204202/N9/egn09w.3737E+02,good,tae,0.9339312238392082,0.993898081476947,below_upper2,
nstxu_204202/N9/egn09w.3911E+02,bad,none,0.8961423614213248,0.9164726101985136,below_upper2,
nstxu_204202/N9/egn09w.4417E+02,bad,none,0.8122764841896044,0.9161610454130982,below_upper2,
nstxu_204202/N9/egn09w.4979E+02,bad,none,0.6604511501032236,0.9211221244309591,below_upper2,
nstxu_204202/N9/egn09w.5019E+02,bad,none,0.5632005044408528,0.9861507594225151,below_upper2,
nstxu_204202/N9/egn09w.5431E+02,bad,none,0.3296012378472563,0.7741296877210629,below_upper2,
nstx_120113/N1/egn01w.6266E+02,bad,none,-0.05870535249789775,0.66240407289573,above_upper2,
nstx_120113/N10/egn10w.6724E+02,bad,none,0.4483261775992102,0.9472256316286061,below_upper2,
nstx_120113/N4/egn04w.6375E+02,bad,none,0.8993252404931169,0.9511272806992752,below_upper2,
nstx_120113/N7/egn07w.6461E+02,bad,none,0.3965966728238818,0.9053694796489209,below_upper2,
nstx_135388/N10/egn10w.1102E+03,bad,none,0.4537890356997073,0.9226933391870047,below_upper2,
nstx_135388/N2/egn02w.1202E+03,bad,none,0.3783745152279682,0.7241042900797389,below_upper2,
nstx_135388/N2/egn02w.1211E+03,bad,none,0.41859010712088,0.7535088485728912,below_upper2,
nstx_135388/N3/egn03w.1069E+03,bad,none,0.02043303094389181,0.7743191119391234,below_upper2,
nstx_135388/N3/egn03w.1173E+03,bad,none,-0.3775849751577185,0.5315255814895066,above_upper2,
nstx_135388/N3/egn03w.1217E+03,bad,none,0.3931976694836318,0.7545005679402788,below_upper2,
nstx_135388/N3/egn03w.1222E+03,bad,none,0.4662244065168085,0.8131418892826052,below_upper2,
nstx_135388/N3/egn03w.1240E+03,bad,none,-0.4538705415943391,0.5928758350632704,above_upper2,
nstx_135388/N5/egn05w.1088E+03,bad,none,0.878784218458706,0.9406858523730033,below_upper2,
nstx_135388/N5/egn05w.1107E+03,bad,none,0.5260971549475159,0.8446075203960661,below_upper2,
nstx_135388/N6/egn06w.9564E+02,bad,none,0.7836268576340253,0.9115059818155862,below_upper2,
nstx_135388/N6/egn06w.9565E+02,bad,none,0.7818081759935545,0.9106557742327693,below_upper2,
nstx_135388/N6/egn06w.9706E+02,bad,none,0.46873272446046,0.9172865602829552,below_upper2,
nstx_135388/N8/egn08w.1210E+03,bad,none,0.4417953475333851,0.836885763227649,below_upper2,
nstx_135388/N8/egn08w.2220E+03,bad,none,0.6456405671633701,0.6149798323892751,below_upper2,
nstx_141711/N1/egn01w.2375E+03,bad,none,-0.2588300180206218,0.6531307254786825,above_upper2,
nstx_141711/N1/egn01w.2858E+03,bad,none,-0.2476644828876904,0.8022194403582459,above_upper2,
nstx_141711/N10/egn10w.2337E+03,bad,none,0.6482171769844662,0.9040856016443505,below_upper2,
nstx_141711/N10/egn10w.2383E+03,bad,none,0.6122595630582911,0.9691738286148832,below_upper2,
nstx_141711/N10/egn10w.2415E+03,bad,none,0.5226239762144906,0.9488764495860782,below_upper2,
nstx_141711/N10/egn10w.2424E+03,bad,none,0.5498753314654987,0.96796626472627,below_upper2,
nstx_141711/N10/egn10w.2703E+03,bad,none,0.6652235291870446,0.9585024987164881,below_upper2,
nstx_141711/N2/egn02w.1352E+03,bad,none,0.2304650031222791,0.5226660214463298,below_upper2,
nstx_141711/N2/egn02w.2302E+03,bad,none,-0.4821257295584119,0.5595541778723723,above_upper2,
nstx_141711/N4/egn04w.1202E+03,bad,none,0.9243773135222226,0.9905416446620207,below_upper2,
nstx_141711/N4/egn04w.1510E+03,bad,none,0.8340485847225007,0.9648999976722239,below_upper2,
nstx_141711/N4/egn04w.2742E+03,bad,none,0.4600445010992808,0.8350099183039131,below_upper2,
nstx_141711/N5/egn05w.1252E+03,bad,none,0.8738683373231465,0.8865210612233096,below_upper2,
nstx_141711/N5/egn05w.2599E+03,bad,none,0.4277803949331879,0.8849774881823698,below_upper2,
nstx_141711/N8/egn08w.1166E+03,bad,none,0.9637965599917357,0.9791903216095549,below_upper2,
nstx_141711/N8/egn08w.2576E+03,bad,none,0.7099858152587643,0.9240019893994854,below_upper2,
nstx_141711/N8/egn08w.2630E+03,bad,none,0.5769643495545278,0.8926521401514249,below_upper2,
nstx_141711/N9/egn09w.2502E+03,bad,none,0.6305227743933325,0.8297145945580015,below_upper2,
nstx_141711/N9/egn09w.2537E+03,bad,none,0.4295322688778669,0.8903566201910013,below_upper2,
