shot,n,usable,suitable,median_relative_width,edge_monotonicity,lower_max_count,upper_min_count,extrema_pairs,upper_outer_change_rel,inner_center_frequency,shape_rmse_to_K51_same_n,raw_mode_count,error
nstxuG121123B12,6,True,True,0.39587558498655073,0.24592116177827722,2,2,2,-0.0663839767860673,4.846533951667082,0.05576955548098123,28,
nstxuG121123B12,7,True,True,0.45502897877050413,0.42413428780184675,2,2,2,-0.06650838059811405,4.855000933515025,0.06542309263998768,109,
nstxuG121123B12,8,True,True,0.44190896875081664,0.2123515808221808,3,2,2,-0.05641202633976431,4.858585118711603,0.06906586697771228,99,
nstxuG121123B12,9,True,True,0.4557479081031056,0.18963017866379434,3,3,3,-0.06486468262064411,4.842049184953895,0.08046967642648768,108,
nstxuG121123B12,10,True,True,0.4413000908068101,0.16301905292916996,4,4,4,-0.0611619783806888,4.863246486615296,0.07862473851661503,117,
nstxuG121123J38,6,True,True,0.3214055427422572,0.48700764186234224,1,1,1,-0.027603237929373033,5.492778118108507,0.03956658037485856,61,
nstxuG121123J38,7,True,True,0.3804133174836474,0.3788317143548278,1,1,1,-0.03203858657353186,5.4843936256992745,0.04314452101623364,106,
nstxuG121123J38,8,True,True,0.31472672298197196,0.3909376964530638,3,3,3,-0.02528521758556094,5.485171394338797,0.05360162613140222,73,
nstxuG121123J38,9,True,False,0.39043889876290133,0.5482489692575125,2,2,2,-0.020740077145846934,5.482024966294778,0.043725742615246616,96,
nstxuG121123J38,10,True,True,0.31758273917052615,0.30984912670950165,3,3,3,-0.022137164664757392,5.4791080911575785,0.052758596040549235,102,
nstxuG121123K34,6,True,True,0.2690686985894636,0.35691979230693743,3,2,2,-0.20505997480745713,7.985117981032393,0.10370714265095726,79,
nstxuG121123K34,7,True,True,0.3069643509262578,0.3597635783358878,3,3,3,-0.2050787372161886,7.960486743235252,0.08791206895139994,123,
nstxuG121123K34,8,True,True,0.2581194145693027,0.3074092652215805,4,4,4,-0.2016695730201966,7.97000353702305,0.09457659168507898,108,
nstxuG121123K34,9,True,True,0.2938864466675907,0.2874242240942413,4,4,4,-0.20971708747491483,7.95539629551776,0.08336770096665636,119,
nstxuG121123K34,10,True,True,0.2904710374148807,0.279816421133075,5,5,5,-0.20683030905577376,7.964328493457108,0.08844834928093506,141,
nstxuG121123K51,6,True,True,0.3897462880680555,0.46978016263936184,2,2,2,-0.04083687285731501,6.132462507378021,0.0,82,
nstxuG121123K51,7,True,True,0.40404539907898857,0.27887711274014787,2,2,2,-0.056788874865618344,6.152078987868658,0.0,96,
nstxuG121123K51,8,True,True,0.3865601248116704,0.22097705810337187,3,3,3,-0.059790004947081234,6.1242188172370575,0.0,117,
nstxuG121123K51,9,True,True,0.39941932099457594,0.2063660578781861,3,3,3,-0.05280858825561907,6.148151844635721,0.0,130,
nstxuG121123K51,10,True,True,0.3872990635259886,0.35801804223869543,3,3,3,-0.04754639548016804,6.122438273918384,0.0,115,
nstxuG121123K70,6,True,True,0.4034126996312627,0.3584514447432548,1,2,1,0.009193329640330239,5.220534092427744,0.05509131920609314,45,
nstxuG121123K70,7,True,True,0.3867020143958371,0.3183129942745287,1,1,1,0.011505612568988454,5.205036964886453,0.04215601167878279,57,
nstxuG121123K70,8,True,True,0.33856022574917516,0.2548884739885774,2,2,2,0.006100462224275393,5.206941398949317,0.038601852423705896,63,
nstxuG121123K70,9,True,True,0.38505612804171035,0.3245634966356015,3,3,3,0.005071996401549745,5.208189410568933,0.03340358136088134,63,
nstxuG121123K70,10,True,True,0.40400107764644305,0.4109516619516272,3,2,2,0.013968639677560605,5.203383355469446,0.0389659956646839,74,
nstxuG121123N22,6,True,False,0.14204275809411698,0.8893721054337222,1,1,1,0.1558896621659033,3.9576049656430907,0.21387710440264046,27,
nstxuG121123N22,7,True,False,0.14523267752760974,0.8413041741936185,2,2,2,0.16419485805032574,3.956521885664648,0.22222761391472345,96,
nstxuG121123N22,8,True,False,0.1421408132491732,0.8604785512138764,2,1,1,0.16382387871696263,3.9582560101866946,0.21384714599942325,192,
nstxuG121123N22,9,True,False,0.1444487176728568,0.8162610850219674,2,2,2,0.1587646925992729,3.9541695203509506,0.2174119357223603,168,
nstxuG121123N22,10,True,False,0.14165892321943807,0.8388075251855338,3,3,3,0.1614217637558355,3.9576047837356825,0.2153307165627423,178,
nstxuG121123N75,6,True,False,0.32918495534823855,0.5471332127312588,1,1,1,-0.06587385340362124,5.618486355557893,0.041633914942351954,65,
nstxuG121123N75,7,True,True,0.4039439532823486,0.36182228600289984,2,2,2,-0.06674082468962798,5.616628910201401,0.04270737232397636,80,
nstxuG121123N75,8,True,True,0.3382876684634583,0.41129620346755,2,2,2,-0.06876046883129398,5.60976179604271,0.052542876543679895,95,
nstxuG121123N75,9,True,False,0.3508679970478466,0.5766670720123998,2,2,2,-0.07879160764290791,5.612100756045958,0.0448893710803815,100,
nstxuG121123N75,10,True,True,0.3807803828990604,0.2912974752203629,2,1,1,-0.06433719197093013,5.607495120090716,0.049503361137891624,140,
nstxuG121123N80,6,True,True,0.33112669262304567,0.4977366462237664,1,1,1,-0.10382299503542429,6.215684880346478,0.04034344379032689,27,
nstxuG121123N80,7,True,True,0.38190217249362496,0.2640090547246618,2,2,2,-0.1103996222225596,6.238081506394793,0.03996899297592628,28,
nstxuG121123N80,8,True,False,0.3336159651573937,0.5638462883490736,2,2,2,-0.11697022598377953,6.226509572589563,0.05572868496261889,22,
nstxuG121123N80,9,True,True,0.35961313827382924,0.2018370933340843,3,3,3,-0.11506243773305593,6.230944060368493,0.05536153932393378,27,
nstxuG121123N80,10,True,True,0.34253223896364654,0.3963036423690859,3,3,3,-0.10843860389690313,6.2305517215692685,0.0631692398580082,22,
nstxuG121123Q62,6,True,False,0.12427623119183953,0.8109161380941325,2,0,0,0.1479972172833512,4.00857341654266,0.1914538165075477,95,
nstxuG121123Q62,7,True,False,0.13344784760099185,0.8036046837752369,3,1,1,0.16233307877799052,4.003510375312516,0.19516343179371148,119,
nstxuG121123Q62,8,True,False,0.12865575139137264,0.7950074925912708,3,1,1,0.15550206972254307,4.000928532494026,0.18876946595901103,117,
nstxuG121123Q62,9,True,False,0.1259580148692369,0.8018412777773737,2,0,0,0.16248242711475472,4.002037802023395,0.1886119740715502,161,
nstxuG121123Q62,10,True,False,0.11544793219757347,0.7961620868686148,3,0,0,0.15369233004920302,4.004325984901797,0.19102156285818028,194,
nstxuG121123R42,6,True,True,0.27347455050320907,0.475876168187487,2,1,1,-0.17019436004367247,6.94685337367901,0.09082685385431845,115,
nstxuG121123R42,7,True,True,0.287425963835293,0.23667496729427778,3,2,2,-0.17121520075739127,6.929628943566421,0.08062264954751695,115,
nstxuG121123R42,8,True,True,0.25122959652299076,0.29584471960583564,3,3,3,-0.16996549577191863,6.933059300532053,0.08005466904363603,120,
nstxuG121123R42,9,True,True,0.2755111554411288,0.3705607788464943,4,3,3,-0.16837689645720028,6.915554027745831,0.0870299072744313,139,
nstxuG121123R42,10,True,True,0.2877274225389243,0.15272057305342074,4,3,3,-0.16527689561697173,6.929211620391316,0.07761029121176904,122,
nstxuG133964R06,6,True,False,0.25800477939496513,0.8618357122554248,1,0,0,-0.09368440844463166,3.884478823446035,0.13611274016953764,54,
nstxuG133964R06,7,True,False,0.25907706515561235,0.8676723382805547,1,0,0,-0.09337871791063891,3.883663421703681,0.1369067176068394,25,
nstxuG133964R06,8,True,False,0.2573633185628207,0.8708791150577726,1,0,0,-0.06809128747885833,3.883193135790348,0.1372978676213769,52,
nstxuG133964R06,9,True,False,0.2573091493145083,0.8719150334468616,1,0,0,0.3200716700011331,3.882880494729215,0.13610243228079622,56,
nstxuG133964R06,10,True,False,0.25789372948476386,0.8754424174006326,1,0,0,5.6392689556969655,3.8826531753116313,0.1369219493563119,75,
nstxuG133964R48,6,True,False,0.09049560805965702,0.7637014639240154,1,1,1,-0.024908155414050632,4.106884565189522,0.18944243629041957,124,
nstxuG133964R48,7,True,False,0.10982486525115684,0.7388359634980998,1,1,1,0.18989308685717438,4.108720448566931,0.18932998298258025,101,
nstxuG133964R48,8,True,False,0.08925484107613797,0.7433732518271408,2,1,1,3.631210519563525,4.1062414135372585,0.18961566215628053,127,
nstxuG133964R48,9,True,False,0.11015350759954964,0.7116692747231403,2,2,2,nan,4.108718898572113,0.18341486704823312,134,
nstxuG133964R48,10,True,False,0.0907367908185582,0.7363301854583402,2,1,1,nan,4.1066390077225465,0.1903482460403149,105,
nstxuG133964S31,6,True,False,0.09461186515329947,0.8346280148269551,1,1,1,0.003710685803416842,3.903865909804449,0.18750790565797312,82,
nstxuG133964S31,7,True,False,0.0811158844577305,0.7944490969965294,1,1,1,0.005829305368601404,3.901630502881022,0.1978954835932147,115,
nstxuG133964S31,8,True,False,0.09465095474388457,0.8225087955000953,1,1,1,0.00286524235797058,3.9037029361860673,0.18813373828293478,119,
nstxuG133964S31,9,True,False,0.08195728011719113,0.7684303551536502,2,2,2,0.004559496327275216,3.901571248917885,0.19134389348679642,130,
nstxuG133964S31,10,True,False,0.09465955949433014,0.8002997995798331,1,1,1,0.0029098694174128957,3.9036796507511626,0.1903601546646853,137,
nstxuG133964U27,6,True,False,0.14461349699513004,0.47998180972350013,3,2,2,-0.01866480222448784,4.296264619268396,0.1294058785556144,118,
nstxuG133964U27,7,True,False,0.14016169730574432,0.43517702453680496,3,3,3,-0.018217631572293336,4.295967967631775,0.13967681494503698,154,
nstxuG133964U27,8,True,False,0.14295106950128844,0.3341135948051276,3,4,3,-0.01909324769916689,4.294208875705867,0.13698088083278495,138,
nstxuG133964U27,9,True,False,0.1439829214525644,0.39934939809395464,4,3,3,-0.017849909044641583,4.297093126254959,0.13169063991209984,151,
nstxuG133964U27,10,True,False,0.13955953148797698,0.30144070802755385,4,5,4,-0.017784532488283957,4.2930495956976635,0.13187304722423218,136,
nstxuG133964U37,6,True,False,0.08541763366288628,0.5642496227164122,2,2,2,-0.013223171092001346,4.119634590285725,0.16469788541723518,103,
nstxuG133964U37,7,True,False,0.08295792924827086,0.5063706348074982,3,3,3,-0.015072364886532706,4.119919878843332,0.17344830675648615,111,
nstxuG133964U37,8,True,False,0.08130799308540816,0.4687247023318008,3,3,3,-0.014109398373148486,4.1188053502351245,0.17078735597119477,126,
nstxuG133964U37,9,True,False,0.07796147243271595,0.434173395082189,4,4,4,-0.012067074275150113,4.117016222083075,0.16535431282759538,112,
nstxuG133964U37,10,True,False,0.09203239024713218,0.42520443835210864,4,3,3,-0.016409381798433795,4.115869872272043,0.16689769142243754,122,
nstxuG142301B37,6,True,True,0.33574192069761083,0.3139258206997236,2,2,2,-0.5527035819117905,9.657658365830319,0.061979325383481346,68,
nstxuG142301B37,7,True,True,0.28994836871886753,0.27423938575031936,2,2,2,-0.5543776780428963,9.65778329994144,0.07266331097339894,59,
nstxuG142301B37,8,True,True,0.3287051278235472,0.244814490539785,3,3,3,-0.5536474977607498,9.67339928204108,0.08441936540355136,0,
nstxuG142301B37,9,True,True,0.34841355400676866,0.26660466167119373,3,3,3,-0.5477006168575616,9.69424420904823,0.07270306296027708,92,
nstxuG142301B37,10,True,True,0.3622490172514623,0.2044121722368083,2,2,2,-0.515471886740377,9.714381296929465,0.0932858807458279,96,
nstxuG142301B85,6,True,False,0.3057907518917195,0.511227089119118,2,2,2,-0.47520823199007445,6.3425433533321485,0.07490593224066099,94,
nstxuG142301B85,7,True,True,0.27363670955159036,0.15704427495317483,2,2,2,-0.47890337496562624,6.344413222086028,0.08662061753324868,107,
nstxuG142301B85,8,True,True,0.30621574646221117,0.40787589630250676,3,3,3,-0.4789449043389525,6.343788522734041,0.08380839115454311,71,
nstxuG142301B85,9,True,True,0.268153280133582,0.26414817454849854,3,3,3,-0.4783711605635378,6.335491401494391,0.08209829491923476,75,
nstxuG142301B85,10,True,True,0.30110870761808306,0.25218654231145243,4,4,4,-0.4784114029286575,6.3511082391773535,0.0841974610265299,83,
nstxuG142301C50,6,True,True,0.42131908101918053,0.4937262216199398,2,1,1,-0.5297720523129127,8.218041111001757,0.07122681284596559,66,
nstxuG142301C50,7,True,False,0.4062749188478978,0.540318549649003,1,1,1,-0.5315282282758702,8.203411011730523,0.08053490360085655,66,
nstxuG142301C50,8,True,False,0.3969926928092179,0.5110245521094228,1,1,1,-0.5267143636518058,8.19162864292776,0.08593190130763242,40,
nstxuG142301C50,9,True,True,0.3658749816626256,0.41273299792309576,1,1,1,-0.5276447807830099,8.19205673151548,0.06461561789274607,80,
nstxuG142301C50,10,True,True,0.33556742391860434,0.3129832924875966,2,2,2,-0.5311525674160367,8.187043168745731,0.0753187446288307,76,
nstxuG142301D46,6,True,True,0.2615836504307115,0.4577701382717627,3,2,2,-0.4679278212283242,5.7174495430605425,0.09326253598650561,52,
nstxuG142301D46,7,True,True,0.27530515888712564,0.4219381106885432,2,1,1,-0.46736538717608966,5.700759712839,0.08978886379798348,1,
nstxuG142301D46,8,True,False,0.24673664071405826,0.3437024559067598,3,3,3,-0.466864077483019,5.710840161821953,0.09072950767189834,91,
nstxuG142301D46,9,True,True,0.2684985207593883,0.4977282991364332,3,2,2,-0.4698113879624908,5.705070691072811,0.08272518001601133,57,
nstxuG142301D46,10,True,False,0.23366088281109226,0.23042255063524983,4,3,3,-0.4697778733726415,5.702795819861285,0.09831807419197446,186,
nstxuG142301E34,6,True,True,0.4253684449117018,0.31274022077478986,3,3,3,-0.2598263582846458,4.626229741522701,0.09071036522023879,152,
nstxuG142301E34,7,True,True,0.41565220816215687,0.26480180739152537,4,4,4,-0.2619257038118961,4.63421378660606,0.08011326039240026,0,
nstxuG142301E34,8,True,True,0.41703241776547595,0.24976160336683376,4,4,4,-0.26162687891997366,4.650492990550484,0.08666169687440801,155,
nstxuG142301E34,9,True,True,0.42586361366958264,0.22498413438884657,4,4,4,-0.2638175204507693,4.615776532813079,0.08072340317985165,169,
nstxuG142301E34,10,True,True,0.4356150888124246,0.2147577778792658,5,5,5,-0.2596870167889656,4.653406979771516,0.07612756055147028,181,
nstxuG142301E55,6,True,True,0.3649663748033831,0.3980743153236762,2,1,1,-0.5789343354560782,7.485836301272236,0.06694232045694339,80,
nstxuG142301E55,7,True,True,0.383800120964676,0.18410936610796785,2,1,1,-0.5862486569191747,7.48059920645211,0.050052298593599234,53,
nstxuG142301E55,8,True,True,0.4029815143687913,0.1692655325567724,3,1,1,-0.586067334320675,7.47564109491523,0.07460468655143297,83,
nstxuG142301E55,9,True,True,0.4135852668470377,0.2426025090045827,2,2,2,-0.581313938758213,7.461455576711025,0.07278137563025773,57,
nstxuG142301E55,10,True,True,0.39441943664066637,0.24396462797143395,2,2,2,-0.5906956969974748,7.453208897550271,0.05560334215671774,183,
nstxuG142301E72,6,True,False,0.14835476233361558,0.6241633505159674,2,1,1,-0.46366191683452046,4.163364879376912,0.1582795127249595,52,
nstxuG142301E72,7,True,False,0.13950586504431184,0.6077578293002786,3,1,1,-0.4621355202654333,4.161514231919841,0.16401374682322084,88,
nstxuG142301E72,8,True,False,0.13013906804059935,0.599660667723229,3,1,1,-0.4610301000701864,4.160159451676981,0.16029483906379757,92,
nstxuG142301E72,9,True,False,0.12454571769808565,0.5733396254241439,4,3,3,-0.46316519041058346,4.159066475339154,0.1562765407603401,119,
nstxuG142301E72,10,True,False,0.12357228061134459,0.5481763078237747,3,3,3,-0.46192645479817057,4.15815792764615,0.1619144828882247,98,
nstxuG142301E77,6,True,False,0.09830382183561161,0.7365670018156192,1,0,0,-0.4638341041917253,4.058310865984671,0.17524977550487034,82,
nstxuG142301E77,7,True,False,0.11107974764359407,0.722371732267377,3,1,1,-0.4640645043493042,4.061325651579361,0.17640165563513527,127,
nstxuG142301E77,8,True,False,0.11549914129277981,0.6961070794268236,3,1,1,-0.4633334355583011,4.061602299721154,0.17059302139249619,123,
nstxuG142301E77,9,True,False,0.09787200247927812,0.682496588339504,2,1,1,-0.46386288245648966,4.057420564966316,0.17441605542353975,124,
nstxuG142301E77,10,True,False,0.1349740069010189,0.6588058941657733,4,2,2,-0.46279651121284393,4.063568776451372,0.17105131841906798,124,
nstxuG142301F62,6,True,True,0.39308034967043975,0.2925518359723595,2,2,2,-0.5378111838186435,8.915397180152576,0.08364025036792758,59,
nstxuG142301F62,7,True,True,0.42694100047284295,0.2770526734671198,2,2,2,-0.538883783667249,8.885169594651497,0.07868324556142899,44,
nstxuG142301F62,8,True,True,0.4451151181070404,0.2565775922667678,3,2,2,-0.5418425644232571,8.845409381345867,0.0820702224758241,111,
nstxuG142301F62,9,True,True,0.45016841985920225,0.23299903102002772,3,3,3,-0.5364311689113889,8.831908628658649,0.08640600516453996,107,
nstxuG142301F62,10,True,True,0.40739146208420907,0.20890677868378113,3,3,3,-0.5254625476257108,8.853080495481493,0.08246854118898915,120,
nstxuG142301F66,6,True,True,0.3257704623535533,0.3838735953921938,2,2,2,-0.5190420204096889,7.599219875175271,0.06671882865980468,68,
nstxuG142301F66,7,True,True,0.3059825622662242,0.10760314901351337,2,2,2,-0.5204172277419514,7.608487716728513,0.06742714054688284,80,
nstxuG142301F66,8,True,True,0.308990552307008,0.36008110836701285,2,2,2,-0.5209710902627277,7.606645452109933,0.07722288816690266,70,
nstxuG142301F66,9,True,True,0.31732267202071257,0.16206873624527762,3,3,3,-0.5197703248221026,7.6000747676558,0.06748237417592183,72,
nstxuG142301F66,10,True,True,0.28970800894810034,0.349326526033377,4,4,4,-0.5178799148112087,7.612763557222388,0.08362125153589829,71,
nstxuG142301F83,6,True,False,0.19027348111270298,0.20109884817337034,2,2,2,-0.5421127432071227,6.798126800783369,0.10620091822521405,4,
nstxuG142301F83,7,True,False,0.23505632864706077,0.14800725641314355,3,3,3,-0.5195746963751725,6.792777266924912,0.11045004102459395,94,
nstxuG142301F83,8,True,True,0.2619072104838708,0.1413710778269051,3,3,3,-0.5039872432384274,6.791525321455335,0.09717060175941224,109,
nstxuG142301F83,9,True,True,0.26081911016390413,0.13654149926900608,4,3,3,-0.4888940826606364,6.7913037998445045,0.09763490736872209,128,
nstxuG142301F83,10,True,False,0.24410825361821062,0.12417356807309138,4,3,3,-0.4783292002140138,6.786994801575686,0.09731160842696296,108,
nstxuG142301H47,6,True,True,0.376673939776175,0.37018220028010085,3,3,3,-0.27956915043630626,4.470848308879852,0.07426578249604701,123,
nstxuG142301H47,7,True,True,0.3744951126492313,0.32665786895075244,3,3,3,-0.28186221940695666,4.457122292514256,0.07282071274992258,141,
nstxuG142301H47,8,True,True,0.3725612156973642,0.3092632976240716,4,4,4,-0.2845213948303657,4.486564819503397,0.07686035114778482,151,
nstxuG142301H47,9,True,True,0.3793864357832646,0.27484062027215367,4,4,4,-0.2866929197333886,4.456626396899178,0.06659015563126013,155,
nstxuG142301H47,10,True,True,0.3805395470074651,0.26964760666344545,4,4,4,-0.28317006157655017,4.468109461774855,0.06360294317813181,173,
nstxuG142301H56,6,True,True,0.26277184082750393,0.1288592837146148,3,2,2,-0.5089240959127269,6.533316630897748,0.09090857854583209,83,
nstxuG142301H56,7,True,False,0.2065556421101933,0.3775262031706416,4,2,2,-0.512565874586597,6.537218920083667,0.1096750121705004,89,
nstxuG142301H56,8,True,True,0.28393895536669145,0.17022658816925193,3,2,2,-0.5088344000459699,6.529498851321041,0.08106770657395443,75,
nstxuG142301H56,9,True,False,0.2401474499510067,0.1067485514881217,3,3,3,-0.5122355183684904,6.519887567196777,0.09476798152662178,78,
nstxuG142301H56,10,True,True,0.27119493090839275,0.3075898048678304,3,3,3,-0.48647269972953333,6.539372086108841,0.08897974734023252,178,
nstxuG142301K79,6,True,False,0.1945076359503042,0.4008981954635703,2,2,2,-0.5239795206383415,7.573721144790973,0.09356160147909143,67,
nstxuG142301K79,7,True,True,0.32539880779755714,0.19707969467166553,2,2,2,-0.5317196846701351,7.578367530291476,0.0777016005751793,103,
nstxuG142301K79,8,True,False,0.24651406122357747,0.2666235880486562,3,3,3,-0.5310326385588302,7.568754676139292,0.1010033403424326,62,
nstxuG142301K79,9,True,True,0.3161828088492839,0.1826509727130518,3,3,3,-0.5307384085616,7.570084552156526,0.0796731084188241,85,
nstxuG142301K79,10,True,True,0.27112302370530394,0.12124771855467995,4,4,4,-0.49214008667601394,7.568635321779961,0.08810554944385161,60,
nstxuG142301L89,6,True,True,0.3246108334821548,0.41523678294490823,2,2,2,-0.38824473651182634,5.086078468360528,0.06315515805306363,129,
nstxuG142301L89,7,True,True,0.3129889438870329,0.3238861605867002,3,3,3,-0.38763583228125476,5.099154263628713,0.06938018737992553,130,
nstxuG142301L89,8,True,True,0.32761779935858437,0.2617755739936728,3,2,2,-0.3894848667582738,5.071919638212632,0.06287926585856955,130,
nstxuG142301L89,9,True,True,0.3250322197396916,0.4015944120194638,3,2,2,-0.38954913950957254,5.073421215939295,0.07068831239917413,121,
nstxuG142301L89,10,True,True,0.30986719869548435,0.20184175753705413,3,3,3,-0.39031106487749045,5.099542287995304,0.06438280713201734,149,
nstxuG142301L94,6,True,True,0.3414470245241928,0.3893003274738575,3,2,2,-0.36702537923130035,4.734125680699593,0.07006244342788696,113,
nstxuG142301L94,7,True,True,0.35758994749834677,0.3005681407506458,2,2,2,-0.3678668120329852,4.719514209427709,0.05235670909073499,113,
nstxuG142301L94,8,True,True,0.337494989273111,0.23901941512748082,3,3,3,-0.36428675685007805,4.727066650866598,0.048473850435450716,124,
nstxuG142301L94,9,True,True,0.346031584749181,0.3756556779352077,3,3,3,-0.3664494250284398,4.724712932870246,0.04198022292666179,133,
nstxuG142301L94,10,True,True,0.35141281222601795,0.22641065738974714,3,3,3,-0.36685682762339444,4.720895000138372,0.050152127243915615,134,
nstxuG142301M21,6,True,True,0.5006684207910961,0.31450553711841056,2,2,2,-0.5679241144103192,9.32064763807936,0.0890035883754785,86,
nstxuG142301M21,7,True,True,0.5742770596119133,0.28365623259266365,2,2,2,-0.5480364704969573,9.330848999948952,0.11687325151656668,72,
nstxuG142301M21,8,True,True,0.49447872333193754,0.29570773895973695,2,2,2,-0.5586154397072495,9.36353026943662,0.11129260081765402,44,
nstxuG142301M21,9,True,True,0.46365922543753396,0.21022053247121184,3,3,3,-0.5660621140209385,9.311792642516583,0.08321868667916255,118,
nstxuG142301M21,10,True,True,0.5717582847128021,0.20987542105328438,3,2,2,-0.5649203630188921,9.275785069526476,0.11682478172022054,122,
nstxuG142301M32,6,True,False,0.1898252133531998,0.5080623676325815,1,0,0,-0.5170261738949173,5.256910905947062,0.10504632173640797,86,
nstxuG142301M32,7,True,False,0.1805369040079438,0.43027041648171116,1,1,1,-0.5156792465261062,5.257106886316031,0.12018426719911238,70,
nstxuG142301M32,8,True,True,0.2503062534483929,0.41339894691281587,2,1,1,-0.5163462793416304,5.265254023121518,0.10742154602653574,100,
nstxuG142301M32,9,True,True,0.2678048579856468,0.40447590377504417,2,2,2,-0.5165284646133994,5.268038384488387,0.0965079948599039,117,
nstxuG142301M32,10,True,False,0.20812555484779638,0.40916688025726083,3,2,2,-0.5150886392918262,5.262403020912892,0.10605539002819467,120,
nstxuG142301Q91,6,True,False,0.20214674283321743,0.5209405766088693,2,1,1,-0.6442363762295178,7.060670455034357,0.08854672651280054,0,
nstxuG142301Q91,7,True,True,0.2969207640714114,0.14842871796150295,2,2,2,-0.6440897249057169,7.058178637426593,0.07447431950529466,56,
nstxuG142301Q91,8,True,True,0.34813697422043544,0.13507626562922184,3,2,2,-0.6022795806103931,7.050799251555048,0.07674769680330407,72,
nstxuG142301Q91,9,True,True,0.3532764606785186,0.29972408041639886,2,2,2,-0.5704440310788805,7.041955417832424,0.07125239675746398,62,
nstxuG142301Q91,10,True,False,0.2480344616208707,0.2734868730780743,4,4,4,-0.5649512744352517,7.039522908544127,0.09025691063257162,155,
nstxuG142301S39,6,True,False,0.32585531578324217,0.9475716185961969,0,0,0,-0.41316753565547104,4.168654431358167,0.06650795690744761,0,
nstxuG142301S39,7,True,False,0.4075669225600495,0.9469818282457273,0,1,0,-0.40884043932554076,4.171203925842292,0.06555592711005286,115,
nstxuG142301S39,8,True,False,0.36808924256007036,0.9962935270387641,0,0,0,-0.4121199375162178,4.16224492714571,0.052912519799674776,136,
nstxuG142301S39,9,True,False,0.2958064974414026,0.7177258098275127,0,1,0,-0.4079155816660002,4.162571591973985,0.05450762396092031,123,
nstxuG142301S39,10,True,False,0.36624991692480524,0.9017408607910234,0,1,0,-0.4069066674849775,4.162767587688151,0.06488601964864668,96,
nstxuG142301S94,6,True,False,0.39637341509739366,0.7908951204341395,0,1,0,-0.4298878014739034,4.2799764275867584,0.058245905325955645,128,
nstxuG142301S94,7,True,False,0.3594323603905187,0.5159112609201996,1,1,1,-0.4309534668656804,4.265322260148598,0.047771016608724834,135,
nstxuG142301S94,8,True,False,0.3598677369300988,0.5143314379394935,2,1,1,-0.43105765429544085,4.277744051455668,0.05584483224118803,136,
nstxuG142301S94,9,True,False,0.4570664175115932,0.8188817418449554,1,1,1,-0.4223024466611814,4.288379296681171,0.05937677370556342,139,
nstxuG142301S94,10,True,False,0.43129012657934307,0.8105601521478679,1,1,1,-0.4362901542424075,4.28822227351851,0.06359574366560104,127,
nstxuG142301U84,6,True,False,0.1758187949555076,0.46410171676456424,3,1,1,-0.48910767476517125,5.383415949707243,0.12961103086398074,115,
nstxuG142301U84,7,True,False,0.1118149527470215,0.2874960057972238,2,2,2,-0.49309837923886285,5.377908960293331,0.15460831744568712,113,
nstxuG142301U84,8,True,False,0.17002331323973074,0.2796986670989208,4,2,2,-0.4892757953176621,5.375561405653876,0.13465379014197898,131,
nstxuG142301U84,9,True,False,0.10864329090868359,0.27019739174786095,3,2,2,-0.4444948339317426,5.372821965325885,0.1475476400731047,133,
nstxuG142301U84,10,True,False,0.16235186927502768,0.25554399796785604,4,3,3,-0.4203284567471988,5.380868925922359,0.1363053598938824,165,
nstxuG142301U85,6,True,False,0.21977764840689193,0.3006508872012886,3,2,2,-0.5215269745216072,6.021318233788746,0.10551552620429404,123,
nstxuG142301U85,7,True,False,0.22777098677464674,0.19995869496540106,4,3,3,-0.5220488987414539,6.0315408435501725,0.11476065531408884,111,
nstxuG142301U85,8,True,False,0.23669347162276347,0.34260064189034684,3,3,3,-0.5221518772931032,6.035946277515564,0.10851947080980694,113,
nstxuG142301U85,9,True,False,0.21988830555505307,0.23591531404194496,4,4,4,-0.5103787623814066,6.026047646447854,0.11458215044823465,112,
nstxuG142301U85,10,True,False,0.19002202270610366,0.1835871344729976,5,5,5,-0.4678511489391535,6.017695663601462,0.11554783402081265,108,
nstxuG142301V21,6,True,True,0.3925243157414954,0.3307097784439405,3,3,3,-0.2948036854352987,4.67582124139323,0.07447247782963688,0,
nstxuG142301V21,7,True,True,0.385964392005327,0.3031792971000583,3,3,3,-0.296922599965778,4.67025031782401,0.0758786896974313,135,
nstxuG142301V21,8,True,True,0.40269693527279554,0.3040622267581615,3,3,3,-0.2962220493654753,4.697548914179769,0.07943062771315365,153,
nstxuG142301V21,9,True,True,0.3941894874892068,0.25784561088222585,4,4,4,-0.2997380290721053,4.6611667390199205,0.07458524411191708,162,
nstxuG142301V21,10,True,True,0.4032968705562615,0.24409472365666895,4,4,4,-0.29827269186208993,4.686512624690032,0.07280605916001591,181,
nstxuG142301W29,6,True,True,0.3944370417438421,0.31738009838923315,2,2,2,-0.3009001896396287,4.792350475917958,0.046410217436237196,121,
nstxuG142301W29,7,True,True,0.40756485039541107,0.30355842886018947,3,3,3,-0.30196259334486597,4.790358781276664,0.04508409887881588,133,
nstxuG142301W29,8,True,True,0.3903139598308787,0.24532018700913774,4,4,4,-0.3032765987918346,4.781557147525802,0.04555289536602934,137,
nstxuG142301W29,9,True,True,0.38720390953981276,0.23559706628151073,5,4,4,-0.2997544180194921,4.798700707001176,0.046431086739343014,149,
nstxuG142301W29,10,True,True,0.39938096307532645,0.21868704676657058,4,4,4,-0.3026028543959402,4.7738610204988925,0.04725838676523242,162,
nstxuG142301Y93,6,True,False,0.1482088213005953,0.5337219259346166,2,1,1,-0.4414384218823951,4.179283388218508,0.1349910560889028,6,
nstxuG142301Y93,7,True,False,0.1459470949961944,0.5123646069622989,2,0,0,-0.4428280006550677,4.1778678609732935,0.14854730796356627,59,
nstxuG142301Y93,8,True,False,0.20281964274271863,0.4884622386310492,3,1,1,-0.443506493441706,4.184313830760069,0.14006988766051104,97,
nstxuG142301Y93,9,True,False,0.21394725814493615,0.4744843982131703,3,1,1,-0.4422249230078935,4.185705362868229,0.13001711273006622,122,
nstxuG142301Y93,10,True,False,0.16500539827057845,0.4543817202741228,4,2,2,-0.44351810606215686,4.178859514236273,0.13595803736025575,69,
