overall_rank,new_candidate_rank,selection,shot,already_labeled,passes_topology,inner_shape_rmse_to_K51,full_shape_rmse_to_K51,median_relative_width,edge_monotonicity,center_change_rel,inner_center_frequency,center_frequency_ratio_to_K51,lower_max_count,upper_min_count,extrema_count,extrema_pairs,extrema_prominence_sum_rel,extrema_prominence_max_rel,upper_outer_change_rel,n8_mode_count,n7_10_mode_count
1,,reference_labeled,nstxuG121123K51,True,True,0.000000,0.000000,0.386560,0.220977,-0.095877,6.124219,1.000000,3,3,6,3,0.446748,0.133716,-0.059790,117,458
2,1,new_candidate,nstxuG121123K70,False,True,0.038602,0.049894,0.338560,0.254888,-0.064698,5.206941,0.850221,2,2,4,2,0.324700,0.154925,0.006100,63,257
3,2,new_candidate,nstxuG142301W29,False,True,0.045553,0.154172,0.390314,0.245320,-0.148397,4.781557,0.780762,4,4,8,4,0.553499,0.130413,-0.303277,137,581
4,3,new_candidate,nstxuG142301L94,False,True,0.048474,0.163339,0.337495,0.239019,-0.087079,4.727067,0.771864,3,3,6,3,0.346488,0.111129,-0.364287,124,504
5,4,new_candidate,nstxuG121123N75,False,True,0.052543,0.039541,0.338288,0.411296,-0.036466,5.609762,0.915996,2,2,4,2,0.157364,0.073656,-0.068760,95,415
6,,passes_already_labeled,nstxuG121123J38,True,True,0.053602,0.046920,0.314727,0.390938,-0.049912,5.485171,0.895652,3,3,6,3,0.222141,0.070929,-0.025285,73,377
7,5,new_candidate,nstxuG142301L89,False,True,0.062879,0.178974,0.327618,0.261776,-0.068946,5.071920,0.828174,3,2,5,2,0.229360,0.090121,-0.389485,130,530
8,6,new_candidate,nstxuG121123B12,False,True,0.069066,0.049731,0.441909,0.212352,-0.105231,4.858585,0.793340,3,2,5,2,0.390079,0.157339,-0.056412,99,433
9,7,new_candidate,nstxuG142301E55,False,True,0.074605,0.234248,0.402982,0.169266,-0.042310,7.475641,1.220669,3,1,4,1,0.163625,0.083016,-0.586067,83,376
10,8,new_candidate,nstxuG142301Q91,False,True,0.076748,0.343618,0.348137,0.135076,-0.030808,7.050799,1.151298,3,2,5,2,0.210137,0.071708,-0.602280,72,345
11,,passes_already_labeled,nstxuG142301H47,True,True,0.076860,0.166143,0.372561,0.309263,-0.143410,4.486565,0.732594,4,4,8,4,0.307274,0.086737,-0.284521,151,620
12,9,new_candidate,nstxuG142301F66,False,True,0.077223,0.215258,0.308991,0.360081,-0.025537,7.606645,1.242060,2,2,4,2,0.202691,0.062631,-0.520971,70,293
13,10,new_candidate,nstxuG142301V21,False,True,0.079431,0.162667,0.402697,0.304062,-0.150174,4.697549,0.767045,3,3,6,3,0.347911,0.097189,-0.296222,153,631
14,11,new_candidate,nstxuG121123R42,False,True,0.080055,0.159844,0.251230,0.295845,-0.042515,6.933059,1.132072,3,3,6,3,0.205985,0.047540,-0.169965,120,496
15,12,new_candidate,nstxuG142301H56,False,True,0.081068,0.228440,0.283939,0.170227,-0.031980,6.529499,1.066177,3,2,5,2,0.187106,0.065686,-0.508834,75,420
16,13,new_candidate,nstxuG142301F62,False,True,0.082070,0.280410,0.445115,0.256578,-0.116370,8.845409,1.444333,3,2,5,2,0.334422,0.108514,-0.541843,111,382
17,14,new_candidate,nstxuG142301B85,False,True,0.083808,0.197049,0.306216,0.407876,-0.010742,6.343789,1.035853,3,3,6,3,0.187518,0.060816,-0.478945,71,336
18,15,new_candidate,nstxuG142301B37,False,True,0.084419,0.288924,0.328705,0.244814,-0.114011,9.673399,1.579532,3,3,6,3,0.292780,0.082464,-0.553647,0,247
19,16,new_candidate,nstxuG142301E34,False,True,0.086662,0.170376,0.417032,0.249762,-0.176294,4.650493,0.759361,4,4,8,4,0.583845,0.113553,-0.261627,155,505
20,17,new_candidate,nstxuG121123K34,False,True,0.094577,0.239208,0.258119,0.307409,-0.127942,7.970004,1.301391,4,4,8,4,0.288333,0.052669,-0.201670,108,491
21,18,new_candidate,nstxuG142301F83,False,True,0.097171,0.388502,0.261907,0.141371,-0.042763,6.791525,1.108962,3,3,6,3,0.277237,0.072762,-0.503987,109,439
22,19,new_candidate,nstxuG142301M32,False,True,0.107422,0.203305,0.250306,0.413399,0.061056,5.265254,0.859743,2,1,3,1,0.111945,0.075801,-0.516346,100,407
23,20,new_candidate,nstxuG142301M21,False,True,0.111293,0.275954,0.494479,0.295708,-0.120405,9.363530,1.528935,2,2,4,2,0.254522,0.105408,-0.558615,44,356
24,,does_not_pass,nstxuG142301S39,False,False,0.052913,0.110056,0.368089,0.996294,-0.009674,4.162245,0.679637,0,0,0,0,0.000000,0.000000,-0.412120,136,470
25,,does_not_pass,nstxuG121123N80,False,False,0.055729,0.058027,0.333616,0.563846,-0.052726,6.226510,1.016703,2,2,4,2,0.180508,0.076747,-0.116970,22,99
26,,does_not_pass,nstxuG142301S94,False,False,0.055845,0.128410,0.359868,0.514331,-0.032377,4.277744,0.698496,2,1,3,1,0.074454,0.046666,-0.431058,136,537
27,,does_not_pass,nstxuG142301C50,False,False,0.085932,0.215139,0.396993,0.511025,-0.057223,8.191629,1.337579,1,1,2,1,0.139594,0.079458,-0.526714,40,262
28,,does_not_pass,nstxuG142301D46,False,False,0.090730,0.180173,0.246737,0.343702,0.027763,5.710840,0.932501,3,3,6,3,0.218141,0.083374,-0.466864,91,335
29,,does_not_pass,nstxuG142301K79,False,False,0.101003,0.340088,0.246514,0.266624,-0.053228,7.568755,1.235873,3,3,6,3,0.257663,0.063861,-0.531033,62,310
30,,does_not_pass,nstxuG142301U85,False,False,0.108519,0.222229,0.236693,0.342601,0.036271,6.035946,0.985586,3,3,6,3,0.245039,0.073679,-0.522152,113,444
31,,does_not_pass,nstxuG142301U84,False,False,0.134654,0.238254,0.170023,0.279699,0.066485,5.375561,0.877755,4,2,6,2,0.130501,0.052309,-0.489276,131,542
32,,does_not_pass,nstxuG133964U27,False,False,0.136981,0.172893,0.142951,0.334114,-0.003280,4.294209,0.701185,3,4,7,3,0.141157,0.058320,-0.019093,138,579
33,,does_not_pass,nstxuG133964R06,False,False,0.137298,0.360433,0.257363,0.870879,0.164995,3.883193,0.634072,1,0,1,0,0.013874,0.013874,-0.068091,52,208
34,,does_not_pass,nstxuG142301Y93,True,False,0.140070,0.182001,0.202820,0.488462,0.131090,4.184314,0.683240,3,1,4,1,0.107336,0.075174,-0.443506,97,347
35,,does_not_pass,nstxuG142301E72,False,False,0.160295,0.210423,0.130139,0.599661,0.153847,4.160159,0.679296,3,1,4,1,0.085771,0.059498,-0.461030,92,397
36,,does_not_pass,nstxuG142301E77,False,False,0.170593,0.231803,0.115499,0.696107,0.178303,4.061602,0.663203,3,1,4,1,0.079370,0.046796,-0.463333,123,498
37,,does_not_pass,nstxuG133964U37,False,False,0.170787,0.207892,0.081308,0.468725,0.071143,4.118805,0.672544,3,3,6,3,0.110228,0.060394,-0.014109,126,471
38,,does_not_pass,nstxuG133964S31,True,False,0.188134,0.254071,0.094651,0.822509,0.186427,3.903703,0.637421,1,1,2,1,0.046723,0.025598,0.002865,119,501
39,,does_not_pass,nstxuG121123Q62,True,False,0.188769,0.220734,0.128656,0.795007,0.274063,4.000929,0.653296,3,1,4,1,0.068618,0.039038,0.155502,117,591
40,,does_not_pass,nstxuG133964R48,False,False,0.189616,0.765148,0.089255,0.743373,0.176084,4.106241,0.670492,2,1,3,1,0.068215,0.025034,3.631211,127,467
41,,does_not_pass,nstxuG121123N22,False,False,0.213847,0.248052,0.142141,0.860479,0.328854,3.958256,0.646328,2,1,3,1,0.047676,0.032402,0.163824,192,634
