path,label,input_fingerprint,extremum_qualified,extremum_match_found,ext_dr,ext_df_gap,ext_energy_frac,energy_peak_r,energy_halfmax_width_grid,no_axis_decision,no_axis_primary_reason,w2_decision,w2_primary_reason,w2_axis_fires,w2_axis_peak,w2_axis_peak_harmonic_index,w2_axis_peak_r,w2_axis_halfmax_width_grid,w2_axis_component_touches_boundary,w3_decision,w3_primary_reason,w3_axis_fires,w3_axis_peak,w3_axis_peak_harmonic_index,w3_axis_peak_r,w3_axis_halfmax_width_grid,w3_axis_component_touches_boundary,w5_decision,w5_primary_reason,w5_axis_fires,w5_axis_peak,w5_axis_peak_harmonic_index,w5_axis_peak_r,w5_axis_halfmax_width_grid,w5_axis_component_touches_boundary,w10_decision,w10_primary_reason,w10_axis_fires,w10_axis_peak,w10_axis_peak_harmonic_index,w10_axis_peak_r,w10_axis_halfmax_width_grid,w10_axis_component_touches_boundary
nstxuG121123K70/N1/egn01w.2307E+02,,355ef9c5d72e2cad646df565eeab95902143365971ec9247e31ead519ad9a91d,False,True,0.165,0.3176127083825062,2.779623709354307e-06,0.02,1.581374558805193,BAD,BAD_GRID_SCALE_SPIKE,BAD,BAD_GRID_SCALE_SPIKE,False,1.0,1,0.02,3.4714859856995837,False,BAD,BAD_AXIS_SPIKE,True,0.2494657552742081,3,0.02,2.653635296982384,False,BAD,BAD_AXIS_SPIKE,True,1.0,1,0.02,3.4714859856995837,False,BAD,BAD_AXIS_SPIKE,True,1.0,1,0.02,3.4714859856995837,False
nstxuG121123K70/N1/egn01w.2401E+02,,46c4465ccd1332a93de3d6fddc5a90490c64391e06aeaffef28926d13dd8e4e8,False,True,0.16999999999999998,0.291714914866494,0.007850749328566047,0.015,1.4227056251741834,BAD,BAD_GRID_SCALE_SPIKE,BAD,BAD_AXIS_SPIKE,True,0.2514974415991262,3,0.02,1.9202266842043565,False,BAD,BAD_AXIS_SPIKE,True,1.0,1,0.015,2.086288109926108,False,BAD,BAD_AXIS_SPIKE,True,1.0,1,0.015,2.086288109926108,False,BAD,BAD_AXIS_SPIKE,True,1.0,1,0.015,2.086288109926108,False
nstxuG121123K70/N1/egn01w.2481E+02,,2089e93a12b217e18ab302bee18e71d44da235c479b4d1bf9cfb668750633bcd,False,True,0.16999999999999998,0.2707225578138481,0.01086875750265072,0.015,1.8102753319241693,BAD,BAD_GRID_SCALE_SPIKE,BAD,BAD_AXIS_SPIKE,True,0.2901350831106845,3,0.015,1.384033304130139,False,BAD,BAD_AXIS_SPIKE,True,1.0,1,0.015,2.012741512699833,False,BAD,BAD_AXIS_SPIKE,True,1.0,1,0.015,2.012741512699833,False,BAD,BAD_AXIS_SPIKE,True,1.0,1,0.015,2.012741512699833,False
nstxuG121123K70/N1/egn01w.2636E+02,,9fd5c784a6034927e2e477b1145f8c5955bdc8d3f7f5c0b656a522fa0b6cd00b,False,True,0.175,0.23279660481326123,0.05943571434247752,0.01,1.0477273899849024,BAD,BAD_INTERIOR_UNRESOLVED_ENVELOPE,BAD,BAD_AXIS_SPIKE,True,1.0,1,0.01,1.222755771753112,False,BAD,BAD_AXIS_SPIKE,True,1.0,1,0.01,1.222755771753112,False,BAD,BAD_AXIS_SPIKE,True,1.0,1,0.01,1.222755771753112,False,BAD,BAD_AXIS_SPIKE,True,1.0,1,0.01,1.222755771753112,False
nstxuG121123K70/N1/egn01w.2652E+02,,8e8ce57a6ff73049e4ad4b99a5c8eed4cbd1e8938964b007e5172b4976b7ef45,False,True,0.175,0.22913997915851508,0.05585682543070049,0.01,1.0552652029458505,BAD,BAD_INTERIOR_UNRESOLVED_ENVELOPE,BAD,BAD_AXIS_SPIKE,True,1.0,1,0.01,1.2561333233783523,False,BAD,BAD_AXIS_SPIKE,True,1.0,1,0.01,1.2561333233783523,False,BAD,BAD_AXIS_SPIKE,True,1.0,1,0.01,1.2561333233783523,False,BAD,BAD_AXIS_SPIKE,True,1.0,1,0.01,1.2561333233783523,False
nstxuG121123K70/N1/egn01w.2722E+02,,3cc6b77b5fc34b8a2b5f407598923774867f92e93448e30fd885f25e0577e408,False,True,0.175,0.21308956884557914,0.022736137572382475,0.01,1.1499030577800242,BAD,BAD_GRID_SCALE_SPIKE,BAD,BAD_AXIS_SPIKE,True,1.0,1,0.01,1.5178219265729251,False,BAD,BAD_AXIS_SPIKE,True,1.0,1,0.01,1.5178219265729251,False,BAD,BAD_AXIS_SPIKE,True,1.0,1,0.01,1.5178219265729251,False,BAD,BAD_AXIS_SPIKE,True,1.0,1,0.01,1.5178219265729251,False
nstxuG121123K70/N1/egn01w.2885E+02,,54eeec857e1967ebc3505bfb0a255a1851684c956e8ee342120a983e751d1917,False,True,0.16999999999999998,0.1784176732253596,0.04857134334219771,0.015,2.3675147169682416,REVIEW,NO_GOOD_TEMPLATE,BAD,BAD_AXIS_SPIKE,True,0.28547495683152896,2,0.005,1.5763058793491411,False,BAD,BAD_AXIS_SPIKE,True,0.28547495683152896,2,0.005,1.5763058793491411,False,BAD,BAD_AXIS_SPIKE,True,1.0,1,0.015,3.0602462839963263,False,BAD,BAD_AXIS_SPIKE,True,1.0,1,0.015,3.0602462839963263,False
nstxuG121123K70/N1/egn01w.2987E+02,,4040c8657c6097f924c47446b2e43da7559b3e3736baaa928a02ed69fdae774e,False,True,0.175,0.15811516108810922,0.07823365960205503,0.01,2.1550182853667135,REVIEW,NO_GOOD_TEMPLATE,REVIEW,NO_GOOD_TEMPLATE,False,1.0,1,0.01,3.0083312301184817,False,REVIEW,NO_GOOD_TEMPLATE,False,1.0,1,0.01,3.0083312301184817,False,BAD,BAD_AXIS_SPIKE,True,1.0,1,0.01,3.0083312301184817,False,BAD,BAD_AXIS_SPIKE,True,1.0,1,0.01,3.0083312301184817,False
nstxuG121123K70/N1/egn01w.3039E+02,,4ac8d2a43bd3d8eea6d536e88c04816394729b5d13dd27a13afbb9e5fc8b74f3,False,True,0.175,0.14818459543266577,0.11811290712941841,0.01,2.4076949793434435,BAD,BAD_GRID_SCALE_SPIKE,BAD,BAD_AXIS_SPIKE,True,0.23661404561191648,3,0.01,1.115291325219015,False,BAD,BAD_AXIS_SPIKE,True,0.23661404561191648,3,0.01,1.115291325219015,False,BAD,BAD_AXIS_SPIKE,True,1.0,1,0.01,3.6898243059159785,False,BAD,BAD_AXIS_SPIKE,True,1.0,1,0.01,3.6898243059159785,False
nstxuG121123K70/N1/egn01w.3498E+02,,f5fb3c5c04c6c7a98dd2d5916ad435c81305abba5a7985bae1724407e61928d6,False,True,0.425,0.1539980533394372,0.003988960026841657,0.875,1.1324548606058915,BAD,BAD_GRID_SCALE_SPIKE,BAD,BAD_AXIS_SPIKE,True,1.0,1,0.005,1.1118043335270162,False,BAD,BAD_AXIS_SPIKE,True,1.0,1,0.005,1.1118043335270162,False,BAD,BAD_AXIS_SPIKE,True,1.0,1,0.005,1.1118043335270162,False,BAD,BAD_AXIS_SPIKE,True,1.0,1,0.005,1.1118043335270162,False
nstxuG121123K70/N1/egn01w.3507E+02,,612c91c235020723b70cb87827158c0c7c1749cf91b9833452c49e1eedb64d42,False,True,0.18,0.06871384169529916,0.05854930991440798,0.005,1.06192948872441,BAD,BAD_GRID_SCALE_SPIKE,BAD,BAD_AXIS_SPIKE,True,1.0,1,0.005,1.0549603320145966,False,BAD,BAD_AXIS_SPIKE,True,1.0,1,0.005,1.0549603320145966,False,BAD,BAD_AXIS_SPIKE,True,1.0,1,0.005,1.0549603320145966,False,BAD,BAD_AXIS_SPIKE,True,1.0,1,0.005,1.0549603320145966,False
nstxuG121123K70/N2/egn02w.2681E+02,,c531eca28fa29e21933568e7d25a220100f110773d9afda19c2d751e1246c961,True,True,0.015,0.03127870389916524,0.2025161496864164,0.075,1.6709726937055358,BAD,BAD_GRID_SCALE_PACKET,BAD,BAD_GRID_SCALE_PACKET,False,0.6151498555100591,2,0.03,5.497577641813285,False,BAD,BAD_GRID_SCALE_PACKET,False,0.6151498555100591,2,0.03,5.497577641813285,False,BAD,BAD_GRID_SCALE_PACKET,False,0.6151498555100591,2,0.03,5.497577641813285,False,BAD,BAD_AXIS_SPIKE,True,0.6151498555100591,2,0.03,5.497577641813285,False
nstxuG121123K70/N2/egn02w.2839E+02,,cdbc8681d8205591177c9c05bf41334c7cb3080248ce4635456fca77ba6959e1,False,True,0.06,0.058652073978822966,0.16163413964525952,0.03,1.1201131965272253,BAD,BAD_INTERIOR_UNRESOLVED_ENVELOPE,BAD,BAD_AXIS_SPIKE,True,1.0,2,0.03,1.3012319284154792,False,BAD,BAD_AXIS_SPIKE,True,1.0,2,0.03,1.3012319284154792,False,BAD,BAD_AXIS_SPIKE,True,1.0,2,0.03,1.3012319284154792,False,BAD,BAD_AXIS_SPIKE,True,1.0,2,0.03,1.3012319284154792,False
nstxuG121123K70/N2/egn02w.3063E+02,,f9023e5273667de7d839512e153a7161df895a669706db7a56d5e42bfdb09b95,False,True,0.06,0.09371049494780027,0.22634990508795858,0.03,1.715230113872286,BAD,BAD_CONT_CROSS_WINDOW,BAD,BAD_AXIS_SPIKE,True,0.24088736393602606,3,0.025,1.9918660652854858,False,BAD,BAD_AXIS_SPIKE,True,0.24088736393602606,3,0.025,1.9918660652854858,False,BAD,BAD_AXIS_SPIKE,True,1.0,2,0.03,3.300528018997377,False,BAD,BAD_AXIS_SPIKE,True,1.0,2,0.03,3.300528018997377,False
nstxuG121123K70/N2/egn02w.3085E+02,,3263dce1dc1a1632741d1cc29f65a40c4262713c47d62a4436f26a3a4e440c29,False,True,0.06,0.09699025704832734,0.16086295009074175,0.03,2.236687870071019,BAD,BAD_CONT_CROSS_WINDOW,BAD,BAD_CONT_CROSS_WINDOW,False,1.0,2,0.03,3.4636145617148846,False,BAD,BAD_AXIS_SPIKE,True,0.2482741226002061,3,0.025,2.0607357553819456,False,BAD,BAD_AXIS_SPIKE,True,1.0,2,0.03,3.4636145617148846,False,BAD,BAD_AXIS_SPIKE,True,1.0,2,0.03,3.4636145617148846,False
nstxuG121123K70/N2/egn02w.3159E+02,,f0511554861dcf636d143d6171536cbf56d060bc4aba54e1f05c3165a183144f,False,True,0.785,0.05686027491831084,0.02343425518308532,0.9450000000000001,1.9161932667494108,BAD,BAD_GRID_SCALE_SPIKE,BAD,BAD_GRID_SCALE_SPIKE,False,0.39755906590256057,2,0.03,4.107974557556952,False,BAD,BAD_GRID_SCALE_SPIKE,False,0.39755906590256057,2,0.03,4.107974557556952,False,BAD,BAD_AXIS_SPIKE,True,0.39755906590256057,2,0.03,4.107974557556952,False,BAD,BAD_AXIS_SPIKE,True,0.39755906590256057,2,0.03,4.107974557556952,False
nstxuG121123K70/N2/egn02w.4684E+02,,f740ba6ccfe08a3a87e13da5f6100a95eee54dacd2a2e4d3660f1a410ff75e77,False,True,0.31999999999999995,-0.1320903617036738,0.020378659495805515,0.48,14.656183781754084,BAD,BAD_CONT_CROSS_WINDOW,BAD,BAD_AXIS_SPIKE,True,0.9377270854686433,3,0.03,1.346975658275358,False,BAD,BAD_AXIS_SPIKE,True,0.9377270854686433,3,0.03,1.346975658275358,False,BAD,BAD_AXIS_SPIKE,True,0.9377270854686433,3,0.03,1.346975658275358,False,BAD,BAD_AXIS_SPIKE,True,0.9377270854686433,3,0.03,1.346975658275358,False
nstxuG121123K70/N3/egn03w.2865E+02,,ac376f5ba8d199ca2bb780a1e3b0ee724ea858a5eba68fb633419abcc5e75976,True,True,0.0,0.0027762305243847043,0.6350494029740654,0.06,1.103767946601797,BAD,BAD_GRID_SCALE_SPIKE,BAD,BAD_AXIS_SPIKE,True,0.5496447129561169,3,0.03,1.4679270663160604,False,BAD,BAD_AXIS_SPIKE,True,0.5496447129561169,3,0.03,1.4679270663160604,False,BAD,BAD_AXIS_SPIKE,True,0.5496447129561169,3,0.03,1.4679270663160604,False,BAD,BAD_AXIS_SPIKE,True,0.5496447129561169,3,0.03,1.4679270663160604,False
nstxuG121123K70/N5/egn05w.2846E+02,,3586fefffaccfb0c70bfa08b1d7dd7aef52d701f31916be80006bab375dd281e,False,True,0.105,0.08502500686699499,0.14997011454420064,0.075,7.620894507717052,BAD,BAD_GRID_SCALE_SPIKE,BAD,BAD_AXIS_SPIKE,True,0.21530336950066742,6,0.02,1.8632715356067544,False,BAD,BAD_AXIS_SPIKE,True,0.21530336950066742,6,0.02,1.8632715356067544,False,BAD,BAD_AXIS_SPIKE,True,0.21530336950066742,6,0.02,1.8632715356067544,False,BAD,BAD_AXIS_SPIKE,True,0.21530336950066742,6,0.02,1.8632715356067544,False
nstxuG121123K70/N5/egn05w.3315E+02,,712c9b335739950eea4306620711059b42e7e217259e69aa22c60b7af41dfdbe,False,True,0.16,0.005420296487206792,0.2905996891114905,0.02,1.924751908706157,BAD,BAD_GRID_SCALE_SPIKE,BAD,BAD_AXIS_SPIKE,True,0.9098614294363854,6,0.02,1.873400650520808,False,BAD,BAD_AXIS_SPIKE,True,0.9098614294363854,6,0.02,1.873400650520808,False,BAD,BAD_AXIS_SPIKE,True,0.9437785033356394,5,0.02,3.1651475068736126,False,BAD,BAD_AXIS_SPIKE,True,0.9437785033356394,5,0.02,3.1651475068736126,False
nstxuG121123K70/N5/egn05w.4204E+02,,6e438bb97721a8a24d0f4e98ed2618f9e93c2e67d1bc002f06eb71e623fadebc,True,True,0.010000000000000009,0.0041879536488443414,0.3326280034987847,0.425,5.696246233963886,BAD,BAD_CONT_CROSS_WINDOW,BAD,BAD_CONT_CROSS_WINDOW,False,0.5435070181704741,5,0.03,3.7662176633486357,False,BAD,BAD_CONT_CROSS_WINDOW,False,0.5435070181704741,5,0.03,3.7662176633486357,False,BAD,BAD_AXIS_SPIKE,True,0.2541572417669097,6,0.02,4.213964759283081,False,BAD,BAD_AXIS_SPIKE,True,0.327466213712152,5,0.015,6.617339771459718,False
nstxuG121123K70/N5/egn05w.4214E+02,,16f0d4e1d9fb1abbf5b589dbc58b977d6c4f83ea4e7f0fd33a99eb566bfea64f,True,True,0.0,0.00307025161744755,0.39857704637726094,0.435,3.1847000716025087,BAD,BAD_CONT_CROSS_WINDOW,BAD,BAD_AXIS_SPIKE,True,0.2721120920066347,5,0.015,1.66524215207701,False,BAD,BAD_AXIS_SPIKE,True,0.2721120920066347,5,0.015,1.66524215207701,False,BAD,BAD_AXIS_SPIKE,True,0.2721120920066347,5,0.015,1.66524215207701,False,BAD,BAD_AXIS_SPIKE,True,0.2721120920066347,5,0.015,1.66524215207701,False
nstxuG121123K70/N6/egn06w.3129E+02,,b2a323047822af3d8c0042a0716fa0e7b46e05a7b93071599b9c17124942c46e,False,True,0.030000000000000013,0.02814039263170307,0.36604379905040496,0.11,15.536346704178207,REVIEW,NO_GOOD_TEMPLATE,REVIEW,NO_GOOD_TEMPLATE,False,0.9201695356559514,7,0.025,4.181062206851613,False,REVIEW,NO_GOOD_TEMPLATE,False,0.9201695356559514,7,0.025,4.181062206851613,False,BAD,BAD_AXIS_SPIKE,True,0.9201695356559514,7,0.025,4.181062206851613,False,BAD,BAD_AXIS_SPIKE,True,0.9201695356559514,7,0.025,4.181062206851613,False
nstxuG121123K70/N6/egn06w.3442E+02,,33a7fa14b12f411ccac2941e1bc7596a40df38d3263602c67cc663ce480cb472,False,True,0.13,-0.019756497096708223,0.12496905962181572,0.01,1.123892507709676,BAD,BAD_GRID_SCALE_SPIKE,BAD,BAD_AXIS_SPIKE,True,1.0,7,0.01,1.4375865511586408,False,BAD,BAD_AXIS_SPIKE,True,1.0,7,0.01,1.4375865511586408,False,BAD,BAD_AXIS_SPIKE,True,1.0,7,0.01,1.4375865511586408,False,BAD,BAD_AXIS_SPIKE,True,1.0,7,0.01,1.4375865511586408,False
nstxuG121123K70/N7/egn07w.2651E+02,,6eb804f498e60479605f567427a13e1ec9dd7c700bcf94891f4b467924eb2971,True,True,0.015,0.03569215476566721,0.7140844062874737,0.09,4.726674568591352,REVIEW,NO_GOOD_TEMPLATE,REVIEW,NO_GOOD_TEMPLATE,False,0.32618198489726563,8,0.03,2.534186436971717,False,BAD,BAD_AXIS_SPIKE,True,0.32618198489726563,8,0.03,2.534186436971717,False,BAD,BAD_AXIS_SPIKE,True,0.32618198489726563,8,0.03,2.534186436971717,False,BAD,BAD_AXIS_SPIKE,True,0.32618198489726563,8,0.03,2.534186436971717,False
nstxuG121123K70/N7/egn07w.3113E+02,,5755bc5fc6c00611703a24bce7bde90bad2d85bbcbb3caa1ce882aef2770af50,True,True,0.010000000000000009,0.03430895209639672,0.7576091576687632,0.105,7.883521982512925,REVIEW,NO_GOOD_TEMPLATE,BAD,BAD_AXIS_SPIKE,True,0.6379680546300956,8,0.02,1.9366050606186982,False,BAD,BAD_AXIS_SPIKE,True,0.6379680546300956,8,0.02,1.9366050606186982,False,BAD,BAD_AXIS_SPIKE,True,0.6379680546300956,8,0.02,1.9366050606186982,False,BAD,BAD_AXIS_SPIKE,True,0.6379680546300956,8,0.02,1.9366050606186982,False
nstxuG121123K70/N7/egn07w.3786E+02,,bd062fda897e5dee30ccd9a9cac1e88bb33c6477f2f56c8a174b563b627ae126,False,True,0.0,0.05596765902703543,0.2703418705599259,0.435,33.03959186360529,BAD,BAD_CONT_CROSS_WINDOW,BAD,BAD_CONT_CROSS_WINDOW,False,0.24835550427178504,8,0.02,3.1997087317442183,False,BAD,BAD_CONT_CROSS_WINDOW,False,0.24835550427178504,8,0.02,3.1997087317442183,False,BAD,BAD_AXIS_SPIKE,True,0.24835550427178504,8,0.02,3.1997087317442183,False,BAD,BAD_AXIS_SPIKE,True,0.24835550427178504,8,0.02,3.1997087317442183,False
nstxuG121123K70/N9/egn09w.3239E+02,,2a72a77472d8a6c1d3e6551402e7da839bde0fad5afe204e169d4c68cf394a1a,True,True,0.0050000000000000044,0.008793575647232585,0.7858633860294492,0.16,2.7495782849518755,BAD,BAD_GRID_SCALE_SPIKE,BAD,BAD_AXIS_SPIKE,True,0.22909340476622317,10,0.005,1.3845296825167583,False,BAD,BAD_AXIS_SPIKE,True,0.5879055670160435,10,0.03,2.875345463438302,False,BAD,BAD_AXIS_SPIKE,True,0.5879055670160435,10,0.03,2.875345463438302,False,BAD,BAD_AXIS_SPIKE,True,0.5879055670160435,10,0.03,2.875345463438302,False
nstxuG121123K70/N9/egn09w.3339E+02,,7edac454ebac301a5a360fcc81df3d74a8aa9f70e99d39e876c94c3295b3fc59,True,True,0.0,0.0030182603363886583,0.7070683439002087,0.075,1.522956472961462,BAD,BAD_GRID_SCALE_SPIKE,BAD,BAD_AXIS_SPIKE,True,0.6316845513480767,10,0.03,1.3637002723243876,False,BAD,BAD_AXIS_SPIKE,True,0.6316845513480767,10,0.03,1.3637002723243876,False,BAD,BAD_AXIS_SPIKE,True,0.6316845513480767,10,0.03,1.3637002723243876,False,BAD,BAD_AXIS_SPIKE,True,0.6316845513480767,10,0.03,1.3637002723243876,False
nstxuG121123K70/N9/egn09w.3500E+02,,263a050c359a7703e428e24d27dfc91ff9f85babe27e30ae89c88e19d6415810,False,True,0.0,0.09763278740715921,0.26568564018527185,0.435,32.225474844370304,BAD,BAD_GRID_SCALE_SPIKE,BAD,BAD_AXIS_SPIKE,True,0.34785717621703066,10,0.03,1.3914625746358398,False,BAD,BAD_AXIS_SPIKE,True,0.3666630368516566,10,0.015,2.178263294063781,False,BAD,BAD_AXIS_SPIKE,True,0.3666630368516566,10,0.015,2.178263294063781,False,BAD,BAD_AXIS_SPIKE,True,0.3666630368516566,10,0.015,2.178263294063781,False
nstxuG121123K70/N10/egn10w.2862E+02,,af36f7ebb717abbb8ad3eb3fdf28995bdd6c08f35888874943c24bb7220e2c10,True,True,0.009999999999999995,0.0009382524054218609,0.9794928281200154,0.05,1.4704134318983042,REVIEW,NO_GOOD_TEMPLATE,BAD,BAD_AXIS_SPIKE,True,0.22808149250606632,11,0.03,1.557334512992317,False,BAD,BAD_AXIS_SPIKE,True,0.22808149250606632,11,0.03,1.557334512992317,False,BAD,BAD_AXIS_SPIKE,True,0.22808149250606632,11,0.03,1.557334512992317,False,BAD,BAD_AXIS_SPIKE,True,0.22808149250606632,11,0.03,1.557334512992317,False
