shot,mode_key,input_fingerprint,rules_decision,rules_reason,rf_cnn_decision,p_rf_good,p_cnn_good,rf_cnn_tier
nstxuE202806A02t025,nstxuE202806A02t025/N10/egn10w.1319E+02,a1e29210221f6a319e915c8c5f810954e1fe379d5d5461db9d8af87d925087bf,BAD,BAD_AXIS_SPIKE,GOOD,0.6733333333333333,0.0007661025738343596,flagged_rf_only_good
nstxuE202806A02t025,nstxuE202806A02t025/N10/egn10w.5223E+01,85449cbce8b30569d6d216bb2c0f732c1b9797401306f3daafd693395ba98bbe,GOOD,NO_GOOD_TEMPLATE,BAD,0.4633333333333333,5.266993029307853e-25,flagged_borderline_or_disagreement
nstxuE202806A02t025,nstxuE202806A02t025/N10/egn10w.7692E+01,86bdc4280e651f111ccabe49392ceedf033de653e558f48f5b52cfe5bb40f998,BAD,BAD_CONT_CROSS_WINDOW,GOOD,0.6566666666666666,2.1976069547235966e-05,flagged_rf_only_good
nstxuE202806A02t025,nstxuE202806A02t025/N3/egn03w.2515E+02,8be9e16371a6a989118d69beda3a49f5a35465eb7374db869548fd91a05fba39,BAD,BAD_CONT_CROSS_WINDOW,GOOD,0.7233333333333334,0.9999974966049194,gold_good
nstxuE202806A02t025,nstxuE202806A02t025/N3/egn03w.7423E+01,2fec1402fbb861b352c615d80e1b41728c27364ce9ee0d91b0aaf7931df8cbfb,BAD,BAD_GRID_SCALE_SPIKE,GOOD,0.5666666666666667,0.0,flagged_rf_only_good
nstxuE202806A02t025,nstxuE202806A02t025/N4/egn04w.1294E+02,b0159fd2a30cd918dffd8ae15ce838b2ee61f4ed0d855ab2d296d20b8f4915c9,BAD,BAD_GRID_SCALE_SPIKE,GOOD,0.6033333333333334,0.0,flagged_rf_only_good
nstxuE202806A02t025,nstxuE202806A02t025/N6/egn06w.9229E+01,783f25289858d550cc75bfa1641b2b78d6d6d0668b9ad6e92c1af0d06e118117,GOOD,NO_GOOD_TEMPLATE,BAD,0.2,3.5320228344210057e-16,silver_bad
nstxuE202806A02t025,nstxuE202806A02t025/N7/egn07w.2445E+02,3893b12babfd5d6e98830bb120c2a8b00171e2149b4e0d66ad96436e2103a87c,BAD,BAD_GRID_SCALE_SPIKE,GOOD,0.5833333333333334,0.0,flagged_rf_only_good
nstxuE202806A02t025,nstxuE202806A02t025/N7/egn07w.8340E+01,f680dbc01f8108994e35f1575a4eb84e688f6d230d13db5e21d01deffdfd6f85,BAD,BAD_GRID_SCALE_SPIKE,GOOD,0.63,0.0,flagged_rf_only_good
nstxuE202806A02t025,nstxuE202806A02t025/N8/egn08w.1016E+02,1a914bd894a5728c1d1f6510edb0b674d5863b2e894d959cb582b458de4b83e7,BAD,BAD_GRID_SCALE_SPIKE,GOOD,0.75,0.0,flagged_rf_only_good
nstxuE202806A02t025,nstxuE202806A02t025/N8/egn08w.1611E+02,1f885e062dc5bc88436795fdf3913507ec9ec2d6f5f72f3695ce8de95c86f16d,GOOD,NO_GOOD_TEMPLATE,BAD,0.25333333333333335,1.0,flagged_borderline_or_disagreement
nstxuE202806A02t025,nstxuE202806A02t025/N8/egn08w.7959E+01,75d10fe839ba61b32c41b4e6a3a6195a4834bf33112abe395c6c62fc58f6d8e0,BAD,BAD_CONT_CROSS_WINDOW,GOOD,0.5,6.958390027372863e-13,flagged_rf_only_good
nstxuE202806A02t025,nstxuE202806A02t025/N8/egn08w.9030E+01,50e17b41f61158411b7324db314d13b3e5fef52169002702ff6f01aeb27e8b15,GOOD,NO_GOOD_TEMPLATE,BAD,0.39666666666666667,7.653383704564476e-09,silver_bad
nstxuE202806A02t025,nstxuE202806A02t025/N9/egn09w.1552E+02,e87bf24c37c5b9da78b9454134d5861c8e1370cad794cb5b71581a07fc6d05c9,BAD,BAD_CONT_CROSS_WINDOW,GOOD,0.44666666666666666,0.9999998807907104,flagged_cnn_rescue
nstxuE202806A02t025,nstxuE202806A02t025/N9/egn09w.7757E+01,7f6f9d59506f03d85e1dfb456d245a5dcda5a3736c408c6a92fabe5ffd6816ab,BAD,BAD_GRID_SCALE_SPIKE,GOOD,0.7033333333333334,1.0,gold_good
nstxuE202806A02t025,nstxuE202806A02t025/N9/egn09w.9313E+01,afcdaea58adcf195d6d38dbbc18f94909aeb719efc876a130de23185a08b40b7,BAD,BAD_GRID_SCALE_SPIKE,GOOD,0.6766666666666666,0.0,flagged_rf_only_good
nstxuE203262A04t018,nstxuE203262A04t018/N10/egn10w.1770E+02,19fe53325a4381dfe9d4cb7da64056c75e51012ef87f1e8034eaedf17321934c,GOOD,NO_GOOD_TEMPLATE,BAD,0.21,4.39817793296271e-10,silver_bad
nstxuE203262A04t018,nstxuE203262A04t018/N10/egn10w.2741E+01,643e8acda7d139367939fb742b75209814a4e6395dabcc8353776a9f3584f475,BAD,BAD_CONT_CROSS_WINDOW,GOOD,0.58,3.4271181448275456e-08,flagged_rf_only_good
nstxuE203262A04t018,nstxuE203262A04t018/N10/egn10w.3061E+01,b820e44d0d2d3f9706d5a9cf51b7f46fd4176f6e6d78f2cc02bf18b39f62446c,BAD,BAD_CONT_CROSS_WINDOW,GOOD,0.49666666666666665,0.9081981778144836,flagged_cnn_rescue
nstxuE203262A04t018,nstxuE203262A04t018/N10/egn10w.3973E+01,2c0709e623a3fec074d259fa94ad6091c5f248b301d574d9c387a85658ef118c,BAD,BAD_CONT_CROSS_WINDOW,GOOD,0.54,2.88689506078299e-07,flagged_rf_only_good
nstxuE203262A04t018,nstxuE203262A04t018/N10/egn10w.4444E+01,b7696d5c96e0e41707bce45de810b3616330287266e914d35f04d3af59d7d627,BAD,BAD_GRID_SCALE_SPIKE,GOOD,0.75,1.0865749189292728e-08,flagged_rf_only_good
nstxuE203262A04t018,nstxuE203262A04t018/N10/egn10w.4510E+01,c133df069e83ad45fb9634cd664dac26badb69295b75cf4fa5260f7498774b41,BAD,BAD_GRID_SCALE_SPIKE,GOOD,0.5133333333333333,0.0,flagged_rf_only_good
nstxuE203262A04t018,nstxuE203262A04t018/N10/egn10w.5558E+01,22d3e8ac5743206b7465cf0300e9577e24fbdfde3d6af6fdd80856b756232b2a,BAD,BAD_GRID_SCALE_SPIKE,GOOD,0.6233333333333333,0.0,flagged_rf_only_good
nstxuE203262A04t018,nstxuE203262A04t018/N10/egn10w.6516E+01,38eae558a619898e404243c829ddbc19b3ed08882d5e3835c0785d43ad1095da,BAD,BAD_GRID_SCALE_SPIKE,GOOD,0.7766666666666666,0.999995231628418,gold_good
nstxuE203262A04t018,nstxuE203262A04t018/N10/egn10w.6623E+01,808f10bc348d37f80692580cd92b1f0d2cbe124e2ba413ea39b51814f8784471,GOOD,NO_GOOD_TEMPLATE,BAD,0.30666666666666664,3.618154495628467e-13,silver_bad
nstxuE203262A04t018,nstxuE203262A04t018/N10/egn10w.8331E+01,d957dfde9f7232bc4988fd3307e905caef795228bdafac1fca8276afeb90cef1,GOOD,NO_GOOD_TEMPLATE,BAD,0.24666666666666667,1.0,flagged_borderline_or_disagreement
nstxuE203262A04t018,nstxuE203262A04t018/N10/egn10w.8504E+01,78760303f9daaab49c5ede08da5e7989264dd291260497b827359541429a9888,GOOD,NO_GOOD_TEMPLATE,BAD,0.38333333333333336,1.0,flagged_borderline_or_disagreement
nstxuE203262A04t018,nstxuE203262A04t018/N3/egn03w.1291E+02,dc0dbe66a74fe5e8e63a5592c644b991b38ddcfef663d46d16be46c629cd5973,GOOD,NO_GOOD_TEMPLATE,BAD,0.4766666666666667,4.112856984457172e-26,flagged_borderline_or_disagreement
nstxuE203262A04t018,nstxuE203262A04t018/N4/egn04w.1263E+02,133cc8ecfd2fa650ca0d4ff17cad0d6079db5aef56ba8b2e4207912ebda03212,GOOD,NO_GOOD_TEMPLATE,BAD,0.39666666666666667,0.0,silver_bad
nstxuE203262A04t018,nstxuE203262A04t018/N4/egn04w.8929E+01,8c0bcb1ccd153462c4046849bc599a64b44ecab449716975c882e158b3860293,BAD,BAD_GRID_SCALE_SPIKE,GOOD,0.5566666666666666,3.0441564013059534e-38,flagged_rf_only_good
nstxuE203262A04t018,nstxuE203262A04t018/N5/egn05w.1322E+02,1e1c7958fc3aff0ad2be07d404d05f23a7bf0a76d01e2c9f95ebce8b4300b372,BAD,BAD_CONT_CROSS_WINDOW,GOOD,0.53,2.303781696213617e-24,flagged_rf_only_good
nstxuE203262A04t018,nstxuE203262A04t018/N6/egn06w.4322E+01,4f820e7ecdf64ed433fc448724b250c0516b57d9e250e34b24a1b0d1124ae696,BAD,BAD_CONT_CROSS_WINDOW,GOOD,0.6633333333333333,0.9956865310668945,silver_good
nstxuE203262A04t018,nstxuE203262A04t018/N7/egn07w.2226E+01,e93291bfa9d7d33f290f285b8399e864e704f55c6b4f8492d39ea48c08a1f8ca,GOOD,NO_GOOD_TEMPLATE,BAD,0.37666666666666665,1.2014831352047395e-09,silver_bad
nstxuE203262A04t018,nstxuE203262A04t018/N8/egn08w.4882E+01,9c518affdf8c4df6555c196c6a552c152820a9622295bc04763320d0388af964,GOOD,NO_GOOD_TEMPLATE,BAD,0.49333333333333335,0.0,flagged_borderline_or_disagreement
nstxuE203262A04t018,nstxuE203262A04t018/N9/egn09w.1738E+02,250a9937b8764ac4e79944ca864a94b3b87695bdc257f15992156dc1208497ef,GOOD,NO_GOOD_TEMPLATE,BAD,0.48333333333333334,2.8751073535908207e-25,flagged_borderline_or_disagreement
nstxuE203262A04t018,nstxuE203262A04t018/N9/egn09w.2705E+01,a61ca57b154763e828882efd077cf380119eedeff10f811f40d95efbc557fdbd,BAD,BAD_CONT_CROSS_WINDOW,GOOD,0.56,9.482590712650563e-09,flagged_rf_only_good
nstxuE203262A04t018,nstxuE203262A04t018/N9/egn09w.4938E+01,c6de0026acbb86085b5e97fb256b25cc3cbe8727f96f0375e4d2446dfa4e0734,GOOD,NO_GOOD_TEMPLATE,BAD,0.31333333333333335,0.0,silver_bad
nstxuE203262A04t018,nstxuE203262A04t018/N9/egn09w.7920E+01,064a35d0b209400b94cd5ec952db7b4fc54b0536b9652f5e30dc9c6f34f4fd35,GOOD,NO_GOOD_TEMPLATE,BAD,0.22,1.0,flagged_borderline_or_disagreement
nstxuE203262A04t018,nstxuE203262A04t018/N9/egn09w.8000E+01,67cb4013256b8951a1ac605b8b8996b6c8cc84034becf34e2605358b1eefcac7,GOOD,NO_GOOD_TEMPLATE,BAD,0.10666666666666667,1.0,flagged_borderline_or_disagreement
nstxuE203609A01t020,nstxuE203609A01t020/N10/egn10w.4899E+01,21b401662960722cd0653b28e389c3c32943da8b5e5d921b381e0f0ffa853adc,BAD,BAD_AXIS_SPIKE,GOOD,0.93,1.2783934703365683e-25,flagged_rf_only_good
nstxuE203609A01t020,nstxuE203609A01t020/N10/egn10w.7894E+01,e2ba65cda785908781727dfa39fd90ec2786324460f44b51e7ca334e9f5ea7d2,BAD,BAD_AXIS_SPIKE,GOOD,0.56,0.0,flagged_rf_only_good
nstxuE203609A01t020,nstxuE203609A01t020/N6/egn06w.2835E+01,91e925976018acffede5271418e311095b1044f15e2728f1902c61463eaec080,BAD,BAD_GRID_SCALE_SPIKE,GOOD,0.8366666666666667,0.0,flagged_rf_only_good
nstxuE203609A01t020,nstxuE203609A01t020/N6/egn06w.3722E+01,fdbfbb1f0f8f957a3ae154dfb4889e64e54eeacb295e37456af112b6fd1ad9b3,BAD,BAD_GRID_SCALE_SPIKE,GOOD,0.6233333333333333,1.2651752460112036e-22,flagged_rf_only_good
nstxuE203609A01t020,nstxuE203609A01t020/N7/egn07w.2711E+01,25e3c674aff442608df9d7c411966face4f668cbce34f733d8c98d03fc52a6d2,GOOD,NO_GOOD_TEMPLATE,BAD,0.36666666666666664,0.0,silver_bad
nstxuE203609A01t020,nstxuE203609A01t020/N7/egn07w.2944E+01,0e199d0bc8dde119dd7bb65c654bcec6aacf1926d2bfb704ede9ad41c5304038,BAD,BAD_CONT_CROSS_WINDOW,GOOD,0.45,1.0,flagged_cnn_rescue
nstxuE203609A01t020,nstxuE203609A01t020/N7/egn07w.9477E+01,5dd0e552aceb1f164da6e61edbc9551d4810a34479bc56b4f47bfee4f72fdff0,GOOD,NO_GOOD_TEMPLATE,BAD,0.31333333333333335,0.0,silver_bad
nstxuE203609A01t020,nstxuE203609A01t020/N8/egn08w.3324E+01,6d28a0382ab207416529bdf732b77d72946c3fc17b6fb3d152bf62301a6e3c37,BAD,BAD_AXIS_SPIKE,GOOD,0.9366666666666666,2.712076657002127e-12,flagged_rf_only_good
nstxuE203609A01t020,nstxuE203609A01t020/N8/egn08w.4721E+01,4af202fa6c96d73c04712680dd200635410ea8fb7c710876433cddf71c4f983e,BAD,BAD_AXIS_SPIKE,GOOD,0.96,3.761365663379479e-10,flagged_rf_only_good
nstxuE203609A01t020,nstxuE203609A01t020/N8/egn08w.5439E+01,54ce246f91ed2e209c268d4f694c8393e9a9da4493ef8c22a65953fb99855d19,BAD,BAD_NEAR_AXIS_GRID_OSCILLATION,GOOD,0.9733333333333334,0.6856855154037476,gold_good
nstxuE203609A01t020,nstxuE203609A01t020/N8/egn08w.5685E+01,aa97bcf71ef7b474ac1745e23d9081d4cfdddd226d72cda07af95278f1f355fe,BAD,BAD_NEAR_AXIS_GRID_OSCILLATION,GOOD,0.97,1.0,gold_good
nstxuE203963A01t025,nstxuE203963A01t025/N10/egn10w.1077E+02,7edb050c2b0f740e09fb9282d6f2ffb82da87009d6489b2d2249549e24d88ab4,BAD,BAD_CONT_CROSS_WINDOW,GOOD,0.77,0.06148049980401993,flagged_rf_only_good
nstxuE203963A01t025,nstxuE203963A01t025/N2/egn02w.4449E+01,beb3fa0709eae4dd8b0ca6d15f3f519059386c343564f5e06df0aea42f5eaf45,BAD,BAD_AXIS_SPIKE,GOOD,0.8366666666666667,0.9999992847442627,gold_good
nstxuE203963A01t025,nstxuE203963A01t025/N5/egn05w.4440E+01,8a092a52cdb54d567530170bf3ed1745d8df924b32fbe16c71d24286a8aaef3d,BAD,BAD_AXIS_SPIKE,GOOD,0.53,1.5429671429423308e-13,flagged_rf_only_good
nstxuE203963A01t025,nstxuE203963A01t025/N6/egn06w.4492E+01,77f1a526c55d3a5d6bf280864a58ee5b4badda743853260affc27784f913108f,BAD,BAD_AXIS_SPIKE,GOOD,0.7766666666666666,0.029030265286564827,flagged_rf_only_good
nstxuE203963A01t025,nstxuE203963A01t025/N6/egn06w.4648E+01,ea86a3f416307f5a87bbc6f31fe205386672b9178c1fe122ffbf4ec4db1b2caa,GOOD,NO_GOOD_TEMPLATE,BAD,0.39666666666666667,9.769605640030932e-07,silver_bad
nstxuE203963A01t025,nstxuE203963A01t025/N6/egn06w.7633E+01,08887cd33b0c75b692af183a4796bb1e08a512ee6e3218a4b7abd5f335a44011,GOOD,NO_GOOD_TEMPLATE,BAD,0.24333333333333335,0.9999998807907104,flagged_borderline_or_disagreement
nstxuE203963A01t025,nstxuE203963A01t025/N7/egn07w.7672E+01,5edc283ac6620fafe5b566a5b8854ff7ddccc8f52e6ce6c1cf00fcf7d598a120,GOOD,NO_GOOD_TEMPLATE,BAD,0.21,0.9999992847442627,flagged_borderline_or_disagreement
nstxuE203963A01t025,nstxuE203963A01t025/N8/egn08w.9371E+01,f1d556c8327db69de5c960238d21dcd0a574836a8414b0f2dfcf9c31db29c0e0,BAD,BAD_CONT_CROSS_WINDOW,GOOD,0.8266666666666667,1.0,gold_good
nstxuE203963A01t025,nstxuE203963A01t025/N9/egn09w.4623E+01,0a08f43bbaaaf37bf9e9fd493f4b5b220a5e37967b73fda22ea3d754a3cf013e,BAD,BAD_NEAR_AXIS_GRID_OSCILLATION,GOOD,0.73,2.1711281649543355e-35,flagged_rf_only_good
nstxuE203963A01t025,nstxuE203963A01t025/N9/egn09w.8470E+01,e6dea7de0665a8f6a1f0c327d337fb434467d6ce29ed5363112c22f1759c39aa,BAD,BAD_AXIS_SPIKE,GOOD,0.5233333333333333,0.0,flagged_rf_only_good
nstxuE204186A01t020,nstxuE204186A01t020/N10/egn10w.1271E+02,65b9f2f0d8ee0c5ec666be39bb648b85b43c6052b8a1f5b8fa2200a93756407d,GOOD,NO_GOOD_TEMPLATE,BAD,0.37666666666666665,6.487627906834567e-28,silver_bad
nstxuE204186A01t020,nstxuE204186A01t020/N2/egn02w.7370E+01,f5501735f3962acb0d84f211d9766463c5b5b5f8230143a8ec1678484c76b292,GOOD,NO_GOOD_TEMPLATE,BAD,0.3933333333333333,6.4856891413001e-08,silver_bad
nstxuE204186A01t020,nstxuE204186A01t020/N2/egn02w.7426E+01,df03626e492332b00b163d33700d79100e2f08896da42e8d3b86455c66ea06e5,GOOD,NO_GOOD_TEMPLATE,BAD,0.36,2.61283643375812e-14,silver_bad
nstxuE204186A01t020,nstxuE204186A01t020/N2/egn02w.7489E+01,d7fdc6ad864b4e1aacca7a2c6a6b3d177b5f85f22dbb1c391664324906c7c8ca,GOOD,NO_GOOD_TEMPLATE,BAD,0.3933333333333333,8.865774311925202e-21,silver_bad
nstxuE204186A01t020,nstxuE204186A01t020/N3/egn03w.7833E+01,a664e13522b63513e66912d15f950844223e1539d22708ecf52953867cf6db52,BAD,BAD_AXIS_SPIKE,GOOD,0.89,7.257945329811055e-13,flagged_rf_only_good
nstxuE204186A01t020,nstxuE204186A01t020/N4/egn04w.1164E+02,8e7c36f4dc5a706521b778f727624f5c3d6664c6bb1d19e2886ecd90dcc071cb,GOOD,NO_GOOD_TEMPLATE,BAD,0.37666666666666665,1.0,flagged_borderline_or_disagreement
nstxuE204186A01t020,nstxuE204186A01t020/N4/egn04w.1317E+02,f1a698d4adeef18185f77cd8e037d5026bb5fdf56879e4814fca83fdfce27848,BAD,BAD_NEAR_AXIS_GRID_OSCILLATION,GOOD,0.8166666666666667,0.9432275891304016,gold_good
nstxuE204186A01t020,nstxuE204186A01t020/N4/egn04w.1588E+02,4c1bd9c0b62c563ed394bdc533eec9701265f1d913a73d64abeef0f3f8d48d08,GOOD,NO_GOOD_TEMPLATE,BAD,0.13666666666666666,1.0,flagged_borderline_or_disagreement
nstxuE204186A01t020,nstxuE204186A01t020/N5/egn05w.1279E+02,d29af99cb6aa1fd193e8d1a73239142f6aa3dd3ef828be6eeb66e72b9e4258cb,GOOD,NO_GOOD_TEMPLATE,BAD,0.39,1.0,flagged_borderline_or_disagreement
nstxuE204186A01t020,nstxuE204186A01t020/N5/egn05w.1538E+02,a96f0707915143cfd4bc18edc2e06f3d02c773d429d4470d5bffcc1cb4418fca,GOOD,NO_GOOD_TEMPLATE,BAD,0.24666666666666667,0.9999998807907104,flagged_borderline_or_disagreement
nstxuE204186A01t020,nstxuE204186A01t020/N5/egn05w.2034E+02,a315c986c031a27d669ca706ba827914300e397498f65cd0623eda5f4209a799,BAD,BAD_CONT_CROSS_WINDOW,GOOD,0.7966666666666666,0.9999998807907104,gold_good
nstxuE204186A01t020,nstxuE204186A01t020/N5/egn05w.7725E+01,fc24067fe9f529fe9c8f9a3009cf0bf52ed5f8c52e12e24dbca4edc13fef1f27,GOOD,NO_GOOD_TEMPLATE,BAD,0.23666666666666666,1.0,flagged_borderline_or_disagreement
nstxuE204186A01t020,nstxuE204186A01t020/N7/egn07w.1188E+02,bff9bde83596f4bcd37592debe3a12db70207b5dcc3f9cd056babdddbedcc992,GOOD,NO_GOOD_TEMPLATE,BAD,0.3,1.0,flagged_borderline_or_disagreement
nstxuE204186A01t020,nstxuE204186A01t020/N8/egn08w.1291E+02,324a44cfb932e3e41bae795f6a1ec16b7ff4b39b7342e1a944de722ee8a127f5,GOOD,NO_GOOD_TEMPLATE,BAD,0.25,1.0,flagged_borderline_or_disagreement
nstxuE204186A01t020,nstxuE204186A01t020/N8/egn08w.2514E+02,9c7338267ac491364a8540bacd15ebb8950a3f45837e1bd358c71b6c254ffc6d,GOOD,NO_GOOD_TEMPLATE,BAD,0.13,2.2082898794906214e-05,gold_bad
nstxuE204621A03t030,nstxuE204621A03t030/N10/egn10w.1358E+02,79767d1c7ad23ee57459cbf2bc4b04091d4d85da44d9555f65256109f01ebae2,BAD,BAD_NEAR_AXIS_GRID_OSCILLATION,GOOD,0.4266666666666667,0.9898603558540344,flagged_cnn_rescue
nstxuE204621A03t030,nstxuE204621A03t030/N2/egn02w.6973E+01,cd42d7e33ea62a39bdd8275de8a146bcba4304a27aa6932def449d9c7a05bcf5,BAD,BAD_AXIS_SPIKE,GOOD,0.6166666666666667,1.9702946888497212e-14,flagged_rf_only_good
nstxuE204621A03t030,nstxuE204621A03t030/N2/egn02w.7034E+01,1f364e5608a11614fa0004290df0834c98cb407b81a71401da4446b46cc34c32,BAD,BAD_AXIS_SPIKE,GOOD,0.61,2.539602404180133e-21,flagged_rf_only_good
nstxuE204621A03t030,nstxuE204621A03t030/N2/egn02w.7108E+01,0bb013b37d62efa1ac61943b44e04efa39f0fe962270ed73cea32bb0796579d3,GOOD,NO_GOOD_TEMPLATE,BAD,0.38,0.0,silver_bad
nstxuE204621A03t030,nstxuE204621A03t030/N4/egn04w.7070E+01,5c408b70c1374c32049dac6a472549e3ffe90ab7671feed3dc0567084d0fe30d,GOOD,NO_GOOD_TEMPLATE,BAD,0.32666666666666666,1.0,flagged_borderline_or_disagreement
nstxuE204621A03t030,nstxuE204621A03t030/N5/egn05w.7084E+01,9878cc7cd96e0ea2baf71af04a09a6c3c1395cd681759226bb739768178d01bd,GOOD,NO_GOOD_TEMPLATE,BAD,0.13,0.9999840259552002,flagged_borderline_or_disagreement
nstxuE204621A03t030,nstxuE204621A03t030/N6/egn06w.1273E+02,c0f165b744adff896578ce9e629e6e2d73c16555823cdf7d904ff21e57e6eb03,GOOD,NO_GOOD_TEMPLATE,BAD,0.21666666666666667,7.939764259390358e-07,silver_bad
nstxuE204621A03t030,nstxuE204621A03t030/N6/egn06w.7163E+01,755314264dbdb57d0951d63476235f273a8d1cf5b6322bd5806ebb3bc53ffbd9,GOOD,NO_GOOD_TEMPLATE,BAD,0.26,6.583457872822232e-14,silver_bad
nstxuE204621A03t030,nstxuE204621A03t030/N7/egn07w.1409E+02,d9146a0380e5049f26c1992d6971fdb8975e1d9d24a3e96832ea5d0f5c39935d,GOOD,NO_GOOD_TEMPLATE,BAD,0.33666666666666667,0.09375203400850296,silver_bad
nstxuE204621A03t030,nstxuE204621A03t030/N7/egn07w.7235E+01,50e296af7d6b30fb7cc358fdd2f92e92869fa1866e9ffd77a47192834a1176e4,GOOD,NO_GOOD_TEMPLATE,BAD,0.21,8.800947101031913e-20,silver_bad
nstxuE204621A03t030,nstxuE204621A03t030/N8/egn08w.6362E+01,050eb6e0182691818bb81ab6eed084780b9bfaf6f00398cde824a9d26df32726,BAD,BAD_INTERIOR_UNRESOLVED_ENVELOPE,GOOD,0.5266666666666666,1.0,silver_good
nstxuE204645A16t015,nstxuE204645A16t015/N10/egn10w.3812E+01,be847a5163fbb80c6fb82f2ebfd972ecc6593bd3c2fc66f1fce54f511f7b46c8,BAD,BAD_GRID_SCALE_SPIKE,GOOD,0.61,0.12280832231044769,flagged_rf_only_good
nstxuE204645A16t015,nstxuE204645A16t015/N10/egn10w.5190E+01,16c30475939061b03733fbe123d07b45955365e374bb3b81fcdf41a15282ed94,BAD,BAD_GRID_SCALE_SPIKE,GOOD,0.7733333333333333,5.284269590367756e-14,flagged_rf_only_good
nstxuE204645A16t015,nstxuE204645A16t015/N10/egn10w.5446E+01,a736222ed675e370707ccfec72851cba2a4e9f42b5763516fa31010e88f86098,BAD,BAD_GRID_SCALE_SPIKE,GOOD,0.7633333333333333,3.685661340568913e-06,flagged_rf_only_good
nstxuE204645A16t015,nstxuE204645A16t015/N10/egn10w.5761E+01,5c604a8625a768ea12b84071ff9c63a3a934acc1764672b5dd974f753ed8a8eb,BAD,BAD_GRID_SCALE_SPIKE,GOOD,0.71,1.0,gold_good
nstxuE204645A16t015,nstxuE204645A16t015/N10/egn10w.6587E+01,cf00c22ed14e0aabeee84035675029350d63c6906161e65b9524e554145fe99f,BAD,BAD_GRID_SCALE_SPIKE,GOOD,0.6566666666666666,0.0,flagged_rf_only_good
nstxuE204645A16t015,nstxuE204645A16t015/N10/egn10w.8871E+01,80842102c9f6dcc19fc1d2451dd6cc3a218dc739761e29b83260f47b076daed8,GOOD,NO_GOOD_TEMPLATE,BAD,0.47333333333333333,1.3012876178800435e-17,flagged_borderline_or_disagreement
nstxuE204645A16t015,nstxuE204645A16t015/N10/egn10w.9701E+01,73c7681e9a238ff8b90f2c7021ebf84e099b87b9597fcbb8def5b299782262ae,GOOD,NO_GOOD_TEMPLATE,BAD,0.4866666666666667,8.900474700180515e-21,flagged_borderline_or_disagreement
nstxuE204645A16t015,nstxuE204645A16t015/N5/egn05w.8551E+01,e14f705a433865dd3283864911b68fefd8aefbfd71f5b1ec41a4707612ce74c8,GOOD,NO_GOOD_TEMPLATE,BAD,0.49666666666666665,0.8374233841896057,flagged_borderline_or_disagreement
nstxuE204645A16t015,nstxuE204645A16t015/N6/egn06w.4765E+01,06e7f8ec5bdc198aa098fdc5b828aafaca837d032e6bf593c3187fa78d0570c4,GOOD,NO_GOOD_TEMPLATE,BAD,0.41333333333333333,3.019061107627746e-38,flagged_borderline_or_disagreement
nstxuE204645A16t015,nstxuE204645A16t015/N6/egn06w.6181E+01,160dac163b13980bb24090b2ac7f4b67335cfbe17139cecdeb398fd39351886a,BAD,BAD_INTERIOR_UNRESOLVED_ENVELOPE,GOOD,0.6233333333333333,0.00021433626534417272,flagged_rf_only_good
nstxuE204645A16t015,nstxuE204645A16t015/N7/egn07w.2244E+01,fa563e31608dbf75c68d16f70ee4e9c085b8184b49960de4ad769d78f2fb6258,GOOD,NO_GOOD_TEMPLATE,BAD,0.14,0.0,gold_bad
nstxuE204645A16t015,nstxuE204645A16t015/N7/egn07w.2265E+01,c5f5a37c0ac9c01bf0c5619908d101dfc49d8d848244aca2ea05a47a2c8bf4f0,GOOD,NO_GOOD_TEMPLATE,BAD,0.13,1.0,flagged_borderline_or_disagreement
nstxuE204645A16t015,nstxuE204645A16t015/N7/egn07w.4136E+01,94a6a54cf5a4a22fe5b59f0838a9652b81d81f6e1e304d9f180dc7be9f770e6a,BAD,BAD_GRID_SCALE_SPIKE,GOOD,0.73,1.0,gold_good
nstxuE204645A16t015,nstxuE204645A16t015/N7/egn07w.4255E+01,50667425a1be9170d7b5089f1593457295f62be0a8bb5a369a679e6fd8e13d8f,BAD,BAD_GRID_SCALE_SPIKE,GOOD,0.9433333333333334,1.0,gold_good
nstxuE204645A16t015,nstxuE204645A16t015/N8/egn08w.3611E+01,9a764cf5f4ec3cab01420714a8644c44685c739be062185fe4cbec59047b0b8a,BAD,BAD_GRID_SCALE_SPIKE,GOOD,0.5233333333333333,1.934801366587635e-05,flagged_rf_only_good
nstxuE204645A16t015,nstxuE204645A16t015/N9/egn09w.4306E+01,4519295e1a65688ce90b227fff06b866fd45a2d66ab9aee867d7b43854ac2c68,BAD,BAD_AXIS_SPIKE,GOOD,0.5866666666666667,0.0,flagged_rf_only_good
nstxuE204645A16t015,nstxuE204645A16t015/N9/egn09w.5126E+01,135efb99c0a800abfa433a68572ee7cff836cc773b2fecaa152608994c5720c8,BAD,BAD_AXIS_SPIKE,GOOD,0.6066666666666667,0.0,flagged_rf_only_good
nstxuE204645A16t015,nstxuE204645A16t015/N9/egn09w.5606E+01,6b606e1134a5ed365537afc791ede563ebbee2e88acf118da272e6ab9cec753f,BAD,BAD_AXIS_SPIKE,GOOD,0.6133333333333333,0.0,flagged_rf_only_good
nstxuE204707A04t030,nstxuE204707A04t030/N1/egn01w.1470E+02,b171c1f896857aeaeba5cadba07b1f3e0e39dd41c65ab7383e41b0aa1d0f8159,BAD,BAD_AXIS_SPIKE,GOOD,0.5133333333333333,4.3206636185511016e-12,flagged_rf_only_good
nstxuE204707A04t030,nstxuE204707A04t030/N1/egn01w.1509E+02,8a125fe7c15dabcf05cf0bf0662a8dd6cf784e5c3681c5750108daf3c4dce234,BAD,BAD_AXIS_SPIKE,GOOD,0.5033333333333333,7.088803936211585e-12,flagged_rf_only_good
nstxuE204707A04t030,nstxuE204707A04t030/N10/egn10w.2762E+02,26a81e2eef29e7ca0af0805cc1a86012f2a91990429dbe6b5a64a4b4d95c42c7,BAD,BAD_CONT_CROSS_WINDOW,GOOD,0.5066666666666667,0.9989472031593323,silver_good
nstxuE204707A04t030,nstxuE204707A04t030/N10/egn10w.3524E+02,44c49b90ea62accdf6703993c4cbebb0069b1e0660e077858afcf0fafff2b1ae,GOOD,NO_GOOD_TEMPLATE,BAD,0.20666666666666667,0.9998903274536133,flagged_borderline_or_disagreement
nstxuE204707A04t030,nstxuE204707A04t030/N3/egn03w.1308E+02,67415819ef04f01914b28cad1c3937d56ea68e284ab5eef5cfe32df17d839f2f,BAD,BAD_AXIS_SPIKE,GOOD,0.8133333333333334,9.410754651096948e-35,flagged_rf_only_good
nstxuE204707A04t030,nstxuE204707A04t030/N3/egn03w.1326E+02,73fb1dacebb8ec83216eada8cb47f92543a234b27aa8a80c5bfc25512c2d8e2e,BAD,BAD_AXIS_SPIKE,GOOD,0.91,1.6846926882863045e-05,flagged_rf_only_good
nstxuE204707A04t030,nstxuE204707A04t030/N5/egn05w.1090E+02,b360f165f0c1c956dc0dad1394fa1465b1d5558ff019f5e6226e5828ddfc1180,BAD,BAD_AXIS_SPIKE,GOOD,0.5566666666666666,8.378855704503827e-19,flagged_rf_only_good
nstxuE204707A04t030,nstxuE204707A04t030/N5/egn05w.1099E+02,611265c77c5583c0328ca5d7ce003d1cdea1813d38fe18f9d2e9e1e47ef8f8c6,BAD,BAD_AXIS_SPIKE,GOOD,0.5466666666666666,3.5071967031952145e-13,flagged_rf_only_good
nstxuE204707A04t030,nstxuE204707A04t030/N5/egn05w.1136E+02,96b366eba86229197d2dd5d0242be23b5f53d89329ff626f7b4a610a743aafef,BAD,BAD_AXIS_SPIKE,GOOD,0.93,0.9999997615814209,gold_good
nstxuE204707A04t030,nstxuE204707A04t030/N5/egn05w.1201E+02,0a6fb68e0c1dd6abe0726a8e57610ea57316afd1ab42982b17271f69ec09a54b,BAD,BAD_AXIS_SPIKE,GOOD,0.9866666666666667,0.9999973773956299,gold_good
nstxuE204707A04t030,nstxuE204707A04t030/N6/egn06w.1157E+02,902c520b7715adbed2ba64cace7f4988dd4f97823d177517c9fc596bc8962208,BAD,BAD_CONT_CROSS_WINDOW,GOOD,0.7866666666666666,1.7268822008164984e-16,flagged_rf_only_good
nstxuE204707A04t030,nstxuE204707A04t030/N7/egn07w.1391E+02,2a0501b937fe9e7887d300baa9f49c6d31db8c97a70eca9df626fc0763b38da8,BAD,BAD_AXIS_SPIKE,GOOD,0.74,2.8299325622606655e-37,flagged_rf_only_good
nstxuE204707A04t030,nstxuE204707A04t030/N7/egn07w.1395E+02,a9e79b6a00d3288d098293e7702969f2d70cc913e98187fe476afd013c0bc8ef,BAD,BAD_AXIS_SPIKE,GOOD,0.86,1.8758900682813717e-12,flagged_rf_only_good
nstxuE204707A04t030,nstxuE204707A04t030/N8/egn08w.2608E+02,ce7341a29e6e528f6f087d3567d238b1d822f408ffa740de2ead7d84147cf6e2,BAD,BAD_CONT_CROSS_WINDOW,GOOD,0.5533333333333333,0.994785487651825,silver_good
nstxuE204708F03t017,nstxuE204708F03t017/N10/egn10w.7424E+01,1c68f194d97b7503af072f5fc6f3f5c89bf043569b86f46c77d34ef97214ea60,GOOD,NO_GOOD_TEMPLATE,BAD,0.3933333333333333,0.0,silver_bad
nstxuE204708F03t017,nstxuE204708F03t017/N10/egn10w.9714E+01,7ff7d40cf944edd2ca836d89f91078894f9ca3c1ff18d4e8d85044125e534466,BAD,BAD_GRID_SCALE_SPIKE,GOOD,0.76,1.0,gold_good
nstxuE204708F03t017,nstxuE204708F03t017/N2/egn02w.8409E+01,3f3cf2ec08d601af58611da55a5688585b5d04e4dc4c74656be09cc91404ec44,GOOD,NO_GOOD_TEMPLATE,BAD,0.34,1.8403322883386863e-06,silver_bad
nstxuE204708F03t017,nstxuE204708F03t017/N3/egn03w.1167E+02,98178fb73fad8871fda42aba9d55fc23fa7e75b22e6ec3d6424a41ab47a644e3,BAD,BAD_INTERIOR_UNRESOLVED_ENVELOPE,GOOD,0.7166666666666667,2.0479295415043453e-07,flagged_rf_only_good
nstxuE204708F03t017,nstxuE204708F03t017/N8/egn08w.1106E+02,18a9dccf0c1e851d2ce61971f0b6fc0775a26393919cc694ff80f7c80930e0f9,GOOD,NO_GOOD_TEMPLATE,BAD,0.2633333333333333,1.0,flagged_borderline_or_disagreement
nstxuE204708F03t017,nstxuE204708F03t017/N8/egn08w.1616E+02,27a2163371dff8bb8b635283e9092debee7189dfb8d474673a698404d001d2d3,GOOD,NO_GOOD_TEMPLATE,BAD,0.37333333333333335,1.4163857345543316e-26,silver_bad
nstxuE204708F03t017,nstxuE204708F03t017/N8/egn08w.5958E+01,aefad1d03941c84e131e9ba28cb37046c410e73cde4d4a89a5e7ed59078f1773,GOOD,NO_GOOD_TEMPLATE,BAD,0.3466666666666667,1.0,flagged_borderline_or_disagreement
nstxuE204708F03t017,nstxuE204708F03t017/N8/egn08w.6836E+01,233349d3f9978cfff399766f24cc30252b22c56d280969e5b463d594f5eeda77,GOOD,NO_GOOD_TEMPLATE,BAD,0.4033333333333333,0.0,flagged_borderline_or_disagreement
nstxuE204708F03t017,nstxuE204708F03t017/N9/egn09w.9734E+01,0d273e5326d2eca6ec001a1ffb76634ae317108c031982dd14cb411c063ba4c4,BAD,BAD_GRID_SCALE_SPIKE,GOOD,0.7333333333333333,1.0,gold_good
nstxuE204944A01t017,nstxuE204944A01t017/N1/egn01w.4986E+01,ea0b3714a37ca58b7cb99bcfbc6032e78f54f123a5e0813c4a8590f99cc2dffa,BAD,BAD_AXIS_SPIKE,GOOD,0.8,1.2292531437196885e-09,flagged_rf_only_good
nstxuE204944A01t017,nstxuE204944A01t017/N2/egn02w.4105E+01,c5c7beb20356793f5264880c81d36b56313a38d418c30b96268af0d7d0c616f8,BAD,BAD_AXIS_SPIKE,GOOD,0.8933333333333333,4.385435876395909e-33,flagged_rf_only_good
nstxuE204944A01t017,nstxuE204944A01t017/N4/egn04w.4109E+01,765772529ebd150f3e1b978bc9a2d226f54cc953fa5e7b9025b5b16a60ec9470,BAD,BAD_AXIS_SPIKE,GOOD,0.5933333333333334,1.1587992777627589e-23,flagged_rf_only_good
nstxuE204944A01t017,nstxuE204944A01t017/N5/egn05w.4175E+01,381fc9dd6cddfe740b5917395c2a3870005dd953eab914b8f63c56351fb850a2,BAD,BAD_AXIS_SPIKE,GOOD,0.6033333333333334,0.0,flagged_rf_only_good
nstxuE204944A01t017,nstxuE204944A01t017/N5/egn05w.4466E+01,4d74dfa3f42920e2f6526b1ed8492e4fbb1f97db2949ffdbbe6d04b260572d9e,BAD,BAD_AXIS_SPIKE,GOOD,0.9266666666666666,0.0,flagged_rf_only_good
nstxuE204944A01t017,nstxuE204944A01t017/N5/egn05w.4661E+01,4286982caca000763e7fb0bb61917db5a8ce35c74488dac7363ee71e42c7586d,BAD,BAD_AXIS_SPIKE,GOOD,0.5066666666666667,0.0,flagged_rf_only_good
nstxuE204944A01t017,nstxuE204944A01t017/N5/egn05w.5014E+01,ee912730de345b658dafc1578e10f4633597a46452c36e37945b3028e1641353,BAD,BAD_NEAR_AXIS_GRID_OSCILLATION,GOOD,0.92,0.9999631643295288,gold_good
nstxuE204944A01t017,nstxuE204944A01t017/N6/egn06w.1108E+02,c66f9459ec40e4da0202c95e451b5f1d60563440454f77b15c9b744d23c5ef81,GOOD,NO_GOOD_TEMPLATE,BAD,0.24666666666666667,1.0,flagged_borderline_or_disagreement
nstxuE204944A01t017,nstxuE204944A01t017/N6/egn06w.4096E+01,3c07c2408e13fa7905787c5c0db800855b9a04674f60c84a865e46dcbb3a8c51,BAD,BAD_AXIS_SPIKE,GOOD,0.7666666666666667,0.0,flagged_rf_only_good
nstxuE204944A01t017,nstxuE204944A01t017/N6/egn06w.4343E+01,e2d5e1e3e0154ee1360ea1f06a5d06c6e7e22f3eb5ed6688d4389602da1cea53,BAD,BAD_AXIS_SPIKE,GOOD,0.9366666666666666,0.0,flagged_rf_only_good
nstxuE204944A01t017,nstxuE204944A01t017/N7/egn07w.4418E+01,b810d06dd8a7196e0fc6ca34f93f17517283e7132fd39507be184588651b487c,BAD,BAD_NEAR_AXIS_GRID_OSCILLATION,GOOD,0.9366666666666666,0.0009236710611730814,flagged_rf_only_good
nstxuE204944A01t017,nstxuE204944A01t017/N7/egn07w.4703E+01,4016d4d017427b8c4fb2a8754713ed9e3cc2383fe7e7cde5f4e4fc89a9fd0962,BAD,BAD_AXIS_SPIKE,GOOD,0.71,0.0,flagged_rf_only_good
nstxuE204944A01t017,nstxuE204944A01t017/N8/egn08w.3968E+01,b85d7a2117167f565ec76dea309585693419b789200a08cd46c34f84fabf33c4,BAD,BAD_AXIS_SPIKE,GOOD,0.74,8.351470626166702e-09,flagged_rf_only_good
nstxuE204944A01t017,nstxuE204944A01t017/N8/egn08w.4224E+01,7b9a31b22e99e8f86feabd427b22fabc2b2b217623f8d495eae484649b78f3b8,BAD,BAD_AXIS_SPIKE,GOOD,0.7833333333333333,9.746168707147992e-38,flagged_rf_only_good
nstxuE204944A01t017,nstxuE204944A01t017/N8/egn08w.4683E+01,44f9178f9340a8ae8e8a73789956b3ba13d5e9ac0dabb4955483615b6c1fdf9c,BAD,BAD_AXIS_SPIKE,GOOD,0.5433333333333333,0.0,flagged_rf_only_good
nstxuE204954A01t022,nstxuE204954A01t022/N10/egn10w.1050E+02,f99c2ec8e2a6f0a9ae626ff300dabfbfa4f11314ed24825cb24e5908ed5db6c9,BAD,BAD_NEAR_AXIS_GRID_OSCILLATION,GOOD,0.89,4.1403905175882385e-18,flagged_rf_only_good
nstxuE204954A01t022,nstxuE204954A01t022/N2/egn02w.7512E+01,aa49c543a9849757d3caee0eef44e6cda2039d1a56e83f583f1d781244f94665,BAD,BAD_AXIS_SPIKE,GOOD,0.51,8.258787431714154e-09,flagged_rf_only_good
nstxuE205017A01t025,nstxuE205017A01t025/N10/egn10w.4651E+01,308e6cae842c500c867d4096e1a73990d05449c8cd25e55a3a04d0650656d750,BAD,BAD_CONT_CROSS_WINDOW,GOOD,0.5066666666666667,5.827405780145511e-10,flagged_rf_only_good
nstxuE205017A01t025,nstxuE205017A01t025/N4/egn04w.6333E+01,0257035e91caa1575013828ebb5d54d125188a761a8549844095e5c6ae580c99,BAD,BAD_AXIS_SPIKE,GOOD,0.8866666666666667,0.0,flagged_rf_only_good
nstxuE205017A01t025,nstxuE205017A01t025/N5/egn05w.5892E+01,0f0668db29460bdd2e992927271355966ea9b7fa1923296141182f76fe54e430,GOOD,NO_GOOD_TEMPLATE,BAD,0.47,1.950511204995564e-06,flagged_borderline_or_disagreement
nstxuE205017A01t025,nstxuE205017A01t025/N6/egn06w.1929E+02,20a1c6a5cae280cd8e2eafd7b092ae6242f95f9e989492aa9b8b946993897165,GOOD,NO_GOOD_TEMPLATE,BAD,0.09,0.9999983310699463,flagged_borderline_or_disagreement
nstxuE205017A01t025,nstxuE205017A01t025/N6/egn06w.5615E+01,3e78fd0719792d9f62f97d1f51efcb988dca51ba1da443104821300fe4b72d24,GOOD,NO_GOOD_TEMPLATE,BAD,0.3466666666666667,7.082401835240395e-26,silver_bad
nstxuE205040A01t016,nstxuE205040A01t016/N1/egn01w.1749E+01,c3e0e307840e1793e4380e1d9b8586296393093ebadddb223934c74c5982498a,GOOD,NO_GOOD_TEMPLATE,BAD,0.31666666666666665,1.0,flagged_borderline_or_disagreement
nstxuE205040A01t016,nstxuE205040A01t016/N10/egn10w.1381E+01,038bcbc7a57414c3d26dcbd925252ad00a997fdf0dc37872d4dfd3694f521621,BAD,BAD_CONT_CROSS_WINDOW,GOOD,0.6166666666666667,0.0,flagged_rf_only_good
nstxuE205040A01t016,nstxuE205040A01t016/N2/egn02w.2491E+01,245a279b7e265d8d27fbf6dd2218d3f6b738cfc020f3b13a839552a15a3bfdb3,GOOD,NO_GOOD_TEMPLATE,BAD,0.48,1.5701678846014033e-09,flagged_borderline_or_disagreement
nstxuE205040A01t016,nstxuE205040A01t016/N3/egn03w.1594E+01,90b8e05c804e1516b375263f19da25740bc0e3696129e0a6c89f465f483152ad,BAD,BAD_GRID_SCALE_SPIKE,GOOD,0.5266666666666666,0.0,flagged_rf_only_good
nstxuE205040A01t016,nstxuE205040A01t016/N3/egn03w.2998E+01,bd6f3428aabfa92be4d2be19db9dc4528c31955935d5b53ae5633e071cbe1b81,GOOD,NO_GOOD_TEMPLATE,BAD,0.37666666666666665,0.9999996423721313,flagged_borderline_or_disagreement
nstxuE205040A01t016,nstxuE205040A01t016/N3/egn03w.3081E+01,ffbc4224a19e61bb07c247efd92ec16f6d7a3248a5785439daa288432f275804,GOOD,NO_GOOD_TEMPLATE,BAD,0.32666666666666666,0.999995231628418,flagged_borderline_or_disagreement
nstxuE205040A01t016,nstxuE205040A01t016/N4/egn04w.1656E+01,d32fbe7a7b83438ccbaa569c2cb1653c5d5c089b26dc13881d0370858e8bffce,GOOD,NO_GOOD_TEMPLATE,BAD,0.43333333333333335,4.905080913886195e-06,flagged_borderline_or_disagreement
nstxuE205040A01t016,nstxuE205040A01t016/N4/egn04w.2740E+01,6b54f894cadddc0305862dd77df111e31e5a8c26691960f03d932763a1a8dc58,BAD,BAD_GRID_SCALE_SPIKE,GOOD,0.7,8.871045477068045e-30,flagged_rf_only_good
nstxuE205040A01t016,nstxuE205040A01t016/N4/egn04w.4525E+01,7e10bca0edc7b7e99d1e9c003ffc6a9602055f07990142104791aca1325d2158,BAD,BAD_CONT_CROSS_WINDOW,GOOD,0.6366666666666667,1.0,silver_good
nstxuE205040A01t016,nstxuE205040A01t016/N6/egn06w.1666E+01,c2acb09f0f2a6fac6a68bb30c90de7721598c3c5db399f2be1b87c9b43951077,GOOD,NO_GOOD_TEMPLATE,BAD,0.3933333333333333,0.0,silver_bad
nstxuE205040A01t016,nstxuE205040A01t016/N6/egn06w.2836E+01,efc5f0292d89a2c22f71b98e8561edced1a0582b2864d53750d1dad01ca5c612,GOOD,NO_GOOD_TEMPLATE,BAD,0.05333333333333334,0.0,gold_bad
nstxuE205040A01t016,nstxuE205040A01t016/N8/egn08w.1512E+01,2cc4eb1607d205866416dbe28b852d3a4403bc244622e1970017f946a08a64a6,GOOD,NO_GOOD_TEMPLATE,BAD,0.3933333333333333,0.0,silver_bad
nstxuE205045A01t022,nstxuE205045A01t022/N10/egn10w.1795E+02,238962f7fc31e6763d817ed45a9b56107d959c5815c4edd45b08fbbe76ee6a1e,GOOD,NO_GOOD_TEMPLATE,BAD,0.03333333333333333,1.0,flagged_borderline_or_disagreement
nstxuE205045A01t022,nstxuE205045A01t022/N3/egn03w.9903E+01,77865118bba1245bcb6f95a6e77b9399a1921f1c8d1ac4a92bb9a6cc5b936c03,GOOD,NO_GOOD_TEMPLATE,BAD,0.20333333333333334,1.0,flagged_borderline_or_disagreement
nstxuE205045A01t022,nstxuE205045A01t022/N4/egn04w.1205E+02,875531ab5b113b82767595bca6eeb2f788ce9346e3f5b35cfe7906a734d6e208,GOOD,NO_GOOD_TEMPLATE,BAD,0.30333333333333334,1.0,flagged_borderline_or_disagreement
nstxuE205045A01t022,nstxuE205045A01t022/N4/egn04w.3243E+02,f072098c48caa2cb8e9df3623cef709fe2e73eec9a642e5ee98424ace4077a46,BAD,BAD_CONTINUUM_CROSSING_TAIL,GOOD,0.49,0.9997342228889465,flagged_cnn_rescue
nstxuE205045A01t022,nstxuE205045A01t022/N6/egn06w.1239E+02,4129f2ee3512a8661bda9ed6a3b1840b0599130c99fbefc625b1b0a1161ca09c,GOOD,NO_GOOD_TEMPLATE,BAD,0.07333333333333333,1.0,flagged_borderline_or_disagreement
nstxuE205045A01t022,nstxuE205045A01t022/N7/egn07w.1432E+02,c23b500c8a634855cc3ead336db11987234d037d07fd568c19259f580af7a5ec,GOOD,NO_GOOD_TEMPLATE,BAD,0.27666666666666667,1.0,flagged_borderline_or_disagreement
nstxuE205045A01t022,nstxuE205045A01t022/N7/egn07w.1773E+02,9b3e1d7672da297c1252533b3c7b0763ae5e8e5aa817050c3281bf36ac5b3f2f,GOOD,NO_GOOD_TEMPLATE,BAD,0.16,1.0,flagged_borderline_or_disagreement
nstxuE205045A01t022,nstxuE205045A01t022/N7/egn07w.2662E+02,8bd689d101a3b0eace28078a37c439c4c59225240da910b93dc098e7c8d3640c,GOOD,NO_GOOD_TEMPLATE,BAD,0.14666666666666667,1.0,flagged_borderline_or_disagreement
nstxuE205045A01t022,nstxuE205045A01t022/N7/egn07w.2845E+02,76862c87061215fa8f54e7e7b7859edcb47217d441251654f2331e74285234d3,GOOD,NO_GOOD_TEMPLATE,BAD,0.21666666666666667,1.0,flagged_borderline_or_disagreement
nstxuE205045A01t022,nstxuE205045A01t022/N8/egn08w.1465E+02,a9a1bbcbeaf80994cc8688bc771852ae6212d247ae5e4449ef3b7a11afe4986f,GOOD,NO_GOOD_TEMPLATE,BAD,0.34,1.0,flagged_borderline_or_disagreement
nstxuE205045A01t022,nstxuE205045A01t022/N8/egn08w.2462E+02,225f49d8a47db541cd2bae01145845e139082800ab32461d8c90db8d8bd035e2,GOOD,NO_GOOD_TEMPLATE,BAD,0.18,0.9999282360076904,flagged_borderline_or_disagreement
nstxuE205045A01t022,nstxuE205045A01t022/N8/egn08w.2732E+02,adaf4da979b38301f2fbb48bf5835581bfc2b74df72b430a806ea97b5c29e07d,GOOD,NO_GOOD_TEMPLATE,BAD,0.26666666666666666,1.0,flagged_borderline_or_disagreement
nstxuE205045A01t022,nstxuE205045A01t022/N9/egn09w.1779E+02,3eba768cb0cb2b544f556ba1973004e23aca8b18b99f7fc6136f07f6efc0b081,GOOD,NO_GOOD_TEMPLATE,BAD,0.08,1.0,flagged_borderline_or_disagreement
nstxuE205045A01t022,nstxuE205045A01t022/N9/egn09w.2606E+02,8f097901b61887e4c45a04a48d4da2ffc0136fdfa5431cd1bbe5a9d673ea1f54,GOOD,NO_GOOD_TEMPLATE,BAD,0.39666666666666667,1.0,flagged_borderline_or_disagreement
nstxuE205054A01t037,nstxuE205054A01t037/N2/egn02w.2132E+02,00a0f71d69aab2b1fe636849c75546049f6577cc431e373bab535df91c38175c,BAD,BAD_AXIS_SPIKE,GOOD,0.6166666666666667,0.0,flagged_rf_only_good
nstxuE205054A01t037,nstxuE205054A01t037/N3/egn03w.1389E+02,f9ed7630e2b088cddba34399032246ff987d1cacefd931b0aeb24b2cbdb886eb,BAD,BAD_AXIS_SPIKE,GOOD,0.8933333333333333,1.0,gold_good
nstxuE205054A01t037,nstxuE205054A01t037/N3/egn03w.2785E+02,a63d49c189363d81346a9c3919f37ef2bf15e8891cd5d23a8886d1b99322fc16,BAD,BAD_CONT_CROSS_WINDOW,GOOD,0.6,1.0,silver_good
nstxuE205054A01t037,nstxuE205054A01t037/N7/egn07w.2561E+02,7b7d846c61b4811405236738bd10f6ff6a347aad4296d52bf3c491fb4af70027,BAD,BAD_NEAR_AXIS_GRID_OSCILLATION,GOOD,0.8733333333333333,1.743609242432043e-31,flagged_rf_only_good
nstxuE205054A01t037,nstxuE205054A01t037/N8/egn08w.4715E+02,bf5165029aad2eb8bfad5cd8b39334f2cc03e0dd620ad05cb581c3a7de4029d1,BAD,BAD_CONTINUUM_CROSSING_TAIL,GOOD,0.5066666666666667,0.9648623466491699,silver_good
nstxuE205057A01t020,nstxuE205057A01t020/N10/egn10w.1265E+02,4a6fa4b36040a63bb7599e1f5840a9f6310f80ac447f45c3e20fcd9e722d2ae5,GOOD,NO_GOOD_TEMPLATE,BAD,0.05,0.9999810457229614,flagged_borderline_or_disagreement
nstxuE205057A01t020,nstxuE205057A01t020/N10/egn10w.2032E+02,be6d4289f2a4c22a2ddc796adbbe4c619436ec99b2ff81a1ac75028ae2bcddec,GOOD,NO_GOOD_TEMPLATE,BAD,0.07666666666666666,0.9999990463256836,flagged_borderline_or_disagreement
nstxuE205057A01t020,nstxuE205057A01t020/N10/egn10w.9789E+01,d797855629cc9e15ede8d01a5a8fa118ee99fc50411cf91b18e7f4c330484131,GOOD,NO_GOOD_TEMPLATE,BAD,0.37,1.0,flagged_borderline_or_disagreement
nstxuE205057A01t020,nstxuE205057A01t020/N4/egn04w.1444E+02,94668f9f4ecb408ad1a2ea0d870b2df0a55fe7bab3815fefc376c6c3dd316424,GOOD,NO_GOOD_TEMPLATE,BAD,0.22,0.002803366631269455,silver_bad
nstxuE205057A01t020,nstxuE205057A01t020/N4/egn04w.6876E+01,a566acba0f7b831d2680f62120002a66dbedb873067da42e39e25de88d0209b7,GOOD,NO_GOOD_TEMPLATE,BAD,0.26,1.0,flagged_borderline_or_disagreement
nstxuE205057A01t020,nstxuE205057A01t020/N4/egn04w.8295E+01,e64d216e8a2d1143cc9107bb164b246283dacb64e888bfdbbaf01ac0c9a6370d,GOOD,NO_GOOD_TEMPLATE,BAD,0.2733333333333333,1.0,flagged_borderline_or_disagreement
nstxuE205057A01t020,nstxuE205057A01t020/N4/egn04w.8440E+01,9cb0bbbe865443aef3c80f8e3510a765387a0742c5e73cd04309431edef98d42,GOOD,NO_GOOD_TEMPLATE,BAD,0.19333333333333333,1.0,flagged_borderline_or_disagreement
nstxuE205057A01t020,nstxuE205057A01t020/N4/egn04w.9259E+01,267d4fa45df2d6da42d31d31ae6c4bfbc185cf4af33ecc4a2976a5a487787ff6,GOOD,NO_GOOD_TEMPLATE,BAD,0.22666666666666666,0.9998965263366699,flagged_borderline_or_disagreement
nstxuE205057A01t020,nstxuE205057A01t020/N5/egn05w.8554E+01,90519a143ad980b9fb6a56ec90fbf49db08f4e2878a13a7498a5be2ff6c3b53c,GOOD,NO_GOOD_TEMPLATE,BAD,0.3433333333333333,1.0,flagged_borderline_or_disagreement
nstxuE205057A01t020,nstxuE205057A01t020/N6/egn06w.1430E+02,43e5b64f786f14721f386b1d99deda0e33f0a3035f016f07c0e4f12b0c8f1dcd,GOOD,NO_GOOD_TEMPLATE,BAD,0.28,1.0,flagged_borderline_or_disagreement
nstxuE205057A01t020,nstxuE205057A01t020/N6/egn06w.7003E+01,fe73a0de878caf09f87d84ee706fd1f4c72c6d85eae73b92bb65e15a9bddf82d,GOOD,NO_GOOD_TEMPLATE,BAD,0.25333333333333335,0.9999842643737793,flagged_borderline_or_disagreement
nstxuE205057A01t020,nstxuE205057A01t020/N6/egn06w.9006E+01,422aaf44f41c3f8946b239d4329a06f51ca8aeffa100f66313dabc4f2b9271b9,GOOD,NO_GOOD_TEMPLATE,BAD,0.30666666666666664,1.0,flagged_borderline_or_disagreement
nstxuE205057A01t020,nstxuE205057A01t020/N8/egn08w.1767E+02,a1a76c0d68f2f1d12b87f4efb16340e3b0f1898909da1971d398d7ab8779296f,GOOD,NO_GOOD_TEMPLATE,BAD,0.42333333333333334,9.369989201331576e-20,flagged_borderline_or_disagreement
nstxuE205057A01t020,nstxuE205057A01t020/N9/egn09w.1212E+02,528a922ce876ddfc9b4bd1df94f44f23f6d01814ef58ac627b3b1f554f50ff4e,GOOD,NO_GOOD_TEMPLATE,BAD,0.29333333333333333,0.9999963045120239,flagged_borderline_or_disagreement
nstxuE205057A01t020,nstxuE205057A01t020/N9/egn09w.8529E+01,f8bc20fca116aba5a205efe408a1f3a9c343822ae5061ef04c26e4eca4adf7b4,GOOD,NO_GOOD_TEMPLATE,BAD,0.38666666666666666,1.0,flagged_borderline_or_disagreement
nstxuE205057A01t020,nstxuE205057A01t020/N9/egn09w.8768E+01,ca8ea3327092ef1ea8a85f7e905ea6715aaaf23606ff594eb63d03efaaacabef,GOOD,NO_GOOD_TEMPLATE,BAD,0.24333333333333335,1.0,flagged_borderline_or_disagreement
nstxuG121123K34,nstxuG121123K34/N6/egn06w.7044E+02,8cb78a7cd5721af7c6c8c5604eafa159d0f48d8c803752bb844b2fff76e700c1,GOOD,NO_GOOD_TEMPLATE,BAD,0.14333333333333334,0.0,gold_bad
nstxuG121123K34,nstxuG121123K34/N9/egn09w.6028E+02,91a38ed55ac3fe0f8b6e62c53ca21993d3a24afdcab3a476477783b092dc1851,BAD,BAD_GRID_SCALE_SPIKE,GOOD,0.5,0.0,flagged_rf_only_good
nstxuG121123K70,nstxuG121123K70/N10/egn10w.2862E+02,af36f7ebb717abbb8ad3eb3fdf28995bdd6c08f35888874943c24bb7220e2c10,BAD,BAD_AXIS_SPIKE,GOOD,0.5366666666666666,8.257548116709277e-19,flagged_rf_only_good
nstxuG121123K70,nstxuG121123K70/N10/egn10w.3121E+02,fccc021bbfbe5f2aedf51fa8dc9bba7b3f5c2e921fd12ae1acdec89e939b05fc,BAD,BAD_INTERIOR_UNRESOLVED_ENVELOPE,GOOD,0.41333333333333333,1.0,flagged_cnn_rescue
nstxuG121123K70,nstxuG121123K70/N2/egn02w.2546E+02,99e406f1695b68aea4ccb0b370ebb0caf2c10d22ae022b5dec447639338ea9b2,GOOD,NO_GOOD_TEMPLATE,BAD,0.04,0.0,gold_bad
nstxuG121123K70,nstxuG121123K70/N2/egn02w.2596E+02,49a2be1a28ccb60f015209cbca66147a62a03d402ce91713e38dc15265efdef4,GOOD,NO_GOOD_TEMPLATE,BAD,0.03666666666666667,0.0,gold_bad
nstxuG121123K70,nstxuG121123K70/N7/egn07w.2519E+02,279568f85bcce7e48fb79f2983fcd227404372f4a699f78510a0d2cc2f06baaf,GOOD,NO_GOOD_TEMPLATE,BAD,0.36666666666666664,2.385586617137392e-09,silver_bad
nstxuG121123K70,nstxuG121123K70/N7/egn07w.2651E+02,6eb804f498e60479605f567427a13e1ec9dd7c700bcf94891f4b467924eb2971,BAD,BAD_AXIS_SPIKE,GOOD,0.53,0.07558152824640274,flagged_rf_only_good
nstxuG121123N80,nstxuG121123N80/N3/egn03w.4007E+02,a01c932edcbd9033fd297ba4a6c6c34682940fc5a4225be9999881e4018aedc1,GOOD,NO_GOOD_TEMPLATE,BAD,0.26666666666666666,0.0,silver_bad
nstxuG121123N80,nstxuG121123N80/N6/egn06w.1723E+02,bb58494dca77989726a7cb894c375a4bb9b7f7822c6b65bd7ff555608bb56b50,GOOD,NO_GOOD_TEMPLATE,BAD,0.10333333333333333,6.766570874139853e-16,gold_bad
nstxuG121123N80,nstxuG121123N80/N7/egn07w.3397E+02,b2863f5d9d2cccd1869294803371d21e93e8142f2d918e65e80cc06537661170,BAD,BAD_GRID_SCALE_SPIKE,GOOD,0.6333333333333333,2.5377019499070342e-23,flagged_rf_only_good
nstxuG121123N80,nstxuG121123N80/N9/egn09w.4646E+02,fd222197f4a4d3ad65a850e03b22476667e8be91dd9eb7eac583e9ee7e5ee439,BAD,BAD_INTERIOR_UNRESOLVED_ENVELOPE,GOOD,0.92,1.0,gold_good
nstxuG142301C50,nstxuG142301C50/N10/egn10w.5344E+02,d22cbdd3364b288b5370412fc5d097617fefef20f39a1ce5ebaf88fdb524d75e,BAD,BAD_GRID_SCALE_SPIKE,GOOD,0.5266666666666666,0.0,flagged_rf_only_good
nstxuG142301H56,nstxuG142301H56/N1/egn01w.4501E+02,22f30b3457b909f7d2c912841ca45fc63b7977970009d95499e766e9f1a51ba0,GOOD,NO_GOOD_TEMPLATE,BAD,0.11,0.0,gold_bad
nstxuG142301H56,nstxuG142301H56/N10/egn10w.2416E+02,1947facc3a384cbb04bc6795bef83c59cc1183976ad9a127757bf8bf9e44e1a4,GOOD,NO_GOOD_TEMPLATE,BAD,0.36666666666666664,0.9999996423721313,flagged_borderline_or_disagreement
nstxuG142301L94,nstxuG142301L94/N3/egn03w.1927E+02,9b7e21f1dbdd71138c7d475458f18325584f55bdd83cc80f7dd5e86d08dd37df,GOOD,NO_GOOD_TEMPLATE,BAD,0.2633333333333333,0.9999990463256836,flagged_borderline_or_disagreement
nstxuG142301L94,nstxuG142301L94/N3/egn03w.2346E+02,6d49b5fbc1fec8c0bbfa35387c0d9cd4cdad4bcb4487ae3faf943e174bc81bd2,BAD,BAD_AXIS_SPIKE,GOOD,0.47,0.9968852400779724,flagged_cnn_rescue
nstxuG142301L94,nstxuG142301L94/N5/egn05w.1941E+02,4840c45020cdd4cf1a95eb8a4c75e909a8e407a8494ba1d5b9a63dc690dc1a11,BAD,BAD_AXIS_SPIKE,GOOD,0.5733333333333334,1.262174392779869e-11,flagged_rf_only_good
nstxuG142301L94,nstxuG142301L94/N5/egn05w.2135E+02,3f835f34c778e7d62c0a12cd3181f21c991e30ac91aa25882f366858bbc8a20d,GOOD,NO_GOOD_TEMPLATE,BAD,0.21333333333333335,1.4307427898015848e-35,silver_bad
nstxuG142301L94,nstxuG142301L94/N9/egn09w.2746E+02,51499bc25ef2e08afc4d569a14285327e8a87a75f712a07ac403bb7011febe5c,BAD,BAD_INTERIOR_UNRESOLVED_ENVELOPE,GOOD,0.5266666666666666,3.5725003044717596e-07,flagged_rf_only_good
nstxuG142301U84,nstxuG142301U84/N10/egn10w.2541E+02,dd947bcd63487179af6820ca1dcea9d8bb21971de7cbcb6d288d07d8e4adb95b,GOOD,NO_GOOD_TEMPLATE,BAD,0.24666666666666667,0.0,silver_bad
nstxuG142301U84,nstxuG142301U84/N10/egn10w.2566E+02,f8442cd8fd09f0c0d9ea0a50ac225f10a9296a26fa7753bfe8d336faa3b83e02,GOOD,NO_GOOD_TEMPLATE,BAD,0.30333333333333334,0.0,silver_bad
nstxuG142301U84,nstxuG142301U84/N2/egn02w.2512E+02,e3b22bc2de4a88f66738c7386709c2ba9d3be3fcd715264d1b419929a0e3057b,GOOD,NO_GOOD_TEMPLATE,BAD,0.03,0.0,gold_bad
nstxuG142301U84,nstxuG142301U84/N2/egn02w.2556E+02,73d9bb7c6c749b99f64db95f5210d0cf5779f71290ff31c4c3907a53894bd83e,GOOD,NO_GOOD_TEMPLATE,BAD,0.043333333333333335,0.0,gold_bad
nstxuG142301U84,nstxuG142301U84/N4/egn04w.2567E+02,a3a6ff2b485a999bc0cdf71666e7765dfeeb55cc1d729083e968954c92320dcc,GOOD,NO_GOOD_TEMPLATE,BAD,0.2633333333333333,0.0,silver_bad
nstxuG142301U84,nstxuG142301U84/N4/egn04w.2604E+02,7af03310986271b8155707099d629f3418a7b7c4c1bbdce15e90416eb72b5db3,GOOD,NO_GOOD_TEMPLATE,BAD,0.24666666666666667,2.7214151834530975e-30,silver_bad
nstxuG142301U84,nstxuG142301U84/N4/egn04w.2651E+02,a8dd471b2c9ec5c39fea2e5030805c743be8b0437b660919ae1eb4ee6dd8dc91,GOOD,NO_GOOD_TEMPLATE,BAD,0.3233333333333333,0.0,silver_bad
nstxuG142301U84,nstxuG142301U84/N5/egn05w.2702E+02,fdb3e2e782e0074aed3c1a2476a9876b91d81a3c93987c380dffc6c42e330513,GOOD,NO_GOOD_TEMPLATE,BAD,0.41,4.625869022950205e-18,flagged_borderline_or_disagreement
nstxuG142301U84,nstxuG142301U84/N6/egn06w.2579E+02,bd80235da7734e039ce67eb72d2c827caf253286531c726bf6d00d8cd920e653,GOOD,NO_GOOD_TEMPLATE,BAD,0.22666666666666666,1.2942919758051663e-25,silver_bad
nstxuG142301U84,nstxuG142301U84/N9/egn09w.2860E+02,195ab8ef493e989ffd85e35813c3b251b78c1bc89be3ce3b224cca7b0ad0be35,BAD,BAD_NEAR_AXIS_GRID_OSCILLATION,GOOD,0.7033333333333334,0.14853666722774506,flagged_rf_only_good
nstxuG142301V21,nstxuG142301V21/N10/egn10w.1605E+02,8dcf6d8cb6363a9a1bebbe00439b30bb11e2895ce37751af20bfdcafb9f2b205,BAD,BAD_INTERIOR_UNRESOLVED_ENVELOPE,GOOD,0.5366666666666666,1.0,silver_good
nstxuG142301V21,nstxuG142301V21/N2/egn02w.2259E+02,05574c2ed435b0c943992ad625787cac155e53d07cab7976f3a66ff6f18957bb,GOOD,NO_GOOD_TEMPLATE,BAD,0.13,1.690085009063095e-14,gold_bad
