path,validity,family,signed_delta,fraction_below_upper2,gap_region,error
nstxuG142301W29/N1/egn01w.1998E+02,bad,none,0.9993,1.0000,below_upper2,
nstxuG142301W29/N1/egn01w.2010E+02,bad,none,0.9995,1.0000,below_upper2,
nstxuG142301W29/N1/egn01w.2016E+02,bad,none,0.9977,0.9984,below_upper2,
nstxuG142301W29/N1/egn01w.2024E+02,bad,none,0.9991,0.9997,below_upper2,
nstxuG142301W29/N1/egn01w.2041E+02,bad,none,0.9151,0.9433,below_upper2,
nstxuG142301W29/N1/egn01w.2064E+02,bad,none,0.8079,0.8667,below_upper2,
nstxuG142301W29/N1/egn01w.2079E+02,bad,none,0.9480,0.9653,below_upper2,
nstxuG142301W29/N1/egn01w.2093E+02,bad,none,0.9067,0.9453,below_upper2,
nstxuG142301W29/N1/egn01w.2121E+02,bad,none,0.7555,0.8339,below_upper2,
nstxuG142301W29/N1/egn01w.2158E+02,bad,none,0.8720,0.9523,below_upper2,
nstxuG142301W29/N1/egn01w.2182E+02,bad,none,0.7877,0.8984,below_upper2,
nstxuG142301W29/N1/egn01w.2206E+02,bad,none,0.6996,0.8406,below_upper2,
nstxuG142301W29/N1/egn01w.2503E+02,bad,none,0.8926,0.9579,below_upper2,
nstxuG142301W29/N1/egn01w.2511E+02,bad,none,0.9195,0.9866,below_upper2,
nstxuG142301W29/N2/egn02w.2555E+02,bad,none,0.7668,0.9480,below_upper2,
nstxuG142301W29/N2/egn02w.3052E+02,bad,none,0.1212,0.4350,mixed,
nstxuG142301W29/N2/egn02w.3064E+02,bad,none,-0.0415,0.5201,below_upper2,
nstxuG142301W29/N2/egn02w.3086E+02,bad,none,0.0501,0.6057,below_upper2,
nstxuG142301W29/N2/egn02w.3164E+02,bad,none,-0.2430,0.4208,mixed,
nstxuG142301W29/N2/egn02w.3173E+02,bad,none,-0.2206,0.4446,mixed,
nstxuG142301W29/N2/egn02w.3192E+02,bad,none,-0.1532,0.5919,below_upper2,
nstxuG142301W29/N2/egn02w.3311E+02,bad,none,-0.1186,0.6356,below_upper2,
nstxuG142301W29/N3/egn03w.1831E+02,bad,none,0.9945,0.9996,below_upper2,
nstxuG142301W29/N3/egn03w.1882E+02,bad,none,0.9728,0.9991,below_upper2,
nstxuG142301W29/N3/egn03w.2779E+02,bad,none,0.7004,0.9801,below_upper2,
nstxuG142301W29/N3/egn03w.2803E+02,bad,none,0.0022,0.8033,below_upper2,
nstxuG142301W29/N3/egn03w.2818E+02,bad,none,0.4796,0.9480,below_upper2,
nstxuG142301W29/N3/egn03w.2859E+02,bad,none,0.6497,0.9649,below_upper2,
nstxuG142301W29/N3/egn03w.2894E+02,bad,none,0.5737,0.9792,below_upper2,
nstxuG142301W29/N3/egn03w.3277E+02,bad,none,0.5964,0.8202,below_upper2,
nstxuG142301W29/N3/egn03w.3279E+02,bad,none,0.2678,0.7020,below_upper2,
nstxuG142301W29/N4/egn04w.1142E+02,bad,none,0.7992,0.8944,below_upper2,
nstxuG142301W29/N4/egn04w.1372E+02,bad,none,0.9820,0.9968,below_upper2,
nstxuG142301W29/N4/egn04w.2053E+02,bad,none,0.9544,0.9998,below_upper2,
nstxuG142301W29/N4/egn04w.2072E+02,bad,none,0.9475,0.9998,below_upper2,
nstxuG142301W29/N4/egn04w.2117E+02,bad,none,0.9480,0.9999,below_upper2,
nstxuG142301W29/N4/egn04w.2238E+02,bad,none,0.9386,0.9998,below_upper2,
nstxuG142301W29/N4/egn04w.2347E+02,bad,none,0.9157,0.9909,below_upper2,
nstxuG142301W29/N4/egn04w.2381E+02,bad,none,-0.3104,0.4096,mixed,
nstxuG142301W29/N4/egn04w.2468E+02,bad,none,0.9192,0.9911,below_upper2,
nstxuG142301W29/N4/egn04w.2722E+02,bad,none,0.8267,0.9657,below_upper2,
nstxuG142301W29/N4/egn04w.2778E+02,bad,none,0.0758,0.9061,below_upper2,
nstxuG142301W29/N4/egn04w.2792E+02,bad,none,0.6073,0.9931,below_upper2,
nstxuG142301W29/N4/egn04w.2875E+02,bad,none,-0.1840,0.6373,below_upper2,
nstxuG142301W29/N4/egn04w.2882E+02,bad,none,0.7787,0.9631,below_upper2,
nstxuG142301W29/N4/egn04w.2886E+02,bad,none,-0.0285,0.7489,below_upper2,
nstxuG142301W29/N4/egn04w.4097E+02,bad,none,0.1392,0.8482,below_upper2,
nstxuG142301W29/N5/egn05w.1017E+02,bad,none,0.9575,1.0000,below_upper2,
nstxuG142301W29/N5/egn05w.1099E+02,bad,none,0.9226,0.9982,below_upper2,
nstxuG142301W29/N5/egn05w.1479E+02,bad,none,-0.0066,0.2818,mixed,
nstxuG142301W29/N5/egn05w.1499E+02,bad,none,0.9902,0.9990,below_upper2,
nstxuG142301W29/N5/egn05w.1649E+02,bad,none,0.9869,0.9976,below_upper2,
nstxuG142301W29/N5/egn05w.1750E+02,bad,none,0.9867,0.9972,below_upper2,
nstxuG142301W29/N5/egn05w.2374E+02,bad,none,0.9659,1.0000,below_upper2,
nstxuG142301W29/N5/egn05w.2392E+02,bad,none,0.9374,0.9998,below_upper2,
nstxuG142301W29/N5/egn05w.2505E+02,good,tae,0.9362,0.9987,below_upper2,
nstxuG142301W29/N5/egn05w.2611E+02,bad,none,0.8079,0.9864,below_upper2,
nstxuG142301W29/N5/egn05w.2741E+02,bad,none,0.8179,0.9818,below_upper2,
nstxuG142301W29/N5/egn05w.2764E+02,bad,none,0.7763,0.9974,below_upper2,
nstxuG142301W29/N5/egn05w.2777E+02,bad,none,0.7142,0.9607,below_upper2,
nstxuG142301W29/N5/egn05w.2810E+02,bad,none,0.7875,0.9981,below_upper2,
nstxuG142301W29/N5/egn05w.2834E+02,bad,none,0.7207,0.9867,below_upper2,
nstxuG142301W29/N5/egn05w.2892E+02,bad,none,0.5474,0.9980,below_upper2,
nstxuG142301W29/N5/egn05w.2898E+02,bad,none,0.5299,0.9982,below_upper2,
nstxuG142301W29/N5/egn05w.2903E+02,bad,none,0.5153,0.9994,below_upper2,
nstxuG142301W29/N5/egn05w.3582E+02,bad,none,0.0956,0.7884,below_upper2,
nstxuG142301W29/N5/egn05w.3585E+02,bad,none,0.1871,0.8187,below_upper2,
nstxuG142301W29/N5/egn05w.3596E+02,bad,none,0.0231,0.7217,below_upper2,
nstxuG142301W29/N5/egn05w.3611E+02,bad,none,0.3011,0.7484,below_upper2,
nstxuG142301W29/N6/egn06w.1178E+02,bad,none,0.9922,0.9943,below_upper2,
nstxuG142301W29/N6/egn06w.1226E+02,bad,none,0.9674,0.9971,below_upper2,
nstxuG142301W29/N6/egn06w.1514E+02,bad,none,-0.0572,0.1050,mixed,
nstxuG142301W29/N6/egn06w.1538E+02,bad,none,0.8859,0.8857,below_upper2,
nstxuG142301W29/N6/egn06w.1889E+02,bad,none,0.9984,1.0000,below_upper2,
nstxuG142301W29/N6/egn06w.2590E+02,bad,none,0.8526,0.9786,below_upper2,
nstxuG142301W29/N6/egn06w.2706E+02,bad,none,0.8558,0.9607,below_upper2,
nstxuG142301W29/N6/egn06w.2734E+02,bad,none,0.8248,0.9975,below_upper2,
nstxuG142301W29/N6/egn06w.2755E+02,bad,none,0.7913,0.9697,below_upper2,
nstxuG142301W29/N6/egn06w.2775E+02,bad,none,0.8151,0.9998,below_upper2,
nstxuG142301W29/N6/egn06w.2786E+02,bad,none,0.8306,0.9689,below_upper2,
nstxuG142301W29/N6/egn06w.2853E+02,bad,none,0.7356,0.9944,below_upper2,
nstxuG142301W29/N6/egn06w.2883E+02,bad,none,0.6188,0.9936,below_upper2,
nstxuG142301W29/N7/egn07w.1142E+02,bad,none,0.9798,0.9942,below_upper2,
nstxuG142301W29/N7/egn07w.1198E+02,bad,none,0.9686,0.9983,below_upper2,
nstxuG142301W29/N7/egn07w.1331E+02,bad,none,0.9839,0.9978,below_upper2,
nstxuG142301W29/N7/egn07w.1334E+02,bad,none,0.9922,0.9986,below_upper2,
nstxuG142301W29/N7/egn07w.1459E+02,bad,none,0.6364,0.6431,below_upper2,
nstxuG142301W29/N7/egn07w.2103E+02,good,tae,0.9932,1.0000,below_upper2,
nstxuG142301W29/N7/egn07w.2116E+02,good,tae,0.9907,1.0000,below_upper2,
nstxuG142301W29/N7/egn07w.2341E+02,bad,none,0.9997,0.9999,below_upper2,
nstxuG142301W29/N7/egn07w.2702E+02,bad,none,0.8437,0.9747,below_upper2,
nstxuG142301W29/N7/egn07w.2727E+02,bad,none,0.8334,0.9987,below_upper2,
nstxuG142301W29/N7/egn07w.2784E+02,bad,none,0.8005,0.9579,below_upper2,
nstxuG142301W29/N7/egn07w.2839E+02,bad,none,0.7392,0.9918,below_upper2,
nstxuG142301W29/N7/egn07w.2854E+02,bad,none,0.7546,0.9889,below_upper2,
nstxuG142301W29/N7/egn07w.2875E+02,bad,none,0.6926,0.9628,below_upper2,
nstxuG142301W29/N7/egn07w.2891E+02,bad,none,0.6544,0.9931,below_upper2,
nstxuG142301W29/N7/egn07w.2904E+02,bad,none,0.5845,0.9909,below_upper2,
nstxuG142301W29/N7/egn07w.2913E+02,bad,none,0.6204,0.9873,below_upper2,
nstxuG142301W29/N8/egn08w.1050E+02,bad,none,0.7823,1.0000,below_upper2,
nstxuG142301W29/N8/egn08w.1122E+02,bad,none,0.9611,0.9983,below_upper2,
nstxuG142301W29/N8/egn08w.1198E+02,bad,none,0.9598,0.9955,below_upper2,
nstxuG142301W29/N8/egn08w.1268E+02,bad,none,0.9959,0.9971,below_upper2,
nstxuG142301W29/N8/egn08w.1339E+02,bad,none,-0.0501,0.2513,mixed,
nstxuG142301W29/N8/egn08w.1488E+02,bad,none,0.8966,0.8912,below_upper2,
nstxuG142301W29/N8/egn08w.1521E+02,bad,none,0.9894,0.9918,below_upper2,
nstxuG142301W29/N8/egn08w.2252E+02,bad,none,-0.4869,0.4587,mixed,
nstxuG142301W29/N8/egn08w.2304E+02,bad,none,0.9948,1.0000,below_upper2,
nstxuG142301W29/N8/egn08w.2727E+02,bad,none,0.8354,0.9824,below_upper2,
nstxuG142301W29/N8/egn08w.2745E+02,bad,none,0.8273,0.9955,below_upper2,
nstxuG142301W29/N8/egn08w.2771E+02,bad,none,0.8129,0.9837,below_upper2,
nstxuG142301W29/N8/egn08w.2798E+02,bad,none,0.8031,0.9498,below_upper2,
nstxuG142301W29/N8/egn08w.2846E+02,bad,none,0.7087,0.9836,below_upper2,
nstxuG142301W29/N8/egn08w.2847E+02,good,tae,0.7159,0.9921,below_upper2,
nstxuG142301W29/N8/egn08w.2880E+02,bad,none,0.6485,0.9740,below_upper2,
nstxuG142301W29/N8/egn08w.2920E+02,bad,none,-0.3468,0.6920,below_upper2,
nstxuG142301W29/N9/egn09w.1049E+02,bad,none,0.8010,0.9998,below_upper2,
nstxuG142301W29/N9/egn09w.1192E+02,bad,none,0.9627,0.9948,below_upper2,
nstxuG142301W29/N9/egn09w.1228E+02,bad,none,0.9977,0.9995,below_upper2,
nstxuG142301W29/N9/egn09w.1242E+02,bad,none,0.5028,0.5374,below_upper2,
nstxuG142301W29/N9/egn09w.1285E+02,bad,none,0.9760,0.9992,below_upper2,
nstxuG142301W29/N9/egn09w.1309E+02,bad,none,-0.0842,0.2263,mixed,
nstxuG142301W29/N9/egn09w.1461E+02,bad,none,0.9803,0.9849,below_upper2,
nstxuG142301W29/N9/egn09w.1638E+02,bad,none,0.9982,1.0000,below_upper2,
nstxuG142301W29/N9/egn09w.1982E+02,good,tae,0.9957,1.0000,below_upper2,
nstxuG142301W29/N9/egn09w.2524E+02,bad,none,0.9820,1.0000,below_upper2,
nstxuG142301W29/N9/egn09w.2589E+02,bad,none,0.8446,0.9917,below_upper2,
nstxuG142301W29/N9/egn09w.2647E+02,bad,none,0.8524,0.9817,below_upper2,
nstxuG142301W29/N9/egn09w.2683E+02,bad,none,0.8468,0.9719,below_upper2,
nstxuG142301W29/N9/egn09w.2710E+02,bad,none,0.8378,0.9548,below_upper2,
nstxuG142301W29/N9/egn09w.2747E+02,bad,none,0.8119,0.9987,below_upper2,
nstxuG142301W29/N9/egn09w.2764E+02,bad,none,0.8310,0.9983,below_upper2,
nstxuG142301W29/N9/egn09w.2771E+02,bad,none,0.7267,0.9658,below_upper2,
nstxuG142301W29/N9/egn09w.2782E+02,bad,none,0.8080,0.9773,below_upper2,
nstxuG142301W29/N9/egn09w.2848E+02,bad,none,0.7883,0.9711,below_upper2,
nstxuG142301W29/N9/egn09w.2866E+02,bad,none,0.7404,0.9956,below_upper2,
nstxuG142301W29/N9/egn09w.2877E+02,bad,none,0.6668,0.9795,below_upper2,
nstxuG142301W29/N9/egn09w.2886E+02,bad,none,0.6426,0.9965,below_upper2,
nstxuG142301W29/N9/egn09w.2896E+02,bad,none,0.6510,0.9430,below_upper2,
nstxuG142301W29/N9/egn09w.2905E+02,bad,none,0.6158,0.8210,below_upper2,
nstxuG142301W29/N10/egn10w.1044E+02,bad,none,0.8443,1.0000,below_upper2,
nstxuG142301W29/N10/egn10w.1052E+02,bad,none,0.9204,0.9999,below_upper2,
nstxuG142301W29/N10/egn10w.1205E+02,bad,none,0.9765,0.9956,below_upper2,
nstxuG142301W29/N10/egn10w.1332E+02,bad,none,0.9908,0.9990,below_upper2,
nstxuG142301W29/N10/egn10w.1439E+02,bad,none,0.9922,0.9990,below_upper2,
nstxuG142301W29/N10/egn10w.1536E+02,bad,none,0.9963,1.0000,below_upper2,
nstxuG142301W29/N10/egn10w.1775E+02,good,tae,0.9962,1.0000,below_upper2,
nstxuG142301W29/N10/egn10w.1779E+02,bad,none,0.7465,0.9025,below_upper2,
nstxuG142301W29/N10/egn10w.2625E+02,bad,none,0.8641,0.9642,below_upper2,
nstxuG142301W29/N10/egn10w.2667E+02,bad,none,0.8361,0.9817,below_upper2,
nstxuG142301W29/N10/egn10w.2689E+02,bad,none,0.8565,0.9504,below_upper2,
nstxuG142301W29/N10/egn10w.2712E+02,bad,none,0.7995,0.9804,below_upper2,
nstxuG142301W29/N10/egn10w.2731E+02,bad,none,0.8433,0.9975,below_upper2,
nstxuG142301W29/N10/egn10w.2802E+02,good,tae,0.7791,0.9965,below_upper2,
nstxuG142301W29/N10/egn10w.2807E+02,bad,none,0.6977,0.9688,below_upper2,
nstxuG142301W29/N10/egn10w.2843E+02,bad,none,0.6874,0.9571,below_upper2,
nstxuG142301W29/N10/egn10w.2862E+02,bad,none,0.7356,0.9764,below_upper2,
nstxuG142301W29/N10/egn10w.2908E+02,bad,none,0.5985,0.9316,below_upper2,
