cohort,mode_key,path,training_label,baseline_decision,input_fingerprint,region_id,side,hf_out_top2_ratio,hf_out_total_fraction,hf_out_local_fraction,hf_out_radial_extent,hf_out_harmonic_extent
training,nstxuE204669M03t025/N10/egn10w.1295E+02,/p/hym/ebelova/NOVA/data_mixed/nstxuE204669M03t025/N10/egn10w.1295E+02,bad,GOOD,f1d09a00e421ac89348335ccdcf35c9037e98bb511a3e97758006c1468709934,0,above_upper,0.021040709007894284,0.003892281363120612,0.9602083064793127,14.371446417701161,2.3926874667763185
training,nstxuE204669M03t025/N10/egn10w.3232E+02,/p/hym/ebelova/NOVA/data_mixed/nstxuE204669M03t025/N10/egn10w.3232E+02,bad,BAD,31e3de2d1bd46661f08d7d41c0185ac540fd8a73d2e65318e3f280cbbe64aa61,0,above_upper,0.6140640497739456,0.24734030969146112,0.8287624021134088,17.158563576286106,2.0257422188843206
training,nstxuE204669M03t025/N2/egn02w.3307E+02,/p/hym/ebelova/NOVA/data_mixed/nstxuE204669M03t025/N2/egn02w.3307E+02,bad,BAD,8939f0bb180139da7c806217ea3b53e5724ded2240e427990bc13b3882ef59a1,2,above_upper,0.06213745040892222,0.033134355415720074,0.45205139723218357,8.510606108778747,6.345001561777593
training,nstxuE204669M03t025/N4/egn04w.1002E+02,/p/hym/ebelova/NOVA/data_mixed/nstxuE204669M03t025/N4/egn04w.1002E+02,bad,BAD,fbc899da8824dcefaf4a1b3cbe546f9feaceffac27e3694bf575cf130cbb671d,0,above_upper,0.20249436181130367,0.1371567195670037,0.25059184116560546,9.104225313792535,2.4028077846537115
training,nstxuE204669M03t025/N8/egn08w.3282E+02,/p/hym/ebelova/NOVA/data_mixed/nstxuE204669M03t025/N8/egn08w.3282E+02,bad,BAD,2bef70e2c2947936b5dbf8ce8a8af07b9f7712d09feea9f86d7ad4190c2d0a6c,0,above_upper,0.9286127543615056,0.5134686844703622,0.9173484613850629,12.349104296360672,1.5380568200996843
training,nstxuE204669M03t025/N9/egn09w.3261E+02,/p/hym/ebelova/NOVA/data_mixed/nstxuE204669M03t025/N9/egn09w.3261E+02,bad,BAD,71fc1ffe82ec3c80617672e63dd3b8dc961c24cf40e7d6892d265b6f50695c13,0,above_upper,0.6657085655039979,0.18624242623456547,0.8726698963352951,18.91130397362905,2.083820683273653
training,nstxuE204669M03t025/N9/egn09w.3359E+02,/p/hym/ebelova/NOVA/data_mixed/nstxuE204669M03t025/N9/egn09w.3359E+02,bad,BAD,488aec62253efc7adb0177eedda7bdfc4ee7161a35bcd517632bc5b2dfd53ff1,0,above_upper,0.6074928292915482,0.2970391069330036,0.8449982914009666,22.07683960706351,2.14712622668878
training,nstxuE205052A01t022/N1/egn01w.1194E+02,/p/hym/ebelova/NOVA/data_mixed/nstxuE205052A01t022/N1/egn01w.1194E+02,bad,BAD,7d19ef68f7109d183b4104da25d71bb35943d02d0efd5cdfcd14684ed79e0378,0,above_upper,0.5293575426956962,0.3873391800116689,0.498388517342761,8.059316010895051,2.1790355044149603
training,nstxuE205052A01t022/N2/egn02w.1994E+02,/p/hym/ebelova/NOVA/data_mixed/nstxuE205052A01t022/N2/egn02w.1994E+02,bad,BAD,7e735c50c3a42551ed979b835bc28055bef7b689ba7429c09adeec448445d4b3,1,above_upper,0.06055054962044962,0.027265781241813246,0.43136356408784154,14.021050294220105,8.809877076687801
training,nstxuE205052A01t022/N2/egn02w.2175E+02,/p/hym/ebelova/NOVA/data_mixed/nstxuE205052A01t022/N2/egn02w.2175E+02,bad,BAD,9e21c8a0298ba3309dc142ab3584efaa8607bcf816812a49f368c28497ee9ac5,1,above_upper,0.330178358701123,0.09043830958881421,0.2811076715539143,9.308794966515045,7.544324196220395
training,nstxuE205052A01t022/N2/egn02w.2309E+02,/p/hym/ebelova/NOVA/data_mixed/nstxuE205052A01t022/N2/egn02w.2309E+02,bad,BAD,58ba3bed4f54349c0f408a12703fc3d9ca1d790263cad2eff9993b92e5ac81da,1,above_upper,0.3430215675794537,0.07831913667780674,0.23255846392366308,8.569543300095942,6.805198192590344
training,nstxuE205052A01t022/N3/egn03w.1237E+02,/p/hym/ebelova/NOVA/data_mixed/nstxuE205052A01t022/N3/egn03w.1237E+02,bad,BAD,adb91268dc48bddec475f6861757760fe337e9b01aa71bbeeeb0d60418688028,0,above_upper,0.23494851748538256,0.16146847996157726,0.2465968202268663,8.84394470066085,2.1881123386742543
training,nstxuE205052A01t022/N5/egn05w.1342E+02,/p/hym/ebelova/NOVA/data_mixed/nstxuE205052A01t022/N5/egn05w.1342E+02,bad,BAD,4e80db97fc5bf28c6df24e7290d5b8a570fcd37d378dc2ced73e1d36fef85bec,0,above_upper,0.12000847905074183,0.015415145401838023,0.25874058644099807,11.358392154880745,2.084978690191269
training,nstxuE205052A01t022/N7/egn07w.1317E+02,/p/hym/ebelova/NOVA/data_mixed/nstxuE205052A01t022/N7/egn07w.1317E+02,bad,BAD,d476aec944ee7754f54091d928c08e13d45b3769fee89ed041d21178d17e801b,0,above_upper,0.025974662000452967,0.003938790107082355,0.8470902371756205,11.040751141021383,2.0956047897957246
training,nstxuE205052A01t022/N7/egn07w.2388E+02,/p/hym/ebelova/NOVA/data_mixed/nstxuE205052A01t022/N7/egn07w.2388E+02,bad,BAD,8b52bdff1795c622a978c7c337632249b15f5b207c69b2e74bf6f49afaa11b5c,3,above_upper,0.013733075763705372,0.006263361091107178,0.2992617851097197,10.647075314901542,11.344275335532688
training,nstxuE205052A01t022/N9/egn09w.8945E+01,/p/hym/ebelova/NOVA/data_mixed/nstxuE205052A01t022/N9/egn09w.8945E+01,bad,BAD,9f20b19682c4842e7dc42428afd18a80d061d0a807d7b32a298a31dc257100c9,0,below_lower,0.20345514494507472,0.16312113367380277,0.21773891118770514,16.007331272597778,1.9365004786952817
training,nstxuE205052A01t022/N9/egn09w.9117E+01,/p/hym/ebelova/NOVA/data_mixed/nstxuE205052A01t022/N9/egn09w.9117E+01,bad,BAD,f354efdcf3ff186d453aa2e2fbcdb7ce9da0a04018344baea120a99641a8e3bb,0,below_lower,0.322478852752336,0.31003178953021515,0.353274801297368,15.909620610662856,2.0290682389979806
training,nstxuG121123J38/N6/egn06w.4521E+02,/p/hym/ebelova/NOVA/data_mixed/nstxuG121123J38/N6/egn06w.4521E+02,bad,BAD,91f5ffb17ef31d870b9c6f403d344ac33a93f9eb75537d9ec94996e1b38a2854,1,above_upper,0.04134556827636767,0.01815945969538601,0.4719871049780266,10.288495791254888,9.537539975285503
training,nstxuG121123J38/N7/egn07w.4548E+02,/p/hym/ebelova/NOVA/data_mixed/nstxuG121123J38/N7/egn07w.4548E+02,bad,BAD,8ec2051e25df52d46625da2fddf73d6f022454dc9b9d6b9965f22012c5e892db,1,above_upper,0.09916739986048297,0.04358326093399151,0.27693706534517276,10.38353123314946,10.159053101247402
training,nstxuG121123J38/N7/egn07w.4580E+02,/p/hym/ebelova/NOVA/data_mixed/nstxuG121123J38/N7/egn07w.4580E+02,bad,BAD,aea6719eba61d1ef72f46b6e39825a0b91c13d30c25101da39bb467293855040,2,above_upper,0.02996866181132337,0.01732825138420591,0.37959494408162076,10.013924513745602,9.73496524720948
training,nstxuG121123B12/N7/egn07w.2744E+02,/p/hym/ebelova/NOVA/data_mixed/nstxuG121123B12/N7/egn07w.2744E+02,bad,BAD,fa5470527e86da5bbf5a7fbc266de3784f8c3919d683b4868ad85e92df738dc8,0,above_upper,0.052289133966257506,0.01870651522845603,0.22798292558535718,12.969306328824521,10.615067944572496
training,nstxuG121123B12/N7/egn07w.3171E+02,/p/hym/ebelova/NOVA/data_mixed/nstxuG121123B12/N7/egn07w.3171E+02,bad,BAD,4f66821ed1f3a798f5b462af1721b0dc9a88770c4c76c8776b0c0d60ade34764,2,above_upper,0.12097471779239621,0.048040528677341786,0.4125426528874694,9.120009532319632,9.563614257630693
training,nstxuG121123B12/N7/egn07w.3281E+02,/p/hym/ebelova/NOVA/data_mixed/nstxuG121123B12/N7/egn07w.3281E+02,bad,BAD,ae6476e11997936f65299d530d9051a88c26b3aa73b4122310bad55416fc2be9,2,above_upper,0.07174845506533539,0.028493911484455986,0.41509799684851634,8.325698721061922,9.741663802843153
training,nstxuG121123B12/N7/egn07w.3405E+02,/p/hym/ebelova/NOVA/data_mixed/nstxuG121123B12/N7/egn07w.3405E+02,bad,BAD,e55d3ea136c4f06c3b9922ba6c58cc4016c7d4ad4bee689438e29cded5e84639,3,above_upper,0.07157952921221453,0.03007358317529541,0.49083039187463906,14.024658083038696,11.582487733764344
training,nstxuG121123B12/N7/egn07w.3416E+02,/p/hym/ebelova/NOVA/data_mixed/nstxuG121123B12/N7/egn07w.3416E+02,bad,BAD,aca5beb3578c2f56c6dafaab2c98f254ab56cc840523c5d8e2109dda9c5e3e24,3,above_upper,0.2532275954330709,0.09228182122877114,0.5444040393574543,13.867257704561721,11.278133414410343
training,nstxuG121123B12/N7/egn07w.3476E+02,/p/hym/ebelova/NOVA/data_mixed/nstxuG121123B12/N7/egn07w.3476E+02,bad,BAD,2fcc450dfc70b25c4cfcc0357b0e5180b7ad32b9aef395ea02d32f5019507271,3,above_upper,0.13518010505323272,0.053833545329946345,0.4265045410870587,14.51623325143855,11.277221480731228
training,nstxuG121123B12/N7/egn07w.3488E+02,/p/hym/ebelova/NOVA/data_mixed/nstxuG121123B12/N7/egn07w.3488E+02,bad,BAD,f6b1d919e5fec908b3e1f5c7f32fe250564dcc8aaf653d1ea071a8567c44cdaa,3,above_upper,0.06787665896265305,0.028925304459462474,0.38303250050101273,15.084719349704795,11.889280900042541
training,nstxuG121123B12/N7/egn07w.3496E+02,/p/hym/ebelova/NOVA/data_mixed/nstxuG121123B12/N7/egn07w.3496E+02,bad,BAD,3862ee60d418d84bb3881f62c6d79935155b8919141396a3f22b40683e469df3,3,above_upper,0.07185292183600045,0.03316121985775095,0.4213806634732042,13.608816894204985,11.265776523775743
training,nstxuG121123B12/N7/egn07w.3507E+02,/p/hym/ebelova/NOVA/data_mixed/nstxuG121123B12/N7/egn07w.3507E+02,bad,BAD,4deeaec23c2415dbf3d8c0c0c4da025437b6983abc154a506ccf50360664a464,4,above_upper,0.06922249341266888,0.03568606281046151,0.5131324272447779,12.327651991070093,10.180751171807254
training,nstxuG121123B12/N7/egn07w.3619E+02,/p/hym/ebelova/NOVA/data_mixed/nstxuG121123B12/N7/egn07w.3619E+02,bad,BAD,7ab941c637c9cb5311ee6db0d2b1e784fca61684d3fa0d1d26d8313ab43a9f40,7,above_upper,0.02728627674639966,0.01668319940385254,0.4771464929794899,9.848822476777162,5.681522041261389
training,nstxuG121123B12/N8/egn08w.3246E+02,/p/hym/ebelova/NOVA/data_mixed/nstxuG121123B12/N8/egn08w.3246E+02,bad,BAD,48acac633acb84534e6600eda7af01a9c9450d2e2fbe0010304b6d373d034c05,2,above_upper,0.05157590212254422,0.026228347450066372,0.38595251289009874,8.498205602658178,8.749515840421381
training,nstxuG121123B12/N8/egn08w.3259E+02,/p/hym/ebelova/NOVA/data_mixed/nstxuG121123B12/N8/egn08w.3259E+02,bad,BAD,0a7a5548a592561f4e7763315aeb6e454a0b917499ad448860face6c530f4f2e,2,above_upper,0.026175418832272014,0.01491552372724934,0.3987844162462693,8.141518802869317,8.656103000858732
training,nstxuG121123B12/N8/egn08w.3405E+02,/p/hym/ebelova/NOVA/data_mixed/nstxuG121123B12/N8/egn08w.3405E+02,bad,BAD,fe49a0eb9a5d5a1222e307d40bd37177c596b68f5a7c8835e984c742b3a8ab8b,4,above_upper,0.05412284430123697,0.018828180551035616,0.2664701726266181,14.725364335286226,13.188327291633978
training,nstxuG121123B12/N8/egn08w.3447E+02,/p/hym/ebelova/NOVA/data_mixed/nstxuG121123B12/N8/egn08w.3447E+02,bad,BAD,eba3ec161fb5e5a24dc86f65a8cd72d08d9619b7c938a35a4ee1b2edd6cc0cdc,3,above_upper,0.06182932383301872,0.02304856058118893,0.43411668862038183,10.395774101857452,9.72351639417394
training,nstxuG121123B12/N8/egn08w.3472E+02,/p/hym/ebelova/NOVA/data_mixed/nstxuG121123B12/N8/egn08w.3472E+02,bad,BAD,5dd7aa812e37349894d69407e9aaafe69453862534f4958500f4229dcb40ffe4,3,above_upper,0.292479337145245,0.09560190409167699,0.47657696673149585,9.950751433423521,9.491340245284265
training,nstxuG121123B12/N8/egn08w.3500E+02,/p/hym/ebelova/NOVA/data_mixed/nstxuG121123B12/N8/egn08w.3500E+02,bad,BAD,c4775ec0f76f2bbfed2278e9de28346e2f8f626961fab143062dfa2d1e79d953,5,above_upper,0.07692053889858594,0.03307580961855717,0.3606955276041058,10.190800012971932,8.685542043868331
training,nstxuG121123B12/N8/egn08w.3518E+02,/p/hym/ebelova/NOVA/data_mixed/nstxuG121123B12/N8/egn08w.3518E+02,bad,BAD,459ee8942e5ad69da806c6672fd324eec277734e0283f2af2b1c385e702619f7,5,above_upper,0.030239766212094524,0.014283471487914048,0.3137294804788003,10.235095179364947,8.70039666492897
training,nstxuG121123B12/N8/egn08w.3614E+02,/p/hym/ebelova/NOVA/data_mixed/nstxuG121123B12/N8/egn08w.3614E+02,bad,BAD,8a83d91ef65ee67731ce197d59799cca5f3c1d912eb5a13f2af1630f40c7fb4c,7,above_upper,0.18800718723300075,0.07809801934578495,0.6178292575702118,11.505591791809982,9.161626929451572
training,nstxuG121123B12/N9/egn09w.3529E+02,/p/hym/ebelova/NOVA/data_mixed/nstxuG121123B12/N9/egn09w.3529E+02,bad,BAD,e113e7b3ac5a42d3b638789826b9a1b835c86ecb536a8b5467e2696db95e6dfc,5,above_upper,0.14649834393613706,0.0615961156984201,0.454255229465451,10.546083187276963,11.026824095294453
training,nstxuG121123B12/N9/egn09w.3777E+02,/p/hym/ebelova/NOVA/data_mixed/nstxuG121123B12/N9/egn09w.3777E+02,bad,BAD,9e239e7ea747440f07aa13b5cc3e69036ab3a6b75b442eea2671db2917aed7fe,6,above_upper,0.8292783578381839,0.188320914048552,0.3761152598803051,17.02082460616211,13.801244072871379
training,nstxuG121123B12/N10/egn10w.3429E+02,/p/hym/ebelova/NOVA/data_mixed/nstxuG121123B12/N10/egn10w.3429E+02,bad,BAD,145edbbceda2bd73fbd7dc72be0cd2eded9f9bf76572d2c0e78b2c7783c79aec,3,above_upper,0.04884786239490571,0.015491486797713233,0.21855116969138957,9.238433946649224,9.464072950433325
training,nstxuG121123B12/N10/egn10w.3461E+02,/p/hym/ebelova/NOVA/data_mixed/nstxuG121123B12/N10/egn10w.3461E+02,bad,BAD,c4313a32564c313e86d9cd8b7f718ed0da9440bb3701f4dd8eea063d563b8762,3,above_upper,0.03440663215114618,0.013037689630169522,0.2756841250287479,8.989538364933713,9.539189525497191
training,nstxuG121123B12/N10/egn10w.3473E+02,/p/hym/ebelova/NOVA/data_mixed/nstxuG121123B12/N10/egn10w.3473E+02,bad,BAD,501f712336b21dc2998dd85c94d688654889f9abaa137d2c29b60fe9e1e2987d,3,above_upper,0.06492844195486198,0.021184523845157,0.3073646784640425,9.318940315504221,9.817745135149428
training,nstxuG142301W29/N8/egn08w.2252E+02,/p/hym/ebelova/NOVA/data_mixed/nstxuG142301W29/N8/egn08w.2252E+02,bad,BAD,20f4bbf6b34ce9f813655eafb874687f93ed1a48e52a4e6ff2cfd76fae929688,1,above_upper,1.0628363027276044,0.13612704623662822,0.2515167857308599,17.848319898541416,16.27547096452501
training,nstxuG142301W29/N10/egn10w.1779E+02,/p/hym/ebelova/NOVA/data_mixed/nstxuG142301W29/N10/egn10w.1779E+02,bad,BAD,3814aa75da4b28601a250485e03fca28d2cf616646fff073d9b809c2e86097ac,2,above_upper,0.029915119418158227,0.024997695989077442,0.2556177614091292,21.582971398133107,35.23829141545458
training,nstx_120113/N10/egn10w.5561E+02,/p/hym/ebelova/NOVA/data_mixed/nstx_120113/N10/egn10w.5561E+02,bad,BAD,a6ffa6e89882d03b75bef4cc13716753a2ae5636415ba686be835673b7e087af,0,above_upper,0.016996012134728525,0.0028704657975416976,0.5682296162447527,15.444390849028077,1.9195704923073302
training,nstx_135388/N7/egn07w.1218E+03,/p/hym/ebelova/NOVA/data_mixed/nstx_135388/N7/egn07w.1218E+03,bad,BAD,8c696addaec28bc95c48e92c34e8a1d08b6d2f17b75a36b38a8a437f0e0024f6,7,above_upper,1.5521153043976237,0.23375026348459255,0.405874599525982,12.169163804304905,10.106240208846431
training,nstx_135388/N7/egn07w.4124E+02,/p/hym/ebelova/NOVA/data_mixed/nstx_135388/N7/egn07w.4124E+02,bad,BAD,db0fb29cd483f5fa71f4ce8745d6d56f8afd49948d2c11d34b4581bd71c87e4e,0,above_upper,0.19871045261069353,0.0928724082893091,0.23584159706011862,11.868483030879611,2.24854821962372
training,nstx_135388/N7/egn07w.4463E+02,/p/hym/ebelova/NOVA/data_mixed/nstx_135388/N7/egn07w.4463E+02,bad,BAD,acd424ba762a0bfb9c3f1da33ec51da692ab09d3d0a9df9ff1cf2c7a430abffd,0,above_upper,0.01780809956059344,0.003974523211924285,0.7051908850151662,16.023313979566183,2.1324775402799294
training,nstx_135388/N8/egn08w.4081E+02,/p/hym/ebelova/NOVA/data_mixed/nstx_135388/N8/egn08w.4081E+02,bad,BAD,039314cee11ef7f4f1111d1bc9228aa5f322cadb89141e85d2f2d95a93bd57ba,0,above_upper,0.236710373631824,0.05912863532926836,0.5128155844567254,11.73982197743174,2.4863958056310005
training,nstx_135388/N9/egn09w.1408E+03,/p/hym/ebelova/NOVA/data_mixed/nstx_135388/N9/egn09w.1408E+03,bad,BAD,5f04ed9dbc08e2d8d1f6465ffdc6e80d844d0c032f5a86ff23c518bf8dab3b5b,0,above_upper,0.14811147799536892,0.09032343599228976,0.38233269638162437,12.237764504098752,2.1217650136063164
training,nstx_135388/N9/egn09w.4060E+02,/p/hym/ebelova/NOVA/data_mixed/nstx_135388/N9/egn09w.4060E+02,bad,BAD,e18f69c3655bd9894bbf8e5f84967a628b0f4194f590bc9ae0241882ca98aa63,0,above_upper,0.3603954485843709,0.2619953956186642,0.3358479751014535,14.325731914059974,2.3921601715404197
training,nstx_135388/N9/egn09w.4641E+02,/p/hym/ebelova/NOVA/data_mixed/nstx_135388/N9/egn09w.4641E+02,bad,BAD,5ca19ab33d376b8e2061f1aacbc0074ae86e51f2c2dd7660493e6e5e5046e261,0,above_upper,0.14370471912322744,0.04248597473866149,0.8123922869136445,12.580768334857432,2.22053486488019
training,nstx_135388/N9/egn09w.5020E+02,/p/hym/ebelova/NOVA/data_mixed/nstx_135388/N9/egn09w.5020E+02,bad,BAD,8c087217855b459036f6b3f2c4340ceefd24821dcfbfbb8272c19b09eecb6b61,0,above_upper,0.8039485008769925,0.333744791427959,0.9413886348191334,11.1390786792576,2.251658429773781
training,nstx_135388/N9/egn09w.5394E+02,/p/hym/ebelova/NOVA/data_mixed/nstx_135388/N9/egn09w.5394E+02,bad,BAD,a81e10fbcddb5ecc2c333a68a76131a6a482ba33777baccc28fbf6b6937524c9,0,above_upper,0.10497440605416013,0.017438585742936233,0.9022326651437121,10.899873725137017,2.166770930913102
training,nstx_135388/N9/egn09w.5860E+02,/p/hym/ebelova/NOVA/data_mixed/nstx_135388/N9/egn09w.5860E+02,bad,BAD,7fbda1f57ef322a3cdcdb0e6bfaf4af7595dbf9d47aafd8dbe7001642ca33c8c,0,above_upper,0.01899174899509963,0.00306635091690984,0.9151942888407478,9.462842912681715,2.0528997345217674
training,nstxuG133964S31/N6/egn06w.1640E+02,/p/hym/ebelova/NOVA/data_mixed/nstxuG133964S31/N6/egn06w.1640E+02,bad,BAD,f92266957b22bfb57bc54dfdb37077a7e366ca006fffa2da2f19b190d8b118f0,0,above_upper,0.13038652251459668,0.09827440847588573,0.2174867992514901,9.623497209546592,4.283982768615615
training,nstxuG133964S31/N6/egn06w.1749E+02,/p/hym/ebelova/NOVA/data_mixed/nstxuG133964S31/N6/egn06w.1749E+02,bad,BAD,8de33eb5224941b434057b5f6b8569da4fbe866d3d4cfd950219295bdf3c28e6,0,above_upper,0.2919341119460888,0.10747510357956959,0.27900080026637786,16.758655076319858,3.67013848912373
training,nstxuG133964S31/N6/egn06w.1768E+02,/p/hym/ebelova/NOVA/data_mixed/nstxuG133964S31/N6/egn06w.1768E+02,bad,BAD,d397edec226068ff061b82765fb34b610be77f70d143b2caade82c4dc062157e,0,above_upper,0.26758378723345083,0.09552557896012029,0.24799475182091693,15.921465299152793,3.517271505441892
training,nstxuG133964S31/N8/egn08w.1580E+02,/p/hym/ebelova/NOVA/data_mixed/nstxuG133964S31/N8/egn08w.1580E+02,bad,BAD,4422d4ed8689c9cd15566e0b92c60a35952559225227ee54e2e864886f6a1994,0,above_upper,0.20002189261505868,0.15096308658254196,0.3161692869037768,8.546079883253647,3.233632897525338
training,nstxuG133964S31/N8/egn08w.1588E+02,/p/hym/ebelova/NOVA/data_mixed/nstxuG133964S31/N8/egn08w.1588E+02,bad,BAD,c17021ab8f06c406bf44142f200d8f5f21e1e8a11469b895742fce628a0ea3a3,0,above_upper,0.16094906591673855,0.12614259262349808,0.2524803947929665,10.459259385174368,2.7462833808642966
training,nstxuG133964S31/N8/egn08w.1628E+02,/p/hym/ebelova/NOVA/data_mixed/nstxuG133964S31/N8/egn08w.1628E+02,bad,BAD,b7f643dbb86a26731903cdb971d4b7ac767780ee5a5df151f6fd4ad7f01e91c3,0,above_upper,0.14603599158001937,0.111199179579894,0.22282472447884713,13.216666317159966,3.662230951188844
training,nstxuG133964S31/N9/egn09w.1598E+02,/p/hym/ebelova/NOVA/data_mixed/nstxuG133964S31/N9/egn09w.1598E+02,bad,BAD,41cf460f44c165458a629813599aeef4e8b085b343b709c32dc8a33c1dbd8c98,0,above_upper,0.21645419157949083,0.13533344893672225,0.23449916071168617,9.071168437831718,3.451841086720003
training,nstxuG133964S31/N9/egn09w.1600E+02,/p/hym/ebelova/NOVA/data_mixed/nstxuG133964S31/N9/egn09w.1600E+02,bad,BAD,f1bf773c5605411ae3031350d03b4af7e8c4b775d06339d01daf6d9567dbd3ec,0,above_upper,0.20151237786973375,0.1428366585132479,0.3074738767127322,9.773504993836271,3.327794726418216
training,nstxuG133964S31/N9/egn09w.1611E+02,/p/hym/ebelova/NOVA/data_mixed/nstxuG133964S31/N9/egn09w.1611E+02,bad,BAD,d20ea92c54bc6eb7eb87551c5bba9b50207a41e30496197ac3a709eebfcf8062,0,above_upper,0.16000558003864496,0.10460053132639635,0.20855914173423618,9.446405327166824,3.592300224790311
training,nstxuG133964S31/N10/egn10w.1634E+02,/p/hym/ebelova/NOVA/data_mixed/nstxuG133964S31/N10/egn10w.1634E+02,bad,BAD,73bed9144e659ecfc85861f4b7f28a0e89c4d4870baca17b446e8c856ebe0981,0,above_upper,0.2895484349665244,0.18553809874017568,0.3125054172665422,14.108106559025176,5.230352887394258
training,nstxuG142301H47/N5/egn05w.1335E+02,/p/hym/ebelova/NOVA/data_mixed/nstxuG142301H47/N5/egn05w.1335E+02,bad,BAD,17d9077d7a07d55f9f7ddacee2f69c84d6298f9ed8b8730df2abb8a4626f4183,1,above_upper,0.02495292130533067,0.02070374221963172,0.578295620124495,8.315809776326176,6.440212744015692
training,nstxuG142301H47/N5/egn05w.1376E+02,/p/hym/ebelova/NOVA/data_mixed/nstxuG142301H47/N5/egn05w.1376E+02,bad,BAD,6aba9ea89e8b7a0b19604072e5e4fee48e0e050f387d11dea6545e235a47d873,1,above_upper,0.13421887000731622,0.08116180535625904,0.5159502229745787,9.90322569454661,7.437492807085366
training,nstxuG142301H47/N5/egn05w.1405E+02,/p/hym/ebelova/NOVA/data_mixed/nstxuG142301H47/N5/egn05w.1405E+02,bad,BAD,9330aecd6d7b459263a8db6767b08d2985818722d47282baf4c3e2727c69c701,1,above_upper,0.11267491253221078,0.07822690511568964,0.41317322773646786,9.319203077428146,8.29114495171673
training,nstxuG142301H47/N7/egn07w.1314E+02,/p/hym/ebelova/NOVA/data_mixed/nstxuG142301H47/N7/egn07w.1314E+02,bad,BAD,028f65b64d17d7abe6bd21b0fb2f83f0c6c94fbb1a91a79ba6e3f0c59de77730,1,above_upper,0.35968433390634874,0.12300062560287271,0.2166848771715395,17.22075297838655,14.118218339699258
training,nstxuG142301H47/N9/egn09w.1308E+02,/p/hym/ebelova/NOVA/data_mixed/nstxuG142301H47/N9/egn09w.1308E+02,bad,BAD,49bd2888a961326d0ff2b59fa7a77016df87eeb93ea3ccd1c761bbfc04de21c4,1,above_upper,1.377816763980291,0.1718322098678096,0.2295642209083047,22.018567178702433,20.84531672483717
training,nstxuG142301H47/N9/egn09w.1503E+02,/p/hym/ebelova/NOVA/data_mixed/nstxuG142301H47/N9/egn09w.1503E+02,bad,BAD,1787036da6858bedc4548bc6ba404c5af15ab65818c42f856e618b4d094eda9c,2,above_upper,1.2223435427724814,0.2116819072475812,0.38580101753632307,12.694844757078444,9.607761409280343
training,nstxuG142301H47/N9/egn09w.1514E+02,/p/hym/ebelova/NOVA/data_mixed/nstxuG142301H47/N9/egn09w.1514E+02,bad,BAD,e5717ea0c51d7979c0b43af6f3e6c66c690fa1012b3512c6ed51b2a8eb4426e2,2,above_upper,1.0887539470879946,0.22054813889632344,0.38108268527380773,10.837742688660187,9.591972906486482
training,nstxuG142301H47/N9/egn09w.1535E+02,/p/hym/ebelova/NOVA/data_mixed/nstxuG142301H47/N9/egn09w.1535E+02,bad,BAD,79de033e8fd2f7d2c2ab6d8318cd80fe474ebde5f8bfb6581f86a6a59e6a16ff,2,above_upper,1.6248459231501282,0.27623438038691706,0.517328843718954,13.502863328101023,9.472129691342282
training,nstxuG142301H47/N10/egn10w.1517E+02,/p/hym/ebelova/NOVA/data_mixed/nstxuG142301H47/N10/egn10w.1517E+02,bad,BAD,90ffbd9830b44794dcee7a0157ad6de49ed3d99198804b570aa4f3e1a4fb4d02,3,above_upper,1.2435994362624545,0.21588720231402575,0.3518717087803989,8.840257603585183,8.058795295105268
training,nstxuG142301Y93/N3/egn03w.1635E+02,/p/hym/ebelova/NOVA/data_mixed/nstxuG142301Y93/N3/egn03w.1635E+02,bad,BAD,2420ceb65ef978a3bd80887393b86c2fd6610e401a0a38a4bcdc0b0ceb16c7c0,0,above_upper,0.40122867006808455,0.23691765144598947,0.34509145964288285,10.158552209894493,3.0705685069969806
training,nstxuG142301Y93/N3/egn03w.1668E+02,/p/hym/ebelova/NOVA/data_mixed/nstxuG142301Y93/N3/egn03w.1668E+02,bad,BAD,7d2a5d228c8a1ec359cd614280a515bffe3c880de1afb4234be72d13fff42fa9,0,above_upper,0.09999439491516551,0.062661972624078,0.24552965206172814,10.527037781675137,3.345490050898101
training,nstxuG142301Y93/N4/egn04w.1590E+02,/p/hym/ebelova/NOVA/data_mixed/nstxuG142301Y93/N4/egn04w.1590E+02,bad,BAD,d2fc79310c99191e2c94456c272c9aabb6152ef3d0e7cfe93c7fb2b2718020b7,0,above_upper,0.15806273843361449,0.11701077522780848,0.2860193445289083,8.892416684263765,3.37659445054388
training,nstxuG142301Y93/N4/egn04w.1706E+02,/p/hym/ebelova/NOVA/data_mixed/nstxuG142301Y93/N4/egn04w.1706E+02,bad,BAD,1ef2b37c7770c705ea2d03da45e9d73715976a567e4204f2af60c879d0419844,0,above_upper,0.1644330601183317,0.12931854299326692,0.36342000889968956,9.571497750023646,3.4491553180238914
training,nstxuG142301Y93/N7/egn07w.1213E+02,/p/hym/ebelova/NOVA/data_mixed/nstxuG142301Y93/N7/egn07w.1213E+02,bad,BAD,a67a34ad8e1050dc24b11c2a16f7c851a31d3d12504b4a871b48a33b454ff668,2,above_upper,0.36413173898068524,0.07984366429743564,0.22067720922697304,31.796244595099257,37.980270030663945
training,nstxuG142301Y93/N7/egn07w.1428E+02,/p/hym/ebelova/NOVA/data_mixed/nstxuG142301Y93/N7/egn07w.1428E+02,bad,BAD,bbf64ee621f892ddab9958e5740762edfb70dfffaf33530d3058f67ac975730f,3,above_upper,1.1870570249791703,0.11880165682193827,0.208842770972883,37.12642067537236,43.755523081517076
training,nstxuG142301Y93/N7/egn07w.1496E+02,/p/hym/ebelova/NOVA/data_mixed/nstxuG142301Y93/N7/egn07w.1496E+02,bad,BAD,bdce8108479ea532c6c712d5508707ec392469a0aa9bde7779960528244ffd4e,1,below_lower,0.1358034634805495,0.11794177991294584,0.21211756601155987,8.867407370162994,1.958869045806101
training,nstxuG121123K51/N6/egn06w.5561E+02,/p/hym/ebelova/NOVA/data_mixed/nstxuG121123K51/N6/egn06w.5561E+02,bad,BAD,3b44157aca8b3780a0373ac5c0875edf93ba80d14c0d0b06719da3e22f1b9018,3,above_upper,0.018587195022902334,0.009867407718620423,0.5893879325013168,15.619828632832581,10.861336671414145
training,nstxuG121123K51/N7/egn07w.5585E+02,/p/hym/ebelova/NOVA/data_mixed/nstxuG121123K51/N7/egn07w.5585E+02,bad,BAD,0f4f25c70b21178f27e6b14bc142b9829e69e19e9b36ace23d445794a135092e,4,above_upper,0.05682727721959133,0.02470630456346556,0.3255152314604906,8.456946505391262,9.761423413028368
training,nstxuG121123K51/N8/egn08w.5456E+02,/p/hym/ebelova/NOVA/data_mixed/nstxuG121123K51/N8/egn08w.5456E+02,bad,BAD,6dc3b301a5826d1fbaabb46119dbbb676aa7e20d1fab203efa82251d5570e21e,3,above_upper,0.017033479694181952,0.006802447121393742,0.2821197549564893,9.769094550878716,10.611800433117233
training,nstxuG121123K51/N8/egn08w.5507E+02,/p/hym/ebelova/NOVA/data_mixed/nstxuG121123K51/N8/egn08w.5507E+02,bad,BAD,f5df232cb1e2d017db8fba5745b732341acd6923745248c63ad2be67e80638ed,2,above_upper,0.07473837941923128,0.034413452445725266,0.3476336006184266,9.009060333711535,9.14548242274324
training,nstxuG121123K51/N10/egn10w.5548E+02,/p/hym/ebelova/NOVA/data_mixed/nstxuG121123K51/N10/egn10w.5548E+02,bad,BAD,f93d83233c7b11751a6fe67dcbd65bd562ee9b491b3dc2598de96d05208cf303,4,above_upper,0.23118183526072625,0.06005832021480971,0.2080920220136728,8.648259327584421,9.38994897343769
