shot,mode_key,input_fingerprint,old_decision,v5_decision,old_reason,v5_reason,rf_cnn_decision,old_selected_final,v5_selected_final
nstxuE202806A02t025,nstxuE202806A02t025/N8/egn08w.1718E+02,6eb6c60ebe942ca9d25e2e0de2c2bc85fdb5147b35411fe0c10be72f64ee027b,GOOD,BAD,NO_GOOD_TEMPLATE,BAD_NEAR_AXIS_GRID_OSCILLATION,BAD,True,
nstxuE203609A01t020,nstxuE203609A01t020/N8/egn08w.5439E+01,54ce246f91ed2e209c268d4f694c8393e9a9da4493ef8c22a65953fb99855d19,GOOD,BAD,NO_GOOD_TEMPLATE,BAD_NEAR_AXIS_GRID_OSCILLATION,GOOD,True,
nstxuE203609A01t020,nstxuE203609A01t020/N8/egn08w.5685E+01,aa97bcf71ef7b474ac1745e23d9081d4cfdddd226d72cda07af95278f1f355fe,GOOD,BAD,NO_GOOD_TEMPLATE,BAD_NEAR_AXIS_GRID_OSCILLATION,GOOD,True,
nstxuE203963A01t025,nstxuE203963A01t025/N7/egn07w.4312E+01,6d8a6dc4faa0c415b26ef3195a8ee7f05ffa37c87c5881a0f93ca890edf9f6b9,GOOD,BAD,NO_GOOD_TEMPLATE,BAD_NEAR_AXIS_GRID_OSCILLATION,BAD,True,
nstxuE203963A01t025,nstxuE203963A01t025/N8/egn08w.4541E+01,3ea1cd5e73ff3a87defda23430d09445130b935f37ad8bffa139254a9a56480e,GOOD,BAD,NO_GOOD_TEMPLATE,BAD_NEAR_AXIS_GRID_OSCILLATION,BAD,True,
nstxuE203963A01t025,nstxuE203963A01t025/N8/egn08w.6237E+01,b0935dd228a4dc0791ab801c791841c35d2f1bafc2994ee9daf8453fa04b66ff,BAD,BAD,BAD_CONT_CROSS_WINDOW,BAD_NEAR_AXIS_GRID_OSCILLATION,BAD,,
nstxuE203963A01t025,nstxuE203963A01t025/N9/egn09w.4623E+01,0a08f43bbaaaf37bf9e9fd493f4b5b220a5e37967b73fda22ea3d754a3cf013e,GOOD,BAD,NO_GOOD_TEMPLATE,BAD_NEAR_AXIS_GRID_OSCILLATION,GOOD,True,
nstxuE203963A01t025,nstxuE203963A01t025/N10/egn10w.4539E+01,2ac9f9444b8c6c1a086499f15606e68f9d470841d067440fe3da01325591a196,GOOD,BAD,NO_GOOD_TEMPLATE,BAD_NEAR_AXIS_GRID_OSCILLATION,BAD,True,
nstxuE204707A04t030,nstxuE204707A04t030/N4/egn04w.4148E+02,971823f4429780e91c87626c37013177b2209031960245473de347b713a2c44b,BAD,BAD,BAD_CONT_CROSS_WINDOW,BAD_NEAR_AXIS_GRID_OSCILLATION,BAD,,
nstxuE204707A04t030,nstxuE204707A04t030/N9/egn09w.2567E+02,918e8133c7283a6f2821c7ac9414dec79134492c8b4b6c6c367778f16e539856,GOOD,BAD,NO_GOOD_TEMPLATE,BAD_CONTINUUM_CROSSING_TAIL,BAD,True,
nstxuE204707A04t030,nstxuE204707A04t030/N9/egn09w.3552E+02,8b4ebf63ea5b8e21e6ddbaabb57becdcceab0a1fbb2e1b3611be1c98e1bb7098,GOOD,BAD,NO_GOOD_TEMPLATE,BAD_CONTINUUM_CROSSING_TAIL,BAD,True,
nstxuE204954A01t022,nstxuE204954A01t022/N10/egn10w.1050E+02,f99c2ec8e2a6f0a9ae626ff300dabfbfa4f11314ed24825cb24e5908ed5db6c9,GOOD,BAD,NO_GOOD_TEMPLATE,BAD_NEAR_AXIS_GRID_OSCILLATION,GOOD,True,
nstxuE205045A01t022,nstxuE205045A01t022/N2/egn02w.9964E+01,3575572ba4e6f9afa246021229c5a8a4dbc4b92094ea66e7f4b7e25153af886c,BAD,BAD,BAD_CONT_CROSS_WINDOW,BAD_NEAR_AXIS_GRID_OSCILLATION,BAD,,
nstxuE205045A01t022,nstxuE205045A01t022/N4/egn04w.3005E+02,9e361e1899d2bb12dbc62d9d5d964a0b09d70ecf21d6777093893fe84f741903,GOOD,BAD,NO_GOOD_TEMPLATE,BAD_CONTINUUM_CROSSING_TAIL,BAD,True,
nstxuE205045A01t022,nstxuE205045A01t022/N4/egn04w.3243E+02,f072098c48caa2cb8e9df3623cef709fe2e73eec9a642e5ee98424ace4077a46,GOOD,BAD,NO_GOOD_TEMPLATE,BAD_CONTINUUM_CROSSING_TAIL,GOOD,True,
nstxuE205045A01t022,nstxuE205045A01t022/N5/egn05w.9169E+01,3e2b2213ef7822ca931f89b7fb2e1e57cdc1bc001bcf3f93aa129a26366d8511,BAD,BAD,BAD_CONT_CROSS_WINDOW,BAD_NEAR_AXIS_GRID_OSCILLATION,BAD,,
nstxuE205045A01t022,nstxuE205045A01t022/N5/egn05w.9346E+01,be3cf09e4cd8312fe21981997590cf1e13499b0148e7baa653d6a8fe8e952449,BAD,BAD,BAD_CONT_CROSS_WINDOW,BAD_NEAR_AXIS_GRID_OSCILLATION,BAD,,
nstxuE205045A01t022,nstxuE205045A01t022/N5/egn05w.3216E+02,f419cac766244e4d84003d800aaa400c016b3966d517a638552f9ee919295d42,GOOD,BAD,NO_GOOD_TEMPLATE,BAD_CONTINUUM_CROSSING_TAIL,BAD,True,
nstxuE205045A01t022,nstxuE205045A01t022/N6/egn06w.8960E+01,35f587961c61b698024367e0c86b4adaade14c44195277d1890c14803938eff3,BAD,BAD,BAD_CONT_CROSS_WINDOW,BAD_NEAR_AXIS_GRID_OSCILLATION,BAD,,
nstxuE205045A01t022,nstxuE205045A01t022/N6/egn06w.9017E+01,24797779f84f689e13d0c513b33bf2d2517d5d9833880c15641f05317d8a92e0,BAD,BAD,BAD_CONT_CROSS_WINDOW,BAD_NEAR_AXIS_GRID_OSCILLATION,BAD,,
nstxuE205045A01t022,nstxuE205045A01t022/N6/egn06w.9079E+01,66c3269eda0a158c8deb3a66d20e490c7f4bf5f8dcdade237dd4164022a0f2ab,BAD,BAD,BAD_CONT_CROSS_WINDOW,BAD_NEAR_AXIS_GRID_OSCILLATION,BAD,,
nstxuE205045A01t022,nstxuE205045A01t022/N7/egn07w.9478E+01,487c29340a3889376f402337a94785706bdacf955da3a899a711572bc42333ab,BAD,BAD,BAD_CONT_CROSS_WINDOW,BAD_NEAR_AXIS_GRID_OSCILLATION,BAD,,
nstxuE205045A01t022,nstxuE205045A01t022/N7/egn07w.9969E+01,d220305cfd39b40dfd12c9e3aba131eadb4df0dbd5fef3ec79070833790d1aa3,BAD,BAD,BAD_CONT_CROSS_WINDOW,BAD_NEAR_AXIS_GRID_OSCILLATION,BAD,,
nstxuE205045A01t022,nstxuE205045A01t022/N7/egn07w.4458E+02,6e15355a98345169435f4aff19b603f47669c7b9bc5d9a1708559d60fdb92f09,GOOD,BAD,NO_GOOD_TEMPLATE,BAD_CONTINUUM_CROSSING_TAIL,BAD,True,
nstxuE205045A01t022,nstxuE205045A01t022/N8/egn08w.9086E+01,758aba80adf9a356e55e04945348013f8c10978f883ec97d5e1b5b1ee612c9fa,BAD,BAD,BAD_CONT_CROSS_WINDOW,BAD_NEAR_AXIS_GRID_OSCILLATION,BAD,,
nstxuE205045A01t022,nstxuE205045A01t022/N8/egn08w.1045E+02,2710ea18db3f2a8a135362e5c8506c16f862770b3fc939ecae719339688da9f7,BAD,BAD,BAD_CONT_CROSS_WINDOW,BAD_NEAR_AXIS_GRID_OSCILLATION,BAD,,
nstxuE205045A01t022,nstxuE205045A01t022/N8/egn08w.1063E+02,fa347750820a72393a94e900f6a9a38537c67f1445b0ed552e3ac03dd2888c0d,BAD,BAD,BAD_CONT_CROSS_WINDOW,BAD_NEAR_AXIS_GRID_OSCILLATION,BAD,,
nstxuE205045A01t022,nstxuE205045A01t022/N8/egn08w.1225E+02,db3defdfd5e730fb7a4930259d8b9c45ed73420aa06c621cc433933782584043,BAD,BAD,BAD_CONT_CROSS_WINDOW,BAD_NEAR_AXIS_GRID_OSCILLATION,BAD,,
nstxuE205045A01t022,nstxuE205045A01t022/N8/egn08w.1372E+02,1c7729c5fa2ea005d2e855c38afe1e048f17ce78cf06a72e516787d3aba38921,BAD,BAD,BAD_CONT_CROSS_WINDOW,BAD_NEAR_AXIS_GRID_OSCILLATION,BAD,,
nstxuE205045A01t022,nstxuE205045A01t022/N8/egn08w.4007E+02,a494b78ca19304a976a250a7aeb6d2dee6f5d51a67af3dd9177931bd20b4f990,GOOD,BAD,NO_GOOD_TEMPLATE,BAD_CONTINUUM_CROSSING_TAIL,BAD,True,
nstxuE205045A01t022,nstxuE205045A01t022/N8/egn08w.4550E+02,327b25e9ca10106ac16616c42b91644cd2de167f9c8cdf27f818d963b64fc0e3,GOOD,BAD,NO_GOOD_TEMPLATE,BAD_CONTINUUM_CROSSING_TAIL,BAD,True,
nstxuE205045A01t022,nstxuE205045A01t022/N9/egn09w.1534E+02,0dd62813d4898659b4f76cdf2a935be6ea5081e98c189fc1c965f77bb31423ed,BAD,BAD,BAD_CONT_CROSS_WINDOW,BAD_NEAR_AXIS_GRID_OSCILLATION,BAD,,
nstxuE205045A01t022,nstxuE205045A01t022/N9/egn09w.1660E+02,99ebf65cba8adcac82f0e78ace343248e6905024bb09e8a0ec6b59e9c964ff78,BAD,BAD,BAD_CONT_CROSS_WINDOW,BAD_NEAR_AXIS_GRID_OSCILLATION,BAD,,
nstxuE205045A01t022,nstxuE205045A01t022/N9/egn09w.1707E+02,eb3aa1779702511aefdd1d65d97e50c8e6de9daddc836c85f471e212bbf71568,BAD,BAD,BAD_CONT_CROSS_WINDOW,BAD_NEAR_AXIS_GRID_OSCILLATION,BAD,,
nstxuE205045A01t022,nstxuE205045A01t022/N9/egn09w.4932E+02,e0fb9764ac7ae51e81b270773d3f240853a1f7da30d4f01a83c85530e9272519,GOOD,BAD,NO_GOOD_TEMPLATE,BAD_CONTINUUM_CROSSING_TAIL,BAD,True,
nstxuE205045A01t022,nstxuE205045A01t022/N10/egn10w.1022E+02,390a3b07f28e9b8dcf0a30f8042b8329ef784921d239c54b5c7d38499ade2e6e,BAD,BAD,BAD_CONT_CROSS_WINDOW,BAD_NEAR_AXIS_GRID_OSCILLATION,BAD,,
nstxuE205045A01t022,nstxuE205045A01t022/N10/egn10w.3150E+02,d6194b4b411ae456ff5ec203f50d5bdeaba42fb5aa95ce63a6c9543b905f1335,GOOD,BAD,NO_GOOD_TEMPLATE,BAD_NEAR_AXIS_GRID_OSCILLATION,BAD,True,
nstxuE205045A01t022,nstxuE205045A01t022/N10/egn10w.3699E+02,d5ecd89dc8d002785640a8e6388f0ab8a28f90c7a0f11cc53237a703a807551f,GOOD,BAD,NO_GOOD_TEMPLATE,BAD_NEAR_AXIS_GRID_OSCILLATION,BAD,True,
nstxuE205045A01t022,nstxuE205045A01t022/N10/egn10w.5337E+02,956f3790ba06338eb9f77f748da4fb824d52dd0ab9b463958bf112059ff6af76,GOOD,BAD,NO_GOOD_TEMPLATE,BAD_CONTINUUM_CROSSING_TAIL,BAD,True,
nstxuE205054A01t037,nstxuE205054A01t037/N7/egn07w.2561E+02,7b7d846c61b4811405236738bd10f6ff6a347aad4296d52bf3c491fb4af70027,GOOD,BAD,NO_GOOD_TEMPLATE,BAD_NEAR_AXIS_GRID_OSCILLATION,GOOD,True,
nstxuE205054A01t037,nstxuE205054A01t037/N8/egn08w.4715E+02,bf5165029aad2eb8bfad5cd8b39334f2cc03e0dd620ad05cb581c3a7de4029d1,GOOD,BAD,NO_GOOD_TEMPLATE,BAD_CONTINUUM_CROSSING_TAIL,GOOD,True,
nstxuE205057A01t020,nstxuE205057A01t020/N8/egn08w.8289E+01,841f14af6672d2114f94a6f7dc89fa0a9fc12b66831dc7e7fcab0931dc5eaf83,BAD,BAD,BAD_CONT_CROSS_WINDOW,BAD_NEAR_AXIS_GRID_OSCILLATION,BAD,,
nstxuE205057A01t020,nstxuE205057A01t020/N9/egn09w.5915E+01,7c5da7a571e792b7decf4c82a5002be67fc8130de526ece3ea83fb1b154fd5d5,BAD,BAD,BAD_CONT_CROSS_WINDOW,BAD_NEAR_AXIS_GRID_OSCILLATION,BAD,,
nstxuE205057A01t020,nstxuE205057A01t020/N9/egn09w.6947E+01,75c143d569c055ce724a4643bad517ca7fdb13344691b66dbbbe59fdd160fce6,BAD,BAD,BAD_CONT_CROSS_WINDOW,BAD_NEAR_AXIS_GRID_OSCILLATION,BAD,,
nstxuG142301E72,nstxuG142301E72/N6/egn06w.1569E+02,fd78811a771a9495dc5e52fa8d1d104fe75fab0c0d2b7b1eefc97f01f6b4147d,BAD,BAD,BAD_CONT_CROSS_WINDOW,BAD_NEAR_AXIS_GRID_OSCILLATION,BAD,,
nstxuG142301E72,nstxuG142301E72/N10/egn10w.1653E+02,fcccefc989d14194f70971a2b85c6ddc5a889aaa32823a8888e78f16af8ec955,BAD,BAD,BAD_CONT_CROSS_WINDOW,BAD_NEAR_AXIS_GRID_OSCILLATION,BAD,,
nstxuG142301E72,nstxuG142301E72/N10/egn10w.1682E+02,567df14129480251ce2522fd943bc1a7e50f4fd4a2855242b16a7bfb4c9a74b5,BAD,BAD,BAD_CONT_CROSS_WINDOW,BAD_NEAR_AXIS_GRID_OSCILLATION,BAD,,
nstxuG142301H56,nstxuG142301H56/N1/egn01w.2731E+02,e3403582e29815e8f7cb6957c4c472e6795ce868e2ac0dd8feb40004f6b5aaff,BAD,BAD,BAD_CONT_CROSS_WINDOW,BAD_NEAR_AXIS_GRID_OSCILLATION,BAD,,
nstxuG142301H56,nstxuG142301H56/N1/egn01w.4477E+02,b771e1672a54058eba659f61049e37adae9d55b5ed06a894b3b813168f66ef5a,GOOD,BAD,NO_GOOD_TEMPLATE,BAD_INTERIOR_HARMONIC_INCOHERENCE,BAD,True,
nstxuG142301H56,nstxuG142301H56/N1/egn01w.4499E+02,b17c35f55639f19783610e0ae6d7670b467434a6631cd55860cdb9d5283a5d33,GOOD,BAD,NO_GOOD_TEMPLATE,BAD_INTERIOR_HARMONIC_INCOHERENCE,BAD,True,
nstxuG142301H56,nstxuG142301H56/N1/egn01w.4649E+02,08cdef235fae35ec1dfb62cfe96ab2dd28570d6b41cc23e09d656da0bba3f30c,BAD,BAD,BAD_CONT_CROSS_WINDOW,BAD_NEAR_AXIS_GRID_OSCILLATION,BAD,,
