issue_id,shot,n,relative_path,issue_type,field,observed_value,sorter_effect,verified_on
DITW-001,nstxuG121123K51,4,nstxuG121123K51/N4/egn04w.8769E+01,nonfinite_scalar,gamma_d,NaN,INVALID_METADATA,2026-08-31
DITW-002,nstxuG121123K34,4,nstxuG121123K34/N4/egn04w.5355E+02,nonfinite_scalar,gamma_d,NaN,INVALID_METADATA,2026-08-31
DITW-002,nstxuG121123K34,4,nstxuG121123K34/N4/egn04w.5423E+02,nonfinite_scalar,gamma_d,NaN,INVALID_METADATA,2026-08-31
DITW-002,nstxuG121123K34,4,nstxuG121123K34/N4/egn04w.5472E+02,nonfinite_scalar,gamma_d,NaN,INVALID_METADATA,2026-08-31
DITW-002,nstxuG121123K34,4,nstxuG121123K34/N4/egn04w.5499E+02,nonfinite_scalar,gamma_d,NaN,INVALID_METADATA,2026-08-31
DITW-002,nstxuG121123K34,4,nstxuG121123K34/N4/egn04w.5518E+02,nonfinite_scalar,gamma_d,NaN,INVALID_METADATA,2026-08-31
DITW-002,nstxuG121123K34,4,nstxuG121123K34/N4/egn04w.5529E+02,nonfinite_scalar,gamma_d,NaN,INVALID_METADATA,2026-08-31
DITW-002,nstxuG121123K34,4,nstxuG121123K34/N4/egn04w.5548E+02,nonfinite_scalar,gamma_d,NaN,INVALID_METADATA,2026-08-31
DITW-002,nstxuG121123K34,4,nstxuG121123K34/N4/egn04w.5562E+02,nonfinite_scalar,gamma_d,NaN,INVALID_METADATA,2026-08-31
DITW-002,nstxuG121123K34,4,nstxuG121123K34/N4/egn04w.5692E+02,nonfinite_scalar,gamma_d,NaN,INVALID_METADATA,2026-08-31
DITW-002,nstxuG121123K34,4,nstxuG121123K34/N4/egn04w.5699E+02,nonfinite_scalar,gamma_d,NaN,INVALID_METADATA,2026-08-31
DITW-002,nstxuG121123K34,4,nstxuG121123K34/N4/egn04w.5732E+02,nonfinite_scalar,gamma_d,NaN,INVALID_METADATA,2026-08-31
DITW-002,nstxuG121123K34,4,nstxuG121123K34/N4/egn04w.5768E+02,nonfinite_scalar,gamma_d,NaN,INVALID_METADATA,2026-08-31
DITW-002,nstxuG121123K34,4,nstxuG121123K34/N4/egn04w.5781E+02,nonfinite_scalar,gamma_d,NaN,INVALID_METADATA,2026-08-31
DITW-002,nstxuG121123K34,4,nstxuG121123K34/N4/egn04w.5843E+02,nonfinite_scalar,gamma_d,NaN,INVALID_METADATA,2026-08-31
DITW-002,nstxuG121123K34,4,nstxuG121123K34/N4/egn04w.5859E+02,nonfinite_scalar,gamma_d,NaN,INVALID_METADATA,2026-08-31
DITW-002,nstxuG121123K34,4,nstxuG121123K34/N4/egn04w.5872E+02,nonfinite_scalar,gamma_d,NaN,INVALID_METADATA,2026-08-31
DITW-002,nstxuG121123K34,4,nstxuG121123K34/N4/egn04w.5888E+02,nonfinite_scalar,gamma_d,NaN,INVALID_METADATA,2026-08-31
DITW-002,nstxuG121123K34,4,nstxuG121123K34/N4/egn04w.5953E+02,nonfinite_scalar,gamma_d,NaN,INVALID_METADATA,2026-08-31
DITW-002,nstxuG121123K34,4,nstxuG121123K34/N4/egn04w.5962E+02,nonfinite_scalar,gamma_d,NaN,INVALID_METADATA,2026-08-31
DITW-002,nstxuG121123K34,4,nstxuG121123K34/N4/egn04w.5988E+02,nonfinite_scalar,gamma_d,NaN,INVALID_METADATA,2026-08-31
DITW-002,nstxuG121123K34,4,nstxuG121123K34/N4/egn04w.6052E+02,nonfinite_scalar,gamma_d,NaN,INVALID_METADATA,2026-08-31
DITW-002,nstxuG121123K34,4,nstxuG121123K34/N4/egn04w.6079E+02,nonfinite_scalar,gamma_d,NaN,INVALID_METADATA,2026-08-31
DITW-002,nstxuG121123K34,4,nstxuG121123K34/N4/egn04w.6093E+02,nonfinite_scalar,gamma_d,NaN,INVALID_METADATA,2026-08-31
DITW-002,nstxuG121123K34,4,nstxuG121123K34/N4/egn04w.6124E+02,nonfinite_scalar,gamma_d,NaN,INVALID_METADATA,2026-08-31
DITW-002,nstxuG121123K34,4,nstxuG121123K34/N4/egn04w.6220E+02,nonfinite_scalar,gamma_d,NaN,INVALID_METADATA,2026-08-31
DITW-002,nstxuG121123K34,4,nstxuG121123K34/N4/egn04w.6221E+02,nonfinite_scalar,gamma_d,NaN,INVALID_METADATA,2026-08-31
DITW-002,nstxuG121123K34,4,nstxuG121123K34/N4/egn04w.6257E+02,nonfinite_scalar,gamma_d,NaN,INVALID_METADATA,2026-08-31
DITW-002,nstxuG121123K34,4,nstxuG121123K34/N4/egn04w.6297E+02,nonfinite_scalar,gamma_d,NaN,INVALID_METADATA,2026-08-31
DITW-002,nstxuG121123K34,4,nstxuG121123K34/N4/egn04w.6304E+02,nonfinite_scalar,gamma_d,NaN,INVALID_METADATA,2026-08-31
DITW-002,nstxuG121123K34,4,nstxuG121123K34/N4/egn04w.6315E+02,nonfinite_scalar,gamma_d,NaN,INVALID_METADATA,2026-08-31
DITW-002,nstxuG121123K34,4,nstxuG121123K34/N4/egn04w.6322E+02,nonfinite_scalar,gamma_d,NaN,INVALID_METADATA,2026-08-31
DITW-002,nstxuG121123K34,4,nstxuG121123K34/N4/egn04w.6377E+02,nonfinite_scalar,gamma_d,NaN,INVALID_METADATA,2026-08-31
DITW-002,nstxuG121123K34,4,nstxuG121123K34/N4/egn04w.6391E+02,nonfinite_scalar,gamma_d,NaN,INVALID_METADATA,2026-08-31
DITW-002,nstxuG121123K34,4,nstxuG121123K34/N4/egn04w.6399E+02,nonfinite_scalar,gamma_d,NaN,INVALID_METADATA,2026-08-31
DITW-002,nstxuG121123K34,4,nstxuG121123K34/N4/egn04w.6435E+02,nonfinite_scalar,gamma_d,NaN,INVALID_METADATA,2026-08-31
DITW-002,nstxuG121123K34,4,nstxuG121123K34/N4/egn04w.6477E+02,nonfinite_scalar,gamma_d,NaN,INVALID_METADATA,2026-08-31
DITW-002,nstxuG121123K34,4,nstxuG121123K34/N4/egn04w.6503E+02,nonfinite_scalar,gamma_d,NaN,INVALID_METADATA,2026-08-31
DITW-002,nstxuG121123K34,4,nstxuG121123K34/N4/egn04w.6514E+02,nonfinite_scalar,gamma_d,NaN,INVALID_METADATA,2026-08-31
DITW-002,nstxuG121123K34,4,nstxuG121123K34/N4/egn04w.6521E+02,nonfinite_scalar,gamma_d,NaN,INVALID_METADATA,2026-08-31
DITW-002,nstxuG121123K34,4,nstxuG121123K34/N4/egn04w.6555E+02,nonfinite_scalar,gamma_d,NaN,INVALID_METADATA,2026-08-31
DITW-002,nstxuG121123K34,4,nstxuG121123K34/N4/egn04w.6582E+02,nonfinite_scalar,gamma_d,NaN,INVALID_METADATA,2026-08-31
DITW-002,nstxuG121123K34,4,nstxuG121123K34/N4/egn04w.6620E+02,nonfinite_scalar,gamma_d,NaN,INVALID_METADATA,2026-08-31
DITW-002,nstxuG121123K34,4,nstxuG121123K34/N4/egn04w.6630E+02,nonfinite_scalar,gamma_d,NaN,INVALID_METADATA,2026-08-31
DITW-002,nstxuG121123K34,4,nstxuG121123K34/N4/egn04w.6655E+02,nonfinite_scalar,gamma_d,NaN,INVALID_METADATA,2026-08-31
DITW-002,nstxuG121123K34,4,nstxuG121123K34/N4/egn04w.6686E+02,nonfinite_scalar,gamma_d,NaN,INVALID_METADATA,2026-08-31
DITW-002,nstxuG121123K34,4,nstxuG121123K34/N4/egn04w.6698E+02,nonfinite_scalar,gamma_d,NaN,INVALID_METADATA,2026-08-31
DITW-002,nstxuG121123K34,4,nstxuG121123K34/N4/egn04w.6822E+02,nonfinite_scalar,gamma_d,NaN,INVALID_METADATA,2026-08-31
DITW-002,nstxuG121123K34,4,nstxuG121123K34/N4/egn04w.6841E+02,nonfinite_scalar,gamma_d,NaN,INVALID_METADATA,2026-08-31
DITW-002,nstxuG121123K34,4,nstxuG121123K34/N4/egn04w.6857E+02,nonfinite_scalar,gamma_d,NaN,INVALID_METADATA,2026-08-31
DITW-002,nstxuG121123K34,4,nstxuG121123K34/N4/egn04w.6870E+02,nonfinite_scalar,gamma_d,NaN,INVALID_METADATA,2026-08-31
DITW-002,nstxuG121123K34,4,nstxuG121123K34/N4/egn04w.6926E+02,nonfinite_scalar,gamma_d,NaN,INVALID_METADATA,2026-08-31
DITW-002,nstxuG121123K34,4,nstxuG121123K34/N4/egn04w.6955E+02,nonfinite_scalar,gamma_d,NaN,INVALID_METADATA,2026-08-31
DITW-002,nstxuG121123K34,4,nstxuG121123K34/N4/egn04w.6966E+02,nonfinite_scalar,gamma_d,NaN,INVALID_METADATA,2026-08-31
DITW-002,nstxuG121123K34,4,nstxuG121123K34/N4/egn04w.6985E+02,nonfinite_scalar,gamma_d,NaN,INVALID_METADATA,2026-08-31
DITW-002,nstxuG121123K34,4,nstxuG121123K34/N4/egn04w.6989E+02,nonfinite_scalar,gamma_d,NaN,INVALID_METADATA,2026-08-31
DITW-002,nstxuG121123K34,4,nstxuG121123K34/N4/egn04w.7015E+02,nonfinite_scalar,gamma_d,NaN,INVALID_METADATA,2026-08-31
DITW-002,nstxuG121123K34,4,nstxuG121123K34/N4/egn04w.7042E+02,nonfinite_scalar,gamma_d,NaN,INVALID_METADATA,2026-08-31
DITW-002,nstxuG121123K34,4,nstxuG121123K34/N4/egn04w.7059E+02,nonfinite_scalar,gamma_d,NaN,INVALID_METADATA,2026-08-31
DITW-002,nstxuG121123K34,4,nstxuG121123K34/N4/egn04w.7074E+02,nonfinite_scalar,gamma_d,NaN,INVALID_METADATA,2026-08-31
DITW-002,nstxuG121123K34,4,nstxuG121123K34/N4/egn04w.7101E+02,nonfinite_scalar,gamma_d,NaN,INVALID_METADATA,2026-08-31
DITW-002,nstxuG121123K34,4,nstxuG121123K34/N4/egn04w.7127E+02,nonfinite_scalar,gamma_d,NaN,INVALID_METADATA,2026-08-31
DITW-002,nstxuG121123K34,4,nstxuG121123K34/N4/egn04w.7141E+02,nonfinite_scalar,gamma_d,NaN,INVALID_METADATA,2026-08-31
DITW-002,nstxuG121123K34,4,nstxuG121123K34/N4/egn04w.7214E+02,nonfinite_scalar,gamma_d,NaN,INVALID_METADATA,2026-08-31
DITW-002,nstxuG121123K34,4,nstxuG121123K34/N4/egn04w.7223E+02,nonfinite_scalar,gamma_d,NaN,INVALID_METADATA,2026-08-31
DITW-002,nstxuG121123K34,4,nstxuG121123K34/N4/egn04w.7238E+02,nonfinite_scalar,gamma_d,NaN,INVALID_METADATA,2026-08-31
DITW-002,nstxuG121123K34,4,nstxuG121123K34/N4/egn04w.7248E+02,nonfinite_scalar,gamma_d,NaN,INVALID_METADATA,2026-08-31
DITW-002,nstxuG121123K34,4,nstxuG121123K34/N4/egn04w.7261E+02,nonfinite_scalar,gamma_d,NaN,INVALID_METADATA,2026-08-31
DITW-002,nstxuG121123K34,4,nstxuG121123K34/N4/egn04w.7269E+02,nonfinite_scalar,gamma_d,NaN,INVALID_METADATA,2026-08-31
DITW-002,nstxuG121123K34,4,nstxuG121123K34/N4/egn04w.7284E+02,nonfinite_scalar,gamma_d,NaN,INVALID_METADATA,2026-08-31
DITW-002,nstxuG121123K34,4,nstxuG121123K34/N4/egn04w.7305E+02,nonfinite_scalar,gamma_d,NaN,INVALID_METADATA,2026-08-31
DITW-002,nstxuG121123K34,4,nstxuG121123K34/N4/egn04w.7310E+02,nonfinite_scalar,gamma_d,NaN,INVALID_METADATA,2026-08-31
DITW-002,nstxuG121123K34,4,nstxuG121123K34/N4/egn04w.7347E+02,nonfinite_scalar,gamma_d,NaN,INVALID_METADATA,2026-08-31
DITW-002,nstxuG121123K34,4,nstxuG121123K34/N4/egn04w.7366E+02,nonfinite_scalar,gamma_d,NaN,INVALID_METADATA,2026-08-31
DITW-002,nstxuG121123K34,4,nstxuG121123K34/N4/egn04w.7399E+02,nonfinite_scalar,gamma_d,NaN,INVALID_METADATA,2026-08-31
DITW-002,nstxuG121123K34,4,nstxuG121123K34/N4/egn04w.7470E+02,nonfinite_scalar,gamma_d,NaN,INVALID_METADATA,2026-08-31
DITW-002,nstxuG121123K34,4,nstxuG121123K34/N4/egn04w.7483E+02,nonfinite_scalar,gamma_d,NaN,INVALID_METADATA,2026-08-31
DITW-002,nstxuG121123K34,4,nstxuG121123K34/N4/egn04w.7499E+02,nonfinite_scalar,gamma_d,NaN,INVALID_METADATA,2026-08-31
DITW-002,nstxuG121123K34,4,nstxuG121123K34/N4/egn04w.7506E+02,nonfinite_scalar,gamma_d,NaN,INVALID_METADATA,2026-08-31
DITW-002,nstxuG121123K34,4,nstxuG121123K34/N4/egn04w.7527E+02,nonfinite_scalar,gamma_d,NaN,INVALID_METADATA,2026-08-31
DITW-002,nstxuG121123K34,4,nstxuG121123K34/N4/egn04w.7560E+02,nonfinite_scalar,gamma_d,NaN,INVALID_METADATA,2026-08-31
DITW-002,nstxuG121123K34,4,nstxuG121123K34/N4/egn04w.7608E+02,nonfinite_scalar,gamma_d,NaN,INVALID_METADATA,2026-08-31
DITW-002,nstxuG121123K34,4,nstxuG121123K34/N4/egn04w.7686E+02,nonfinite_scalar,gamma_d,NaN,INVALID_METADATA,2026-08-31
DITW-002,nstxuG121123K34,4,nstxuG121123K34/N4/egn04w.7695E+02,nonfinite_scalar,gamma_d,NaN,INVALID_METADATA,2026-08-31
DITW-002,nstxuG121123K34,4,nstxuG121123K34/N4/egn04w.7725E+02,nonfinite_scalar,gamma_d,NaN,INVALID_METADATA,2026-08-31
DITW-002,nstxuG121123K34,4,nstxuG121123K34/N4/egn04w.7756E+02,nonfinite_scalar,gamma_d,NaN,INVALID_METADATA,2026-08-31
DITW-002,nstxuG121123K34,4,nstxuG121123K34/N4/egn04w.7769E+02,nonfinite_scalar,gamma_d,NaN,INVALID_METADATA,2026-08-31
DITW-002,nstxuG121123K34,4,nstxuG121123K34/N4/egn04w.7781E+02,nonfinite_scalar,gamma_d,NaN,INVALID_METADATA,2026-08-31
DITW-002,nstxuG121123K34,4,nstxuG121123K34/N4/egn04w.7807E+02,nonfinite_scalar,gamma_d,NaN,INVALID_METADATA,2026-08-31
DITW-002,nstxuG121123K34,4,nstxuG121123K34/N4/egn04w.7816E+02,nonfinite_scalar,gamma_d,NaN,INVALID_METADATA,2026-08-31
DITW-002,nstxuG121123K34,4,nstxuG121123K34/N4/egn04w.7832E+02,nonfinite_scalar,gamma_d,NaN,INVALID_METADATA,2026-08-31
DITW-002,nstxuG121123K34,4,nstxuG121123K34/N4/egn04w.7837E+02,nonfinite_scalar,gamma_d,NaN,INVALID_METADATA,2026-08-31
DITW-002,nstxuG121123K34,4,nstxuG121123K34/N4/egn04w.7886E+02,nonfinite_scalar,gamma_d,NaN,INVALID_METADATA,2026-08-31
DITW-002,nstxuG121123K34,4,nstxuG121123K34/N4/egn04w.7896E+02,nonfinite_scalar,gamma_d,NaN,INVALID_METADATA,2026-08-31
DITW-002,nstxuG121123K34,4,nstxuG121123K34/N4/egn04w.7925E+02,nonfinite_scalar,gamma_d,NaN,INVALID_METADATA,2026-08-31
DITW-002,nstxuG121123K34,4,nstxuG121123K34/N4/egn04w.7959E+02,nonfinite_scalar,gamma_d,NaN,INVALID_METADATA,2026-08-31
DITW-002,nstxuG121123K34,4,nstxuG121123K34/N4/egn04w.7982E+02,nonfinite_scalar,gamma_d,NaN,INVALID_METADATA,2026-08-31
DITW-002,nstxuG121123K34,4,nstxuG121123K34/N4/egn04w.8005E+02,nonfinite_scalar,gamma_d,NaN,INVALID_METADATA,2026-08-31
DITW-003,nstx_135388,8,nstx_135388/N8/egn08w.2197E+02,zero_byte_mode_file,file_size,0,MODE_LOAD_FAILED,2026-08-31
DITW-003,nstx_135388,8,nstx_135388/N8/egn08w.2861E+02,zero_byte_mode_file,file_size,0,MODE_LOAD_FAILED,2026-08-31
DITW-003,nstx_135388,8,nstx_135388/N8/egn08w.3062E+02,zero_byte_mode_file,file_size,0,MODE_LOAD_FAILED,2026-08-31
DITW-004,nstxuG142301D46,7,nstxuG142301D46/N7/egn07w.1593E+02,nonfinite_scalar,gamma_d,NaN,INVALID_METADATA,2026-09-05
DITW-005,nstxuG142301M21,4,nstxuG142301M21/N4/egn04w.1532E+03,nonfinite_scalar,gamma_d,NaN,INVALID_METADATA,2026-09-08
DITW-005,nstxuG142301M21,4,nstxuG142301M21/N4/egn04w.1555E+03,nonfinite_scalar,gamma_d,NaN,INVALID_METADATA,2026-09-08
DITW-005,nstxuG142301M21,4,nstxuG142301M21/N4/egn04w.1559E+03,nonfinite_scalar,gamma_d,NaN,INVALID_METADATA,2026-09-08
DITW-005,nstxuG142301M21,4,nstxuG142301M21/N4/egn04w.1572E+03,nonfinite_scalar,gamma_d,NaN,INVALID_METADATA,2026-09-08
DITW-005,nstxuG142301M21,4,nstxuG142301M21/N4/egn04w.1573E+03,nonfinite_scalar,gamma_d,NaN,INVALID_METADATA,2026-09-08
DITW-005,nstxuG142301M21,4,nstxuG142301M21/N4/egn04w.1574E+03,nonfinite_scalar,gamma_d,NaN,INVALID_METADATA,2026-09-08
DITW-005,nstxuG142301M21,4,nstxuG142301M21/N4/egn04w.1575E+03,nonfinite_scalar,gamma_d,NaN,INVALID_METADATA,2026-09-08
DITW-005,nstxuG142301M21,4,nstxuG142301M21/N4/egn04w.1576E+03,nonfinite_scalar,gamma_d,NaN,INVALID_METADATA,2026-09-08
DITW-005,nstxuG142301M21,4,nstxuG142301M21/N4/egn04w.1577E+03,nonfinite_scalar,gamma_d,NaN,INVALID_METADATA,2026-09-08
DITW-005,nstxuG142301M21,4,nstxuG142301M21/N4/egn04w.1580E+03,nonfinite_scalar,gamma_d,NaN,INVALID_METADATA,2026-09-08
DITW-005,nstxuG142301M21,4,nstxuG142301M21/N4/egn04w.1582E+03,nonfinite_scalar,gamma_d,NaN,INVALID_METADATA,2026-09-08
DITW-005,nstxuG142301M21,4,nstxuG142301M21/N4/egn04w.1583E+03,nonfinite_scalar,gamma_d,NaN,INVALID_METADATA,2026-09-08
DITW-005,nstxuG142301M21,4,nstxuG142301M21/N4/egn04w.1584E+03,nonfinite_scalar,gamma_d,NaN,INVALID_METADATA,2026-09-08
DITW-005,nstxuG142301M21,4,nstxuG142301M21/N4/egn04w.1701E+03,nonfinite_scalar,gamma_d,NaN,INVALID_METADATA,2026-09-08
DITW-005,nstxuG142301M21,4,nstxuG142301M21/N4/egn04w.1702E+03,nonfinite_scalar,gamma_d,NaN,INVALID_METADATA,2026-09-08
DITW-005,nstxuG142301M21,4,nstxuG142301M21/N4/egn04w.1703E+03,nonfinite_scalar,gamma_d,NaN,INVALID_METADATA,2026-09-08
DITW-005,nstxuG142301M21,4,nstxuG142301M21/N4/egn04w.1705E+03,nonfinite_scalar,gamma_d,NaN,INVALID_METADATA,2026-09-08
DITW-005,nstxuG142301M21,4,nstxuG142301M21/N4/egn04w.1706E+03,nonfinite_scalar,gamma_d,NaN,INVALID_METADATA,2026-09-08
DITW-005,nstxuG142301M21,4,nstxuG142301M21/N4/egn04w.1708E+03,nonfinite_scalar,gamma_d,NaN,INVALID_METADATA,2026-09-08
DITW-005,nstxuG142301M21,4,nstxuG142301M21/N4/egn04w.1709E+03,nonfinite_scalar,gamma_d,NaN,INVALID_METADATA,2026-09-08
DITW-005,nstxuG142301M21,4,nstxuG142301M21/N4/egn04w.1710E+03,nonfinite_scalar,gamma_d,NaN,INVALID_METADATA,2026-09-08
DITW-005,nstxuG142301M21,4,nstxuG142301M21/N4/egn04w.1711E+03,nonfinite_scalar,gamma_d,NaN,INVALID_METADATA,2026-09-08
DITW-005,nstxuG142301M21,4,nstxuG142301M21/N4/egn04w.1712E+03,nonfinite_scalar,gamma_d,NaN,INVALID_METADATA,2026-09-08
DITW-005,nstxuG142301M21,4,nstxuG142301M21/N4/egn04w.1714E+03,nonfinite_scalar,gamma_d,NaN,INVALID_METADATA,2026-09-08
DITW-005,nstxuG142301M21,4,nstxuG142301M21/N4/egn04w.1732E+03,nonfinite_scalar,gamma_d,NaN,INVALID_METADATA,2026-09-08
DITW-005,nstxuG142301M21,4,nstxuG142301M21/N4/egn04w.1733E+03,nonfinite_scalar,gamma_d,NaN,INVALID_METADATA,2026-09-08
DITW-005,nstxuG142301M21,4,nstxuG142301M21/N4/egn04w.1734E+03,nonfinite_scalar,gamma_d,NaN,INVALID_METADATA,2026-09-08
DITW-005,nstxuG142301M21,4,nstxuG142301M21/N4/egn04w.1735E+03,nonfinite_scalar,gamma_d,NaN,INVALID_METADATA,2026-09-08
DITW-005,nstxuG142301M21,4,nstxuG142301M21/N4/egn04w.1736E+03,nonfinite_scalar,gamma_d,NaN,INVALID_METADATA,2026-09-08
DITW-005,nstxuG142301M21,4,nstxuG142301M21/N4/egn04w.1872E+03,nonfinite_scalar,gamma_d,NaN,INVALID_METADATA,2026-09-08
DITW-005,nstxuG142301M21,4,nstxuG142301M21/N4/egn04w.1873E+03,nonfinite_scalar,gamma_d,NaN,INVALID_METADATA,2026-09-08
DITW-005,nstxuG142301M21,4,nstxuG142301M21/N4/egn04w.1875E+03,nonfinite_scalar,gamma_d,NaN,INVALID_METADATA,2026-09-08
DITW-005,nstxuG142301M21,4,nstxuG142301M21/N4/egn04w.1877E+03,nonfinite_scalar,gamma_d,NaN,INVALID_METADATA,2026-09-08
DITW-005,nstxuG142301M21,4,nstxuG142301M21/N4/egn04w.1879E+03,nonfinite_scalar,gamma_d,NaN,INVALID_METADATA,2026-09-08
DITW-005,nstxuG142301M21,4,nstxuG142301M21/N4/egn04w.1880E+03,nonfinite_scalar,gamma_d,NaN,INVALID_METADATA,2026-09-08
DITW-005,nstxuG142301M21,4,nstxuG142301M21/N4/egn04w.1881E+03,nonfinite_scalar,gamma_d,NaN,INVALID_METADATA,2026-09-08
DITW-005,nstxuG142301M21,4,nstxuG142301M21/N4/egn04w.1902E+03,nonfinite_scalar,gamma_d,NaN,INVALID_METADATA,2026-09-08
DITW-005,nstxuG142301M21,4,nstxuG142301M21/N4/egn04w.1903E+03,nonfinite_scalar,gamma_d,NaN,INVALID_METADATA,2026-09-08
DITW-005,nstxuG142301M21,4,nstxuG142301M21/N4/egn04w.1905E+03,nonfinite_scalar,gamma_d,NaN,INVALID_METADATA,2026-09-08
DITW-005,nstxuG142301M21,4,nstxuG142301M21/N4/egn04w.1906E+03,nonfinite_scalar,gamma_d,NaN,INVALID_METADATA,2026-09-08
DITW-005,nstxuG142301M21,4,nstxuG142301M21/N4/egn04w.1907E+03,nonfinite_scalar,gamma_d,NaN,INVALID_METADATA,2026-09-08
DITW-005,nstxuG142301M21,4,nstxuG142301M21/N4/egn04w.1908E+03,nonfinite_scalar,gamma_d,NaN,INVALID_METADATA,2026-09-08
DITW-005,nstxuG142301M21,4,nstxuG142301M21/N4/egn04w.1909E+03,nonfinite_scalar,gamma_d,NaN,INVALID_METADATA,2026-09-08
DITW-005,nstxuG142301M21,4,nstxuG142301M21/N4/egn04w.1911E+03,nonfinite_scalar,gamma_d,NaN,INVALID_METADATA,2026-09-08
DITW-005,nstxuG142301M21,4,nstxuG142301M21/N4/egn04w.1912E+03,nonfinite_scalar,gamma_d,NaN,INVALID_METADATA,2026-09-08
DITW-005,nstxuG142301M21,4,nstxuG142301M21/N4/egn04w.1914E+03,nonfinite_scalar,gamma_d,NaN,INVALID_METADATA,2026-09-08
DITW-005,nstxuG142301M21,4,nstxuG142301M21/N4/egn04w.1916E+03,nonfinite_scalar,gamma_d,NaN,INVALID_METADATA,2026-09-08
DITW-005,nstxuG142301M21,4,nstxuG142301M21/N4/egn04w.1917E+03,nonfinite_scalar,gamma_d,NaN,INVALID_METADATA,2026-09-08
DITW-005,nstxuG142301M21,4,nstxuG142301M21/N4/egn04w.1918E+03,nonfinite_scalar,gamma_d,NaN,INVALID_METADATA,2026-09-08
DITW-005,nstxuG142301M21,4,nstxuG142301M21/N4/egn04w.1920E+03,nonfinite_scalar,gamma_d,NaN,INVALID_METADATA,2026-09-08
DITW-005,nstxuG142301M21,4,nstxuG142301M21/N4/egn04w.1921E+03,nonfinite_scalar,gamma_d,NaN,INVALID_METADATA,2026-09-08
DITW-005,nstxuG142301M21,4,nstxuG142301M21/N4/egn04w.1924E+03,nonfinite_scalar,gamma_d,NaN,INVALID_METADATA,2026-09-08
DITW-005,nstxuG142301M21,4,nstxuG142301M21/N4/egn04w.1925E+03,nonfinite_scalar,gamma_d,NaN,INVALID_METADATA,2026-09-08
DITW-005,nstxuG142301M21,4,nstxuG142301M21/N4/egn04w.1926E+03,nonfinite_scalar,gamma_d,NaN,INVALID_METADATA,2026-09-08
DITW-005,nstxuG142301M21,4,nstxuG142301M21/N4/egn04w.1927E+03,nonfinite_scalar,gamma_d,NaN,INVALID_METADATA,2026-09-08
DITW-005,nstxuG142301M21,4,nstxuG142301M21/N4/egn04w.1928E+03,nonfinite_scalar,gamma_d,NaN,INVALID_METADATA,2026-09-08
DITW-005,nstxuG142301M21,4,nstxuG142301M21/N4/egn04w.1930E+03,nonfinite_scalar,gamma_d,NaN,INVALID_METADATA,2026-09-08
DITW-005,nstxuG142301M21,4,nstxuG142301M21/N4/egn04w.1931E+03,nonfinite_scalar,gamma_d,NaN,INVALID_METADATA,2026-09-08
DITW-005,nstxuG142301M21,4,nstxuG142301M21/N4/egn04w.1932E+03,nonfinite_scalar,gamma_d,NaN,INVALID_METADATA,2026-09-08
DITW-005,nstxuG142301M21,4,nstxuG142301M21/N4/egn04w.1935E+03,nonfinite_scalar,gamma_d,NaN,INVALID_METADATA,2026-09-08
DITW-005,nstxuG142301M21,4,nstxuG142301M21/N4/egn04w.1936E+03,nonfinite_scalar,gamma_d,NaN,INVALID_METADATA,2026-09-08
DITW-005,nstxuG142301M21,4,nstxuG142301M21/N4/egn04w.1938E+03,nonfinite_scalar,gamma_d,NaN,INVALID_METADATA,2026-09-08
DITW-005,nstxuG142301M21,4,nstxuG142301M21/N4/egn04w.1942E+03,nonfinite_scalar,gamma_d,NaN,INVALID_METADATA,2026-09-08
DITW-005,nstxuG142301M21,4,nstxuG142301M21/N4/egn04w.1945E+03,nonfinite_scalar,gamma_d,NaN,INVALID_METADATA,2026-09-08
DITW-005,nstxuG142301M21,4,nstxuG142301M21/N4/egn04w.1948E+03,nonfinite_scalar,gamma_d,NaN,INVALID_METADATA,2026-09-08
DITW-005,nstxuG142301M21,4,nstxuG142301M21/N4/egn04w.1952E+03,nonfinite_scalar,gamma_d,NaN,INVALID_METADATA,2026-09-08
DITW-005,nstxuG142301M21,4,nstxuG142301M21/N4/egn04w.1954E+03,nonfinite_scalar,gamma_d,NaN,INVALID_METADATA,2026-09-08
DITW-005,nstxuG142301M21,4,nstxuG142301M21/N4/egn04w.1956E+03,nonfinite_scalar,gamma_d,NaN,INVALID_METADATA,2026-09-08
DITW-005,nstxuG142301M21,4,nstxuG142301M21/N4/egn04w.1958E+03,nonfinite_scalar,gamma_d,NaN,INVALID_METADATA,2026-09-08
DITW-005,nstxuG142301M21,4,nstxuG142301M21/N4/egn04w.1959E+03,nonfinite_scalar,gamma_d,NaN,INVALID_METADATA,2026-09-08
DITW-005,nstxuG142301M21,4,nstxuG142301M21/N4/egn04w.1962E+03,nonfinite_scalar,gamma_d,NaN,INVALID_METADATA,2026-09-08
DITW-005,nstxuG142301M21,4,nstxuG142301M21/N4/egn04w.1964E+03,nonfinite_scalar,gamma_d,NaN,INVALID_METADATA,2026-09-08
DITW-005,nstxuG142301M21,4,nstxuG142301M21/N4/egn04w.1966E+03,nonfinite_scalar,gamma_d,NaN,INVALID_METADATA,2026-09-08
DITW-005,nstxuG142301M21,4,nstxuG142301M21/N4/egn04w.1970E+03,nonfinite_scalar,gamma_d,NaN,INVALID_METADATA,2026-09-08
DITW-005,nstxuG142301M21,4,nstxuG142301M21/N4/egn04w.1971E+03,nonfinite_scalar,gamma_d,NaN,INVALID_METADATA,2026-09-08
DITW-005,nstxuG142301M21,4,nstxuG142301M21/N4/egn04w.1974E+03,nonfinite_scalar,gamma_d,NaN,INVALID_METADATA,2026-09-08
DITW-005,nstxuG142301M21,4,nstxuG142301M21/N4/egn04w.1977E+03,nonfinite_scalar,gamma_d,NaN,INVALID_METADATA,2026-09-08
DITW-005,nstxuG142301M21,4,nstxuG142301M21/N4/egn04w.1979E+03,nonfinite_scalar,gamma_d,NaN,INVALID_METADATA,2026-09-08
DITW-005,nstxuG142301M21,4,nstxuG142301M21/N4/egn04w.1980E+03,nonfinite_scalar,gamma_d,NaN,INVALID_METADATA,2026-09-08
DITW-005,nstxuG142301M21,4,nstxuG142301M21/N4/egn04w.1983E+03,nonfinite_scalar,gamma_d,NaN,INVALID_METADATA,2026-09-08
DITW-005,nstxuG142301M21,4,nstxuG142301M21/N4/egn04w.1984E+03,nonfinite_scalar,gamma_d,NaN,INVALID_METADATA,2026-09-08
DITW-005,nstxuG142301M21,4,nstxuG142301M21/N4/egn04w.1987E+03,nonfinite_scalar,gamma_d,NaN,INVALID_METADATA,2026-09-08
DITW-005,nstxuG142301M21,4,nstxuG142301M21/N4/egn04w.1989E+03,nonfinite_scalar,gamma_d,NaN,INVALID_METADATA,2026-09-08
DITW-005,nstxuG142301M21,4,nstxuG142301M21/N4/egn04w.1991E+03,nonfinite_scalar,gamma_d,NaN,INVALID_METADATA,2026-09-08
DITW-005,nstxuG142301M21,4,nstxuG142301M21/N4/egn04w.1998E+03,nonfinite_scalar,gamma_d,NaN,INVALID_METADATA,2026-09-08
DITW-005,nstxuG142301M21,4,nstxuG142301M21/N4/egn04w.2015E+03,nonfinite_scalar,gamma_d,NaN,INVALID_METADATA,2026-09-08
DITW-005,nstxuG142301M21,4,nstxuG142301M21/N4/egn04w.2019E+03,nonfinite_scalar,gamma_d,NaN,INVALID_METADATA,2026-09-08
DITW-005,nstxuG142301M21,4,nstxuG142301M21/N4/egn04w.2022E+03,nonfinite_scalar,gamma_d,NaN,INVALID_METADATA,2026-09-08
DITW-005,nstxuG142301M21,4,nstxuG142301M21/N4/egn04w.2024E+03,nonfinite_scalar,gamma_d,NaN,INVALID_METADATA,2026-09-08
DITW-005,nstxuG142301M21,4,nstxuG142301M21/N4/egn04w.2026E+03,nonfinite_scalar,gamma_d,NaN,INVALID_METADATA,2026-09-08
DITW-005,nstxuG142301M21,4,nstxuG142301M21/N4/egn04w.2029E+03,nonfinite_scalar,gamma_d,NaN,INVALID_METADATA,2026-09-08
DITW-005,nstxuG142301M21,4,nstxuG142301M21/N4/egn04w.2030E+03,nonfinite_scalar,gamma_d,NaN,INVALID_METADATA,2026-09-08
DITW-005,nstxuG142301M21,4,nstxuG142301M21/N4/egn04w.2034E+03,nonfinite_scalar,gamma_d,NaN,INVALID_METADATA,2026-09-08
DITW-005,nstxuG142301M21,4,nstxuG142301M21/N4/egn04w.2035E+03,nonfinite_scalar,gamma_d,NaN,INVALID_METADATA,2026-09-08
DITW-005,nstxuG142301M21,4,nstxuG142301M21/N4/egn04w.2041E+03,nonfinite_scalar,gamma_d,NaN,INVALID_METADATA,2026-09-08
DITW-005,nstxuG142301M21,4,nstxuG142301M21/N4/egn04w.2043E+03,nonfinite_scalar,gamma_d,NaN,INVALID_METADATA,2026-09-08
DITW-005,nstxuG142301M21,4,nstxuG142301M21/N4/egn04w.2045E+03,nonfinite_scalar,gamma_d,NaN,INVALID_METADATA,2026-09-08
DITW-005,nstxuG142301M21,4,nstxuG142301M21/N4/egn04w.2047E+03,nonfinite_scalar,gamma_d,NaN,INVALID_METADATA,2026-09-08
DITW-005,nstxuG142301M21,4,nstxuG142301M21/N4/egn04w.2048E+03,nonfinite_scalar,gamma_d,NaN,INVALID_METADATA,2026-09-08
DITW-005,nstxuG142301M21,4,nstxuG142301M21/N4/egn04w.2056E+03,nonfinite_scalar,gamma_d,NaN,INVALID_METADATA,2026-09-08
DITW-005,nstxuG142301M21,4,nstxuG142301M21/N4/egn04w.2057E+03,nonfinite_scalar,gamma_d,NaN,INVALID_METADATA,2026-09-08
DITW-005,nstxuG142301M21,4,nstxuG142301M21/N4/egn04w.2058E+03,nonfinite_scalar,gamma_d,NaN,INVALID_METADATA,2026-09-08
DITW-005,nstxuG142301M21,4,nstxuG142301M21/N4/egn04w.2060E+03,nonfinite_scalar,gamma_d,NaN,INVALID_METADATA,2026-09-08
DITW-005,nstxuG142301M21,4,nstxuG142301M21/N4/egn04w.2062E+03,nonfinite_scalar,gamma_d,NaN,INVALID_METADATA,2026-09-08
DITW-005,nstxuG142301M21,4,nstxuG142301M21/N4/egn04w.2065E+03,nonfinite_scalar,gamma_d,NaN,INVALID_METADATA,2026-09-08
DITW-005,nstxuG142301M21,4,nstxuG142301M21/N4/egn04w.2068E+03,nonfinite_scalar,gamma_d,NaN,INVALID_METADATA,2026-09-08
DITW-005,nstxuG142301M21,4,nstxuG142301M21/N4/egn04w.2070E+03,nonfinite_scalar,gamma_d,NaN,INVALID_METADATA,2026-09-08
DITW-005,nstxuG142301M21,4,nstxuG142301M21/N4/egn04w.2073E+03,nonfinite_scalar,gamma_d,NaN,INVALID_METADATA,2026-09-08
DITW-005,nstxuG142301M21,4,nstxuG142301M21/N4/egn04w.2074E+03,nonfinite_scalar,gamma_d,NaN,INVALID_METADATA,2026-09-08
DITW-005,nstxuG142301M21,4,nstxuG142301M21/N4/egn04w.2078E+03,nonfinite_scalar,gamma_d,NaN,INVALID_METADATA,2026-09-08
DITW-005,nstxuG142301M21,4,nstxuG142301M21/N4/egn04w.2079E+03,nonfinite_scalar,gamma_d,NaN,INVALID_METADATA,2026-09-08
DITW-005,nstxuG142301M21,4,nstxuG142301M21/N4/egn04w.2081E+03,nonfinite_scalar,gamma_d,NaN,INVALID_METADATA,2026-09-08
DITW-005,nstxuG142301M21,4,nstxuG142301M21/N4/egn04w.2082E+03,nonfinite_scalar,gamma_d,NaN,INVALID_METADATA,2026-09-08
DITW-005,nstxuG142301M21,4,nstxuG142301M21/N4/egn04w.2085E+03,nonfinite_scalar,gamma_d,NaN,INVALID_METADATA,2026-09-08
DITW-005,nstxuG142301M21,4,nstxuG142301M21/N4/egn04w.2086E+03,nonfinite_scalar,gamma_d,NaN,INVALID_METADATA,2026-09-08
DITW-005,nstxuG142301M21,4,nstxuG142301M21/N4/egn04w.2089E+03,nonfinite_scalar,gamma_d,NaN,INVALID_METADATA,2026-09-08
DITW-005,nstxuG142301M21,4,nstxuG142301M21/N4/egn04w.2091E+03,nonfinite_scalar,gamma_d,NaN,INVALID_METADATA,2026-09-08
DITW-005,nstxuG142301M21,4,nstxuG142301M21/N4/egn04w.2092E+03,nonfinite_scalar,gamma_d,NaN,INVALID_METADATA,2026-09-08
DITW-005,nstxuG142301M21,4,nstxuG142301M21/N4/egn04w.2093E+03,nonfinite_scalar,gamma_d,NaN,INVALID_METADATA,2026-09-08
DITW-005,nstxuG142301M21,4,nstxuG142301M21/N4/egn04w.2097E+03,nonfinite_scalar,gamma_d,NaN,INVALID_METADATA,2026-09-08
DITW-005,nstxuG142301M21,4,nstxuG142301M21/N4/egn04w.2098E+03,nonfinite_scalar,gamma_d,NaN,INVALID_METADATA,2026-09-08
DITW-005,nstxuG142301M21,4,nstxuG142301M21/N4/egn04w.2099E+03,nonfinite_scalar,gamma_d,NaN,INVALID_METADATA,2026-09-08
DITW-005,nstxuG142301M21,4,nstxuG142301M21/N4/egn04w.2100E+03,nonfinite_scalar,gamma_d,NaN,INVALID_METADATA,2026-09-08
DITW-005,nstxuG142301M21,4,nstxuG142301M21/N4/egn04w.2103E+03,nonfinite_scalar,gamma_d,NaN,INVALID_METADATA,2026-09-08
DITW-005,nstxuG142301M21,4,nstxuG142301M21/N4/egn04w.2104E+03,nonfinite_scalar,gamma_d,NaN,INVALID_METADATA,2026-09-08
DITW-005,nstxuG142301M21,4,nstxuG142301M21/N4/egn04w.2105E+03,nonfinite_scalar,gamma_d,NaN,INVALID_METADATA,2026-09-08
DITW-005,nstxuG142301M21,4,nstxuG142301M21/N4/egn04w.2106E+03,nonfinite_scalar,gamma_d,NaN,INVALID_METADATA,2026-09-08
DITW-005,nstxuG142301M21,4,nstxuG142301M21/N4/egn04w.2107E+03,nonfinite_scalar,gamma_d,NaN,INVALID_METADATA,2026-09-08
DITW-005,nstxuG142301M21,4,nstxuG142301M21/N4/egn04w.2108E+03,nonfinite_scalar,gamma_d,NaN,INVALID_METADATA,2026-09-08
DITW-005,nstxuG142301M21,4,nstxuG142301M21/N4/egn04w.2109E+03,nonfinite_scalar,gamma_d,NaN,INVALID_METADATA,2026-09-08
DITW-005,nstxuG142301M21,4,nstxuG142301M21/N4/egn04w.2110E+03,nonfinite_scalar,gamma_d,NaN,INVALID_METADATA,2026-09-08
DITW-005,nstxuG142301M21,4,nstxuG142301M21/N4/egn04w.2111E+03,nonfinite_scalar,gamma_d,NaN,INVALID_METADATA,2026-09-08
DITW-005,nstxuG142301M21,4,nstxuG142301M21/N4/egn04w.2113E+03,nonfinite_scalar,gamma_d,NaN,INVALID_METADATA,2026-09-08
DITW-005,nstxuG142301M21,4,nstxuG142301M21/N4/egn04w.2114E+03,nonfinite_scalar,gamma_d,NaN,INVALID_METADATA,2026-09-08
DITW-005,nstxuG142301M21,4,nstxuG142301M21/N4/egn04w.2115E+03,nonfinite_scalar,gamma_d,NaN,INVALID_METADATA,2026-09-08
DITW-005,nstxuG142301M21,4,nstxuG142301M21/N4/egn04w.2117E+03,nonfinite_scalar,gamma_d,NaN,INVALID_METADATA,2026-09-08
DITW-005,nstxuG142301M21,4,nstxuG142301M21/N4/egn04w.2118E+03,nonfinite_scalar,gamma_d,NaN,INVALID_METADATA,2026-09-08
DITW-005,nstxuG142301M21,4,nstxuG142301M21/N4/egn04w.2121E+03,nonfinite_scalar,gamma_d,NaN,INVALID_METADATA,2026-09-08
DITW-005,nstxuG142301M21,4,nstxuG142301M21/N4/egn04w.2122E+03,nonfinite_scalar,gamma_d,NaN,INVALID_METADATA,2026-09-08
DITW-005,nstxuG142301M21,4,nstxuG142301M21/N4/egn04w.2123E+03,nonfinite_scalar,gamma_d,NaN,INVALID_METADATA,2026-09-08
DITW-005,nstxuG142301M21,4,nstxuG142301M21/N4/egn04w.2125E+03,nonfinite_scalar,gamma_d,NaN,INVALID_METADATA,2026-09-08
DITW-005,nstxuG142301M21,4,nstxuG142301M21/N4/egn04w.2126E+03,nonfinite_scalar,gamma_d,NaN,INVALID_METADATA,2026-09-08
DITW-005,nstxuG142301M21,4,nstxuG142301M21/N4/egn04w.2129E+03,nonfinite_scalar,gamma_d,NaN,INVALID_METADATA,2026-09-08
DITW-005,nstxuG142301M21,4,nstxuG142301M21/N4/egn04w.2130E+03,nonfinite_scalar,gamma_d,NaN,INVALID_METADATA,2026-09-08
DITW-005,nstxuG142301M21,4,nstxuG142301M21/N4/egn04w.2131E+03,nonfinite_scalar,gamma_d,NaN,INVALID_METADATA,2026-09-08
DITW-005,nstxuG142301M21,4,nstxuG142301M21/N4/egn04w.2132E+03,nonfinite_scalar,gamma_d,NaN,INVALID_METADATA,2026-09-08
DITW-005,nstxuG142301M21,4,nstxuG142301M21/N4/egn04w.2133E+03,nonfinite_scalar,gamma_d,NaN,INVALID_METADATA,2026-09-08
DITW-005,nstxuG142301M21,4,nstxuG142301M21/N4/egn04w.2134E+03,nonfinite_scalar,gamma_d,NaN,INVALID_METADATA,2026-09-08
DITW-005,nstxuG142301M21,4,nstxuG142301M21/N4/egn04w.2135E+03,nonfinite_scalar,gamma_d,NaN,INVALID_METADATA,2026-09-08
DITW-005,nstxuG142301M21,4,nstxuG142301M21/N4/egn04w.2136E+03,nonfinite_scalar,gamma_d,NaN,INVALID_METADATA,2026-09-08
DITW-005,nstxuG142301M21,4,nstxuG142301M21/N4/egn04w.2138E+03,nonfinite_scalar,gamma_d,NaN,INVALID_METADATA,2026-09-08
DITW-005,nstxuG142301M21,4,nstxuG142301M21/N4/egn04w.2139E+03,nonfinite_scalar,gamma_d,NaN,INVALID_METADATA,2026-09-08
DITW-005,nstxuG142301M21,4,nstxuG142301M21/N4/egn04w.2141E+03,nonfinite_scalar,gamma_d,NaN,INVALID_METADATA,2026-09-08
DITW-005,nstxuG142301M21,4,nstxuG142301M21/N4/egn04w.2142E+03,nonfinite_scalar,gamma_d,NaN,INVALID_METADATA,2026-09-08
DITW-005,nstxuG142301M21,4,nstxuG142301M21/N4/egn04w.2143E+03,nonfinite_scalar,gamma_d,NaN,INVALID_METADATA,2026-09-08
DITW-005,nstxuG142301M21,4,nstxuG142301M21/N4/egn04w.2144E+03,nonfinite_scalar,gamma_d,NaN,INVALID_METADATA,2026-09-08
DITW-005,nstxuG142301M21,4,nstxuG142301M21/N4/egn04w.2145E+03,nonfinite_scalar,gamma_d,NaN,INVALID_METADATA,2026-09-08
DITW-005,nstxuG142301M21,4,nstxuG142301M21/N4/egn04w.2148E+03,nonfinite_scalar,gamma_d,NaN,INVALID_METADATA,2026-09-08
DITW-005,nstxuG142301M21,4,nstxuG142301M21/N4/egn04w.2149E+03,nonfinite_scalar,gamma_d,NaN,INVALID_METADATA,2026-09-08
DITW-005,nstxuG142301M21,4,nstxuG142301M21/N4/egn04w.2151E+03,nonfinite_scalar,gamma_d,NaN,INVALID_METADATA,2026-09-08
DITW-005,nstxuG142301M21,4,nstxuG142301M21/N4/egn04w.2154E+03,nonfinite_scalar,gamma_d,NaN,INVALID_METADATA,2026-09-08
DITW-005,nstxuG142301M21,4,nstxuG142301M21/N4/egn04w.2155E+03,nonfinite_scalar,gamma_d,NaN,INVALID_METADATA,2026-09-08
DITW-005,nstxuG142301M21,4,nstxuG142301M21/N4/egn04w.2158E+03,nonfinite_scalar,gamma_d,NaN,INVALID_METADATA,2026-09-08
DITW-005,nstxuG142301M21,4,nstxuG142301M21/N4/egn04w.2159E+03,nonfinite_scalar,gamma_d,NaN,INVALID_METADATA,2026-09-08
DITW-005,nstxuG142301M21,4,nstxuG142301M21/N4/egn04w.2160E+03,nonfinite_scalar,gamma_d,NaN,INVALID_METADATA,2026-09-08
DITW-005,nstxuG142301M21,4,nstxuG142301M21/N4/egn04w.2161E+03,nonfinite_scalar,gamma_d,NaN,INVALID_METADATA,2026-09-08
DITW-005,nstxuG142301M21,4,nstxuG142301M21/N4/egn04w.2162E+03,nonfinite_scalar,gamma_d,NaN,INVALID_METADATA,2026-09-08
DITW-005,nstxuG142301M21,4,nstxuG142301M21/N4/egn04w.2163E+03,nonfinite_scalar,gamma_d,NaN,INVALID_METADATA,2026-09-08
DITW-005,nstxuG142301M21,4,nstxuG142301M21/N4/egn04w.2164E+03,nonfinite_scalar,gamma_d,NaN,INVALID_METADATA,2026-09-08
DITW-005,nstxuG142301M21,4,nstxuG142301M21/N4/egn04w.2167E+03,nonfinite_scalar,gamma_d,NaN,INVALID_METADATA,2026-09-08
DITW-005,nstxuG142301M21,4,nstxuG142301M21/N4/egn04w.2168E+03,nonfinite_scalar,gamma_d,NaN,INVALID_METADATA,2026-09-08
DITW-005,nstxuG142301M21,4,nstxuG142301M21/N4/egn04w.2169E+03,nonfinite_scalar,gamma_d,NaN,INVALID_METADATA,2026-09-08
DITW-005,nstxuG142301M21,4,nstxuG142301M21/N4/egn04w.2171E+03,nonfinite_scalar,gamma_d,NaN,INVALID_METADATA,2026-09-08
DITW-005,nstxuG142301M21,4,nstxuG142301M21/N4/egn04w.2172E+03,nonfinite_scalar,gamma_d,NaN,INVALID_METADATA,2026-09-08
DITW-005,nstxuG142301M21,4,nstxuG142301M21/N4/egn04w.2173E+03,nonfinite_scalar,gamma_d,NaN,INVALID_METADATA,2026-09-08
DITW-005,nstxuG142301M21,4,nstxuG142301M21/N4/egn04w.2176E+03,nonfinite_scalar,gamma_d,NaN,INVALID_METADATA,2026-09-08
DITW-005,nstxuG142301M21,4,nstxuG142301M21/N4/egn04w.2179E+03,nonfinite_scalar,gamma_d,NaN,INVALID_METADATA,2026-09-08
DITW-005,nstxuG142301M21,4,nstxuG142301M21/N4/egn04w.2180E+03,nonfinite_scalar,gamma_d,NaN,INVALID_METADATA,2026-09-08
DITW-005,nstxuG142301M21,4,nstxuG142301M21/N4/egn04w.2184E+03,nonfinite_scalar,gamma_d,NaN,INVALID_METADATA,2026-09-08
DITW-005,nstxuG142301M21,4,nstxuG142301M21/N4/egn04w.2185E+03,nonfinite_scalar,gamma_d,NaN,INVALID_METADATA,2026-09-08
DITW-005,nstxuG142301M21,4,nstxuG142301M21/N4/egn04w.2188E+03,nonfinite_scalar,gamma_d,NaN,INVALID_METADATA,2026-09-08
DITW-005,nstxuG142301M21,4,nstxuG142301M21/N4/egn04w.2189E+03,nonfinite_scalar,gamma_d,NaN,INVALID_METADATA,2026-09-08
DITW-005,nstxuG142301M21,4,nstxuG142301M21/N4/egn04w.2190E+03,nonfinite_scalar,gamma_d,NaN,INVALID_METADATA,2026-09-08
DITW-005,nstxuG142301M21,4,nstxuG142301M21/N4/egn04w.2193E+03,nonfinite_scalar,gamma_d,NaN,INVALID_METADATA,2026-09-08
DITW-005,nstxuG142301M21,4,nstxuG142301M21/N4/egn04w.2199E+03,nonfinite_scalar,gamma_d,NaN,INVALID_METADATA,2026-09-08
DITW-005,nstxuG142301M21,4,nstxuG142301M21/N4/egn04w.2200E+03,nonfinite_scalar,gamma_d,NaN,INVALID_METADATA,2026-09-08
DITW-005,nstxuG142301M21,4,nstxuG142301M21/N4/egn04w.2201E+03,nonfinite_scalar,gamma_d,NaN,INVALID_METADATA,2026-09-08
DITW-005,nstxuG142301M21,4,nstxuG142301M21/N4/egn04w.2202E+03,nonfinite_scalar,gamma_d,NaN,INVALID_METADATA,2026-09-08
DITW-005,nstxuG142301M21,4,nstxuG142301M21/N4/egn04w.2207E+03,nonfinite_scalar,gamma_d,NaN,INVALID_METADATA,2026-09-08
DITW-005,nstxuG142301M21,4,nstxuG142301M21/N4/egn04w.2209E+03,nonfinite_scalar,gamma_d,NaN,INVALID_METADATA,2026-09-08
DITW-005,nstxuG142301M21,4,nstxuG142301M21/N4/egn04w.2210E+03,nonfinite_scalar,gamma_d,NaN,INVALID_METADATA,2026-09-08
DITW-005,nstxuG142301M21,4,nstxuG142301M21/N4/egn04w.2214E+03,nonfinite_scalar,gamma_d,NaN,INVALID_METADATA,2026-09-08
DITW-005,nstxuG142301M21,4,nstxuG142301M21/N4/egn04w.2215E+03,nonfinite_scalar,gamma_d,NaN,INVALID_METADATA,2026-09-08
DITW-005,nstxuG142301M21,4,nstxuG142301M21/N4/egn04w.2219E+03,nonfinite_scalar,gamma_d,NaN,INVALID_METADATA,2026-09-08
DITW-005,nstxuG142301M21,4,nstxuG142301M21/N4/egn04w.2220E+03,nonfinite_scalar,gamma_d,NaN,INVALID_METADATA,2026-09-08
DITW-005,nstxuG142301M21,4,nstxuG142301M21/N4/egn04w.2225E+03,nonfinite_scalar,gamma_d,NaN,INVALID_METADATA,2026-09-08
DITW-005,nstxuG142301M21,4,nstxuG142301M21/N4/egn04w.2226E+03,nonfinite_scalar,gamma_d,NaN,INVALID_METADATA,2026-09-08
