path,shot,n,ntor,nr,nhar,omega,gamma_d,status,gap_region,signed_delta,fraction_below_upper2,p_rf_good,p_cnn_good,p_avg,final_label,tier,model_disagreement,near_threshold,large_score_gap,selected_final,rejection_reason,error_message
/global/cfs/cdirs/m314/nova2/data/nstxuE204669M03t025/N1/egn01w.4972E+01,nstxuE204669M03t025,1,1,201,14,2.2298413357933105,-0.0059171793134306155,scored,tae_like,0.9643677089913922,1.0,0.03,0.006542530842125416,0.018271265421062707,bad,gold_bad,False,False,False,,,
/global/cfs/cdirs/m314/nova2/data/nstxuE204669M03t025/N1/egn01w.5033E+01,nstxuE204669M03t025,1,1,201,14,2.2434225749772954,-0.004669917858705211,scored,tae_like,0.9636911516351484,1.0,0.07666666666666666,0.03568403050303459,0.056175348584850626,bad,gold_bad,False,False,False,,,
/global/cfs/cdirs/m314/nova2/data/nstxuE204669M03t025/N1/egn01w.5092E+01,nstxuE204669M03t025,1,1,201,14,2.256614626007838,-0.008178248431231288,scored,tae_like,0.9583002026301902,1.0,0.07666666666666666,0.030320268124341965,0.05349346739550431,bad,gold_bad,False,False,False,,,
/global/cfs/cdirs/m314/nova2/data/nstxuE204669M03t025/N1/egn01w.5285E+01,nstxuE204669M03t025,1,1,201,14,2.29896884735352,-0.0028633192448873864,scored,tae_like,0.9623572747095173,1.0,0.03333333333333333,0.016593487933278084,0.02496341063330571,bad,gold_bad,False,False,False,,,
/global/cfs/cdirs/m314/nova2/data/nstxuE204669M03t025/N1/egn01w.5346E+01,nstxuE204669M03t025,1,1,201,14,2.3121607481415967,-0.005889566989612547,scored,tae_like,0.9599976788453745,1.0,0.04,0.05649392306804657,0.04824696153402329,bad,gold_bad,False,False,False,,,
/global/cfs/cdirs/m314/nova2/data/nstxuE204669M03t025/N1/egn01w.5407E+01,nstxuE204669M03t025,1,1,201,14,2.3252971500299693,-0.004877959235021984,scored,tae_like,0.9575025643139037,1.0,0.06666666666666667,0.06949964165687561,0.06808315416177113,bad,gold_bad,False,False,False,,,
/global/cfs/cdirs/m314/nova2/data/nstxuE204669M03t025/N1/egn01w.5468E+01,nstxuE204669M03t025,1,1,201,14,2.3382910659205396,-0.008611333996522546,scored,tae_like,0.9545473719193889,1.0,0.17,0.1681152731180191,0.16905763655900957,bad,gold_bad,False,False,False,,,
/global/cfs/cdirs/m314/nova2/data/nstxuE204669M03t025/N1/egn01w.5528E+01,nstxuE204669M03t025,1,1,201,14,2.3510765420677355,-0.0076142589647876235,scored,tae_like,0.950931115299454,1.0,0.14666666666666667,0.34509795904159546,0.24588231285413106,bad,silver_bad,False,False,False,,,
/global/cfs/cdirs/m314/nova2/data/nstxuE204669M03t025/N1/egn01w.5586E+01,nstxuE204669M03t025,1,1,201,14,2.3635563875833765,-0.012445595580439974,scored,tae_like,0.9464951918758312,1.0,0.06333333333333334,0.44132331013679504,0.2523283217350642,bad,flagged_borderline_or_disagreement,False,True,False,,,
/global/cfs/cdirs/m314/nova2/data/nstxuE204669M03t025/N1/egn01w.5643E+01,nstxuE204669M03t025,1,1,201,14,2.3755893810765256,-0.01268937468853043,scored,tae_like,0.941157713782824,1.0,0.05333333333333334,0.5003997087478638,0.27686652104059856,bad,flagged_borderline_or_disagreement,True,True,True,,,
/global/cfs/cdirs/m314/nova2/data/nstxuE204669M03t025/N1/egn01w.5698E+01,nstxuE204669M03t025,1,1,201,14,2.3870207931349383,-0.014450581562999259,scored,tae_like,0.9349497160796247,1.0,0.07,0.44223615527153015,0.2561180776357651,bad,flagged_borderline_or_disagreement,False,True,False,,,
/global/cfs/cdirs/m314/nova2/data/nstxuE204669M03t025/N1/egn01w.7103E+01,nstxuE204669M03t025,1,1,201,14,2.6651539041975063,0.0,scored,tae_like,0.8056448033033379,1.0,0.006666666666666667,1.842537163041203e-18,0.0033333333333333344,bad,gold_bad,False,False,False,,,
/global/cfs/cdirs/m314/nova2/data/nstxuE204669M03t025/N1/egn01w.7162E+01,nstxuE204669M03t025,1,1,201,14,2.6761382961459006,0.0,scored,tae_like,0.6647379644625153,1.0,0.006666666666666667,4.0691722994617985e-13,0.0033333333335367923,bad,gold_bad,False,False,False,,,
/global/cfs/cdirs/m314/nova2/data/nstxuE204669M03t025/N1/egn01w.7318E+01,nstxuE204669M03t025,1,1,201,14,2.7052452135242846,0.0,scored,tae_like,0.7101598729708842,1.0,0.01,2.6912434947234942e-08,0.005000013456217474,bad,gold_bad,False,False,False,,,
/global/cfs/cdirs/m314/nova2/data/nstxuE204669M03t025/N1/egn01w.9104E+01,nstxuE204669M03t025,1,1,201,14,3.017355312151643,0.0,scored,tae_like,0.7117045645270764,1.0,0.02666666666666667,0.017224622890353203,0.021945644778509937,bad,gold_bad,False,False,False,,,
/global/cfs/cdirs/m314/nova2/data/nstxuE204669M03t025/N1/egn01w.9754E+01,nstxuE204669M03t025,1,1,201,14,3.123065601954566,-1.861006403803483e-05,scored,mixed,0.5632638170417523,0.48363074065921596,0.0033333333333333335,0.01456237118691206,0.008947852260122697,bad,gold_bad,False,False,False,,,
/global/cfs/cdirs/m314/nova2/data/nstxuE204669M03t025/N1/egn01w.9800E+01,nstxuE204669M03t025,1,1,201,14,3.1304216948622865,-3.572842397883265e-05,scored,mixed,0.5290122078704823,0.4445793902433305,0.0033333333333333335,0.0014929651515558362,0.002413149242444585,bad,gold_bad,False,False,False,,,
/global/cfs/cdirs/m314/nova2/data/nstxuE204669M03t025/N1/egn01w.9851E+01,nstxuE204669M03t025,1,1,201,14,3.138620399790369,-6.196623149296452e-05,scored,mixed,0.4087387223475152,0.3093825830534514,0.0,3.086980484567903e-07,1.5434902422839514e-07,bad,gold_bad,False,False,False,,,
/global/cfs/cdirs/m314/nova2/data/nstxuE204669M03t025/N1/egn01w.1001E+02,nstxuE204669M03t025,1,1,201,14,3.1641491013164718,-4.84480591547131e-05,scored,mixed,0.1127771215141767,0.11338475740661734,0.0,0.0006193939479999244,0.0003096969739999622,bad,gold_bad,False,False,False,,,
/global/cfs/cdirs/m314/nova2/data/nstxuE204669M03t025/N1/egn01w.1044E+02,nstxuE204669M03t025,1,1,201,14,3.2303965806471155,-2.9250700903390892e-05,scored,mixed,0.4261509099839401,0.37869250588100845,0.03333333333333333,0.0021185846999287605,0.017725959016631047,bad,gold_bad,False,False,False,,,
/global/cfs/cdirs/m314/nova2/data/nstxuE204669M03t025/N1/egn01w.1052E+02,nstxuE204669M03t025,1,1,201,14,3.24367861636798,-2.8691137901977096e-05,scored,mixed,0.44550364043692375,0.4051949737779141,0.03666666666666667,9.205698006553575e-05,0.0183793618233661,bad,gold_bad,False,False,False,,,
/global/cfs/cdirs/m314/nova2/data/nstxuE204669M03t025/N1/egn01w.1061E+02,nstxuE204669M03t025,1,1,201,14,3.257809837655103,-1.3367590705403551e-05,scored,mixed,0.43487696020452,0.40024223394645553,0.0033333333333333335,8.791184882284142e-06,0.0016710622591078088,bad,gold_bad,False,False,False,,,
/global/cfs/cdirs/m314/nova2/data/nstxuE204669M03t025/N1/egn01w.1071E+02,nstxuE204669M03t025,1,1,201,14,3.272496547809887,-8.345058353040944e-05,scored,mixed,0.41497967867640745,0.3888194723078682,0.0,9.165730716631515e-07,4.5828653583157575e-07,bad,gold_bad,False,False,False,,,
/global/cfs/cdirs/m314/nova2/data/nstxuE204669M03t025/N1/egn01w.1081E+02,nstxuE204669M03t025,1,1,201,14,3.2875280635934456,-0.00018127818844105944,scored,mixed,0.3953934828599895,0.37539762352907924,0.0,7.669635238016781e-07,3.8348176190083905e-07,bad,gold_bad,False,False,False,,,
/global/cfs/cdirs/m314/nova2/data/nstxuE204669M03t025/N1/egn01w.1091E+02,nstxuE204669M03t025,1,1,201,14,3.302751839948453,-0.00018192697371804405,scored,mixed,0.3807471868211139,0.3672349500367582,0.0,8.036239051989469e-08,4.0181195259947344e-08,bad,gold_bad,False,False,False,,,
/global/cfs/cdirs/m314/nova2/data/nstxuE204669M03t025/N1/egn01w.1101E+02,nstxuE204669M03t025,1,1,201,14,3.3180684173482535,-0.0002911586803307673,scored,mixed,0.37409289002667795,0.3666552348099797,0.0,1.6916608558403823e-08,8.458304279201911e-09,bad,gold_bad,False,False,False,,,
/global/cfs/cdirs/m314/nova2/data/nstxuE204669M03t025/N1/egn01w.1131E+02,nstxuE204669M03t025,1,1,201,14,3.3634468896417538,-0.00025690803875810553,scored,mixed,0.39779335933537696,0.4125094964602075,0.0,8.010030796867795e-06,4.005015398433898e-06,bad,gold_bad,False,False,False,,,
/global/cfs/cdirs/m314/nova2/data/nstxuE204669M03t025/N1/egn01w.1141E+02,nstxuE204669M03t025,1,1,201,14,3.3772634192678836,-0.0002964991267960902,scored,mixed,0.335260778413644,0.37832883567874365,0.0,0.002042539184913039,0.0010212695924565196,bad,gold_bad,False,False,False,,,
/global/cfs/cdirs/m314/nova2/data/nstxuE204669M03t025/N1/egn01w.1149E+02,nstxuE204669M03t025,1,1,201,14,3.3893445920974545,-3.6814672721935277e-05,scored,mixed,0.08960013520240313,0.2307805684550656,0.0,0.004065462853759527,0.0020327314268797636,bad,gold_bad,False,False,False,,,
/global/cfs/cdirs/m314/nova2/data/nstxuE204669M03t025/N1/egn01w.1565E+02,nstxuE204669M03t025,1,1,201,14,3.955492906897085,-3.0834692427490836e-05,scored,mixed,0.059008638455246565,0.3921681394043242,0.0033333333333333335,0.03895817697048187,0.021145755151907603,bad,gold_bad,False,False,False,,,
/global/cfs/cdirs/m314/nova2/data/nstxuE204669M03t025/N1/egn01w.3425E+02,nstxuE204669M03t025,1,1,201,14,5.852255982288954,-0.0001931342384867928,scored,tae_like,0.13266805509263477,0.8610509385116402,0.04666666666666667,0.00033189725945703685,0.023499281963061853,bad,gold_bad,False,False,False,,,
/global/cfs/cdirs/m314/nova2/data/nstxuE204669M03t025/N1/egn01w.3485E+02,nstxuE204669M03t025,1,1,201,14,5.903811108813751,-0.00010538640747615233,scored,mixed,-0.08979572036175867,0.36320416706858455,0.03333333333333333,0.004821169190108776,0.019077251261721054,bad,gold_bad,False,False,False,,,
/global/cfs/cdirs/m314/nova2/data/nstxuE204669M03t025/N2/egn02w.4446E+01,nstxuE204669M03t025,2,2,201,25,2.1085125551707056,-0.0033410020904400587,scored,tae_like,0.9786602318713953,1.0,0.016666666666666666,0.022351382300257683,0.019509024483462173,bad,gold_bad,False,False,False,,,
/global/cfs/cdirs/m314/nova2/data/nstxuE204669M03t025/N2/egn02w.4506E+01,nstxuE204669M03t025,2,2,201,25,2.1227127662676493,-0.002986693173826924,scored,tae_like,0.9763469518467646,1.0,0.016666666666666666,0.02920828014612198,0.02293747340639432,bad,gold_bad,False,False,False,,,
/global/cfs/cdirs/m314/nova2/data/nstxuE204669M03t025/N2/egn02w.4566E+01,nstxuE204669M03t025,2,2,201,25,2.1368757384236954,-0.004153037472515837,scored,tae_like,0.9740197599605598,1.0,0.02,0.004838723689317703,0.012419361844658852,bad,gold_bad,False,False,False,,,
/global/cfs/cdirs/m314/nova2/data/nstxuE204669M03t025/N2/egn02w.4627E+01,nstxuE204669M03t025,2,2,201,25,2.150996233484339,-0.003660206025710725,scored,tae_like,0.9717372860261514,1.0,0.023333333333333334,0.015068269334733486,0.01920080133403341,bad,gold_bad,False,False,False,,,
/global/cfs/cdirs/m314/nova2/data/nstxuE204669M03t025/N2/egn02w.4688E+01,nstxuE204669M03t025,2,2,201,25,2.165072115096649,-0.004187996180202004,scored,tae_like,0.9695216222721141,1.0,0.03,0.002524222480133176,0.016262111240066587,bad,gold_bad,False,False,False,,,
/global/cfs/cdirs/m314/nova2/data/nstxuE204669M03t025/N2/egn02w.4749E+01,nstxuE204669M03t025,2,2,201,25,2.1791101444839267,-0.00386424063856134,scored,tae_like,0.9673771730671178,1.0,0.02,0.004950256552547216,0.012475128276273608,bad,gold_bad,False,False,False,,,
/global/cfs/cdirs/m314/nova2/data/nstxuE204669M03t025/N2/egn02w.4810E+01,nstxuE204669M03t025,2,2,201,25,2.1931051894794527,-0.003890112101343921,scored,tae_like,0.965299485499297,1.0,0.01,0.0003534057177603245,0.005176702858880162,bad,gold_bad,False,False,False,,,
/global/cfs/cdirs/m314/nova2/data/nstxuE204669M03t025/N2/egn02w.4871E+01,nstxuE204669M03t025,2,2,201,25,2.2070638897796035,-0.0037958445111113933,scored,tae_like,0.9632808063273252,1.0,0.01,0.003693242557346821,0.0068466212786734105,bad,gold_bad,False,False,False,,,
/global/cfs/cdirs/m314/nova2/data/nstxuE204669M03t025/N2/egn02w.4933E+01,nstxuE204669M03t025,2,2,201,25,2.220984037904884,-0.003484991024297191,scored,tae_like,0.9613053574827275,1.0,0.01,0.0002644709893502295,0.005132235494675115,bad,gold_bad,False,False,False,,,
/global/cfs/cdirs/m314/nova2/data/nstxuE204669M03t025/N2/egn02w.7509E+01,nstxuE204669M03t025,2,2,201,25,2.7402483912755344,-0.0003802030764350166,scored,tae_like,0.5054106331874452,1.0,0.03,9.405921446159482e-05,0.015047029607230797,bad,gold_bad,False,False,False,,,
/global/cfs/cdirs/m314/nova2/data/nstxuE204669M03t025/N2/egn02w.7610E+01,nstxuE204669M03t025,2,2,201,25,2.75861529894958,-0.00015927191973358863,scored,tae_like,0.4468648948549006,1.0,0.016666666666666666,2.6873303227148426e-07,0.008333467699849469,bad,gold_bad,False,False,False,,,
/global/cfs/cdirs/m314/nova2/data/nstxuE204669M03t025/N2/egn02w.7702E+01,nstxuE204669M03t025,2,2,201,25,2.7752129000537953,-0.0,scored,tae_like,0.5418721975384658,1.0,0.006666666666666667,6.962721631892377e-12,0.003333333336814694,bad,gold_bad,False,False,False,,,
/global/cfs/cdirs/m314/nova2/data/nstxuE204669M03t025/N2/egn02w.7803E+01,nstxuE204669M03t025,2,2,201,25,2.7934097174432853,-0.0,scored,tae_like,0.7302096548883995,1.0,0.03,0.00032572669442743063,0.015162863347213715,bad,gold_bad,False,False,False,,,
/global/cfs/cdirs/m314/nova2/data/nstxuE204669M03t025/N2/egn02w.7847E+01,nstxuE204669M03t025,2,2,201,25,2.8011865840716306,-0.0,scored,tae_like,0.7877935544098034,1.0,0.04,0.0004230471095070243,0.020211523554753513,bad,gold_bad,False,False,False,,,
/global/cfs/cdirs/m314/nova2/data/nstxuE204669M03t025/N2/egn02w.7927E+01,nstxuE204669M03t025,2,2,201,25,2.8155214946802616,-0.0,scored,tae_like,0.8269480911848679,1.0,0.04,4.1050660115615756e-07,0.02000020525330058,bad,gold_bad,False,False,False,,,
/global/cfs/cdirs/m314/nova2/data/nstxuE204669M03t025/N2/egn02w.8249E+01,nstxuE204669M03t025,2,2,201,25,2.872047343205164,-0.0,scored,tae_like,0.9329352882445429,1.0,0.44,0.009016504511237144,0.22450825225561857,bad,flagged_borderline_or_disagreement,False,True,True,,,
/global/cfs/cdirs/m314/nova2/data/nstxuE204669M03t025/N2/egn02w.9006E+01,nstxuE204669M03t025,2,2,201,25,3.001013654819729,-2.0297998662409925e-06,scored,mixed,0.1780065262870103,0.11443050919372054,0.013333333333333334,0.00013015710283070803,0.006731745218082021,bad,gold_bad,False,False,False,,,
/global/cfs/cdirs/m314/nova2/data/nstxuE204669M03t025/N2/egn02w.9225E+01,nstxuE204669M03t025,2,2,201,25,3.0373129308054767,-0.00010453235105537117,scored,tae_like,0.593835925978276,0.5999855383245256,0.0,2.545966481193318e-06,1.272983240596659e-06,bad,gold_bad,False,False,False,,,
/global/cfs/cdirs/m314/nova2/data/nstxuE204669M03t025/N2/egn02w.9291E+01,nstxuE204669M03t025,2,2,201,25,3.0481028227828175,-0.0002295684282845241,scored,tae_like,0.633202994961384,0.6689543279224753,0.0,0.000126593658933416,6.3296829466708e-05,bad,gold_bad,False,False,False,,,
/global/cfs/cdirs/m314/nova2/data/nstxuE204669M03t025/N2/egn02w.2918E+02,nstxuE204669M03t025,2,2,201,25,5.4018064336581455,-1.492011627769636e-05,scored,tae_like,0.3233301829709343,0.9665626013629727,0.03666666666666667,0.1228603795170784,0.07976352309187254,bad,gold_bad,False,False,False,,,
/global/cfs/cdirs/m314/nova2/data/nstxuE204669M03t025/N2/egn02w.3307E+02,nstxuE204669M03t025,2,2,201,25,5.750798178296647,-0.00047657774387189323,scored,tae_like,0.20812579896132646,0.8545122008510849,0.03,0.00027579269954003394,0.015137896349770016,bad,gold_bad,False,False,False,,,
/global/cfs/cdirs/m314/nova2/data/nstxuE204669M03t025/N2/egn02w.3365E+02,nstxuE204669M03t025,2,2,201,25,5.801226156405487,-6.0468160423858406e-05,scored,tae_like,0.589452654283789,0.7680647695265369,0.03,0.015472412109375,0.0227362060546875,bad,gold_bad,False,False,False,,,
/global/cfs/cdirs/m314/nova2/data/nstxuE204669M03t025/N2/egn02w.3391E+02,nstxuE204669M03t025,2,2,201,25,5.822848209119605,-6.317022687885372e-05,scored,tae_like,0.256556899277934,0.6966396626450166,0.013333333333333334,0.0007318310672417283,0.007032582200287531,bad,gold_bad,False,False,False,,,
/global/cfs/cdirs/m314/nova2/data/nstxuE204669M03t025/N3/egn03w.4502E+01,nstxuE204669M03t025,3,3,201,35,2.121753094610711,-0.0015417178487967026,scored,tae_like,0.9812165930866089,1.0,0.05,0.06346172839403152,0.056730864197015764,bad,gold_bad,False,False,False,,,
/global/cfs/cdirs/m314/nova2/data/nstxuE204669M03t025/N3/egn03w.5337E+01,nstxuE204669M03t025,3,3,201,35,2.3101814813045527,-0.0023346682898039437,scored,tae_like,0.9693984126134498,1.0,0.09666666666666666,0.09771648794412613,0.0971915773053964,bad,gold_bad,False,False,False,,,
/global/cfs/cdirs/m314/nova2/data/nstxuE204669M03t025/N3/egn03w.5403E+01,nstxuE204669M03t025,3,3,201,35,2.324329905292032,-0.0020994371087866425,scored,tae_like,0.9689607856029109,1.0,0.11,0.08603920042514801,0.098019600212574,bad,gold_bad,False,False,False,,,
/global/cfs/cdirs/m314/nova2/data/nstxuE204669M03t025/N3/egn03w.7689E+01,nstxuE204669M03t025,3,3,201,35,2.7729895626037266,-0.0,scored,tae_like,0.6675174335910916,1.0,0.0033333333333333335,5.597762356046587e-05,0.0016946554784468997,bad,gold_bad,False,False,False,,,
/global/cfs/cdirs/m314/nova2/data/nstxuE204669M03t025/N3/egn03w.7750E+01,nstxuE204669M03t025,3,3,201,35,2.7838346395151548,-0.0,scored,tae_like,0.564293794409943,1.0,0.006666666666666667,5.166019168001412e-09,0.0033333359163429175,bad,gold_bad,False,False,False,,,
/global/cfs/cdirs/m314/nova2/data/nstxuE204669M03t025/N3/egn03w.7867E+01,nstxuE204669M03t025,3,3,201,35,2.804890564962289,-0.0,scored,tae_like,0.562212782112147,1.0,0.07333333333333333,0.5389842391014099,0.30615878621737164,bad,flagged_borderline_or_disagreement,True,True,True,,,
/global/cfs/cdirs/m314/nova2/data/nstxuE204669M03t025/N3/egn03w.8010E+01,nstxuE204669M03t025,3,3,201,35,2.830124329639442,-0.0,scored,tae_like,0.9224749890735303,1.0,0.0,3.5511922488085546e-17,1.7755961244042773e-17,bad,gold_bad,False,False,False,,,
/global/cfs/cdirs/m314/nova2/data/nstxuE204669M03t025/N3/egn03w.9617E+01,nstxuE204669M03t025,3,3,201,35,3.1011288101599304,-4.8060772409422315e-05,scored,tae_like,0.6189237492773502,0.8846922069052157,0.023333333333333334,0.3192121386528015,0.17127273599306742,bad,silver_bad,False,False,False,,,
/global/cfs/cdirs/m314/nova2/data/nstxuE204669M03t025/N3/egn03w.9634E+01,nstxuE204669M03t025,3,3,201,35,3.1038498914813326,-0.0012302399888117876,scored,tae_like,0.6205332714711546,0.8928189037192451,0.04,0.4836040735244751,0.26180203676223757,bad,flagged_borderline_or_disagreement,False,True,True,,,
/global/cfs/cdirs/m314/nova2/data/nstxuE204669M03t025/N3/egn03w.2984E+02,nstxuE204669M03t025,3,3,201,35,5.463049660711017,-0.00022709960843659177,scored,tae_like,0.6620346101807603,0.9437388798603028,0.006666666666666667,0.3560636639595032,0.18136516531308491,bad,silver_bad,False,False,False,,,
/global/cfs/cdirs/m314/nova2/data/nstxuE204669M03t025/N3/egn03w.3046E+02,nstxuE204669M03t025,3,3,201,35,5.519033863475039,-8.414935181302353e-06,scored,tae_like,0.6214854627778512,0.888152006633415,0.006666666666666667,0.07134906202554703,0.03900786434610685,bad,gold_bad,False,False,False,,,
/global/cfs/cdirs/m314/nova2/data/nstxuE204669M03t025/N3/egn03w.3084E+02,nstxuE204669M03t025,3,3,201,35,5.553366059320762,-0.00011870623787093857,scored,tae_like,0.39232425570325097,0.9530394784838453,0.0033333333333333335,0.1355399489402771,0.06943664113680521,bad,gold_bad,False,False,False,,,
/global/cfs/cdirs/m314/nova2/data/nstxuE204669M03t025/N3/egn03w.3347E+02,nstxuE204669M03t025,3,3,201,35,5.785682866659098,-0.004411590432558675,scored,tae_like,0.5745161239993256,0.8410649437900775,0.02,7.491432825190714e-07,0.01000037457164126,bad,gold_bad,False,False,False,,,
/global/cfs/cdirs/m314/nova2/data/nstxuE204669M03t025/N4/egn04w.7170E+01,nstxuE204669M03t025,4,4,201,46,2.6776311495780725,-0.0,scored,tae_like,0.7848020493144476,1.0,0.32666666666666666,0.7244463562965393,0.525556511481603,bad,flagged_borderline_or_disagreement,True,False,False,,,
/global/cfs/cdirs/m314/nova2/data/nstxuE204669M03t025/N4/egn04w.7212E+01,nstxuE204669M03t025,4,4,201,46,2.6855710450467365,-0.0,scored,tae_like,0.9965283351512753,1.0,0.0033333333333333335,6.22635787727609e-17,0.001666666666666698,bad,gold_bad,False,False,False,,,
/global/cfs/cdirs/m314/nova2/data/nstxuE204669M03t025/N4/egn04w.7420E+01,nstxuE204669M03t025,4,4,201,46,2.7240368476826617,-0.0,scored,tae_like,0.9994316573709802,1.0,0.02,9.049669515278844e-15,0.010000000000004524,bad,gold_bad,False,False,False,,,
/global/cfs/cdirs/m314/nova2/data/nstxuE204669M03t025/N4/egn04w.7677E+01,nstxuE204669M03t025,4,4,201,46,2.7707273405891373,-0.0,scored,tae_like,0.9523655418717939,1.0,0.49,0.7561677098274231,0.6230838549137115,bad,flagged_borderline_or_disagreement,True,True,False,,,
/global/cfs/cdirs/m314/nova2/data/nstxuE204669M03t025/N4/egn04w.8339E+01,nstxuE204669M03t025,4,4,201,46,2.8877083436171405,-0.0,scored,tae_like,0.998650054325985,1.0,0.06,1.8740393958882606e-10,0.03000000009370197,bad,gold_bad,False,False,False,,,
/global/cfs/cdirs/m314/nova2/data/nstxuE204669M03t025/N4/egn04w.9176E+01,nstxuE204669M03t025,4,4,201,46,3.029136963599273,-0.0,scored,tae_like,0.8231831727447058,1.0,0.0,0.051293715834617615,0.025646857917308807,bad,gold_bad,False,False,False,,,
/global/cfs/cdirs/m314/nova2/data/nstxuE204669M03t025/N4/egn04w.1002E+02,nstxuE204669M03t025,4,4,201,46,3.165687833844121,-9.206087004815753e-07,scored,mixed,0.38767106083393504,0.4525152133545927,0.0,3.041082739362738e-14,1.520541369681369e-14,bad,gold_bad,False,False,False,,,
/global/cfs/cdirs/m314/nova2/data/nstxuE204669M03t025/N4/egn04w.1007E+02,nstxuE204669M03t025,4,4,201,46,3.172985610593418,-1.3851647908822545e-07,scored,mixed,-0.056498851177882836,0.13256415402586894,0.006666666666666667,3.394806658008065e-10,0.0033333335030736664,bad,gold_bad,False,False,False,,,
/global/cfs/cdirs/m314/nova2/data/nstxuE204669M03t025/N4/egn04w.1691E+02,nstxuE204669M03t025,4,4,201,46,4.112465380393401,-5.794050802731029e-07,scored,tae_like,0.9682417142245362,0.9966462983857984,0.42,0.723874032497406,0.571937016248703,bad,flagged_borderline_or_disagreement,True,True,False,,,
/global/cfs/cdirs/m314/nova2/data/nstxuE204669M03t025/N4/egn04w.2546E+02,nstxuE204669M03t025,4,4,201,46,5.046051800632952,-0.014673344383913796,scored,mixed,-0.23912625245131022,0.48014467943910105,0.05,0.6909071207046509,0.37045356035232546,bad,flagged_borderline_or_disagreement,True,False,True,,,
/global/cfs/cdirs/m314/nova2/data/nstxuE204669M03t025/N4/egn04w.2718E+02,nstxuE204669M03t025,4,4,201,46,5.2139100626542625,-0.0003243143468078756,scored,tae_like,0.20331542097369795,0.8853743742804767,0.0033333333333333335,0.20636682212352753,0.10485007772843043,bad,silver_bad,False,False,False,,,
/global/cfs/cdirs/m314/nova2/data/nstxuE204669M03t025/N4/egn04w.2978E+02,nstxuE204669M03t025,4,4,201,46,5.456902580496223,-0.00035589348909023866,scored,tae_like,0.7475090262393248,0.9301047124085454,0.006666666666666667,0.09927420318126678,0.052970434923966726,bad,gold_bad,False,False,False,,,
/global/cfs/cdirs/m314/nova2/data/nstxuE204669M03t025/N4/egn04w.3063E+02,nstxuE204669M03t025,4,4,201,46,5.534239453821714,-0.00014630579336313764,scored,tae_like,0.7449414374788647,0.8775088976584055,0.013333333333333334,0.014680998399853706,0.014007165866593521,bad,gold_bad,False,False,False,,,
/global/cfs/cdirs/m314/nova2/data/nstxuE204669M03t025/N5/egn05w.6875E+01,nstxuE204669M03t025,5,5,201,57,2.6219569415085737,-0.0,scored,tae_like,0.9040999192729574,1.0,0.016666666666666666,6.400528491212754e-06,0.00833653359757894,bad,gold_bad,False,False,False,,,
/global/cfs/cdirs/m314/nova2/data/nstxuE204669M03t025/N5/egn05w.6948E+01,nstxuE204669M03t025,5,5,201,57,2.635969892439722,-0.0,scored,tae_like,0.8031411819778886,1.0,0.06333333333333334,0.2173922061920166,0.14036276976267498,bad,silver_bad,False,False,False,,,
/global/cfs/cdirs/m314/nova2/data/nstxuE204669M03t025/N5/egn05w.7038E+01,nstxuE204669M03t025,5,5,201,57,2.652923129447322,-0.0,scored,tae_like,0.9980795952189434,1.0,0.05,1.0328271003929327e-36,0.025,bad,gold_bad,False,False,False,,,
/global/cfs/cdirs/m314/nova2/data/nstxuE204669M03t025/N5/egn05w.7072E+01,nstxuE204669M03t025,5,5,201,57,2.6593765461681436,-0.0,scored,tae_like,0.7499974665882587,1.0,0.21666666666666667,0.6897413730621338,0.45320401986440023,bad,flagged_borderline_or_disagreement,True,False,True,,,
/global/cfs/cdirs/m314/nova2/data/nstxuE204669M03t025/N5/egn05w.7888E+01,nstxuE204669M03t025,5,5,201,57,2.8085805108666073,-0.0,scored,tae_like,0.9761878783952399,1.0,0.056666666666666664,6.803294516963656e-17,0.028333333333333367,bad,gold_bad,False,False,False,,,
/global/cfs/cdirs/m314/nova2/data/nstxuE204669M03t025/N5/egn05w.9563E+01,nstxuE204669M03t025,5,5,201,57,3.0924360081719,-0.0,scored,tae_like,0.7334137691656545,1.0,0.06,0.015395179390907288,0.03769758969545364,bad,gold_bad,False,False,False,,,
/global/cfs/cdirs/m314/nova2/data/nstxuE204669M03t025/N5/egn05w.1736E+02,nstxuE204669M03t025,5,5,201,57,4.166989365245105,-4.077940786870489e-06,scored,tae_like,0.9788111445986577,0.9966954403242437,0.4533333333333333,0.8071306943893433,0.6302320138613383,bad,flagged_borderline_or_disagreement,True,True,False,,,
/global/cfs/cdirs/m314/nova2/data/nstxuE204669M03t025/N5/egn05w.2048E+02,nstxuE204669M03t025,5,5,201,57,4.525547114532703,-0.0010977214857032622,scored,tae_like,0.9476912807982638,0.9922257419556357,0.023333333333333334,0.715010404586792,0.36917186896006265,bad,flagged_borderline_or_disagreement,True,False,True,,,
/global/cfs/cdirs/m314/nova2/data/nstxuE204669M03t025/N5/egn05w.2759E+02,nstxuE204669M03t025,5,5,201,57,5.252469461508459,-0.0007403686858923852,scored,tae_like,0.6055580776450366,0.8992908176599058,0.01,0.17749924957752228,0.09374962478876114,bad,gold_bad,False,False,False,,,
/global/cfs/cdirs/m314/nova2/data/nstxuE204669M03t025/N5/egn05w.2835E+02,nstxuE204669M03t025,5,5,201,57,5.324293218167678,-8.9212306200995e-05,scored,tae_like,0.6307072879324581,0.849296713986267,0.006666666666666667,0.09099877625703812,0.04883272146185239,bad,gold_bad,False,False,False,,,
/global/cfs/cdirs/m314/nova2/data/nstxuE204669M03t025/N5/egn05w.3008E+02,nstxuE204669M03t025,5,5,201,57,5.484130626959269,-0.0002370928272002989,scored,tae_like,0.8028568111538388,0.889583010672392,0.013333333333333334,0.010838531889021397,0.012085932611177366,bad,gold_bad,False,False,False,,,
/global/cfs/cdirs/m314/nova2/data/nstxuE204669M03t025/N6/egn06w.3112E+01,nstxuE204669M03t025,6,6,201,67,1.764140291860819,-0.00033690534343853073,scored,tae_like,0.9884664597569787,1.0,0.02666666666666667,4.6914432459743693e-05,0.013356790549563206,bad,gold_bad,False,False,False,,,
/global/cfs/cdirs/m314/nova2/data/nstxuE204669M03t025/N6/egn06w.6696E+01,nstxuE204669M03t025,6,6,201,67,2.5877124364548103,-0.0008020776394093522,scored,tae_like,0.9571207494488472,1.0,0.10333333333333333,0.02008575014770031,0.06170954174051682,bad,gold_bad,False,False,False,,,
/global/cfs/cdirs/m314/nova2/data/nstxuE204669M03t025/N6/egn06w.7503E+01,nstxuE204669M03t025,6,6,201,67,2.7391602864446476,-1.677749085132018e-08,scored,tae_like,0.826765386773253,1.0,0.02,6.287654865457991e-31,0.01,bad,gold_bad,False,False,False,,,
/global/cfs/cdirs/m314/nova2/data/nstxuE204669M03t025/N6/egn06w.2005E+02,nstxuE204669M03t025,6,6,201,67,4.478252341910734,-6.603988638772263e-05,scored,tae_like,0.9698661493134074,0.9975724393206963,0.25333333333333335,0.7162509560585022,0.4847921446959178,bad,flagged_borderline_or_disagreement,True,False,True,,,
/global/cfs/cdirs/m314/nova2/data/nstxuE204669M03t025/N6/egn06w.2293E+02,nstxuE204669M03t025,6,6,201,67,4.788071866182014,-0.8106489288882628,scored,tae_like,0.9070345966216907,0.9752409630871488,0.02,0.5697852969169617,0.29489264845848084,bad,flagged_borderline_or_disagreement,True,True,True,,,
/global/cfs/cdirs/m314/nova2/data/nstxuE204669M03t025/N6/egn06w.2789E+02,nstxuE204669M03t025,6,6,201,67,5.280771155495242,-0.000557503133602166,scored,tae_like,0.7368348196868997,0.8742761554893241,0.0,0.1332704722881317,0.06663523614406586,bad,gold_bad,False,False,False,,,
/global/cfs/cdirs/m314/nova2/data/nstxuE204669M03t025/N6/egn06w.2881E+02,nstxuE204669M03t025,6,6,201,67,5.367060192985691,-0.00014222132492872246,scored,tae_like,0.7537010399554357,0.8359955809657175,0.0033333333333333335,0.0008463890408165753,0.0020898611870749546,bad,gold_bad,False,False,False,,,
/global/cfs/cdirs/m314/nova2/data/nstxuE204669M03t025/N6/egn06w.3080E+02,nstxuE204669M03t025,6,6,201,67,5.5501535436916205,-0.015839295607661896,scored,tae_like,0.016863635758880075,0.5724603233099632,0.01,0.11063995212316513,0.06031997606158256,bad,gold_bad,False,False,False,,,
/global/cfs/cdirs/m314/nova2/data/nstxuE204669M03t025/N7/egn07w.6640E+01,nstxuE204669M03t025,7,7,201,78,2.5769096018714164,-3.891973371876248e-05,scored,tae_like,0.9528720481948799,1.0,0.043333333333333335,0.0038782746996730566,0.023605804016503196,bad,gold_bad,False,False,False,,,
/global/cfs/cdirs/m314/nova2/data/nstxuE204669M03t025/N7/egn07w.7397E+01,nstxuE204669M03t025,7,7,201,78,2.719825955423628,-3.64000636751281e-05,scored,tae_like,0.6179088690779277,1.0,0.01,4.235100277583115e-05,0.005021175501387916,bad,gold_bad,False,False,False,,,
/global/cfs/cdirs/m314/nova2/data/nstxuE204669M03t025/N7/egn07w.2049E+02,nstxuE204669M03t025,7,7,201,78,4.527085768017528,-0.00018658540472032116,scored,tae_like,0.9781385451556203,0.9969192822953893,0.25333333333333335,0.7365853786468506,0.494959355990092,bad,flagged_borderline_or_disagreement,True,False,True,,,
/global/cfs/cdirs/m314/nova2/data/nstxuE204669M03t025/N7/egn07w.2716E+02,nstxuE204669M03t025,7,7,201,78,5.211523913090156,-0.00018286277497091025,scored,tae_like,-0.2458204834633869,0.5237278148054574,0.01,0.030339891090989113,0.020169945545494557,bad,gold_bad,False,False,False,,,
/global/cfs/cdirs/m314/nova2/data/nstxuE204669M03t025/N7/egn07w.3222E+02,nstxuE204669M03t025,7,7,201,78,5.675941660513489,-0.010656878567935244,scored,tae_like,0.02324774659908738,0.6191175801798741,0.023333333333333334,0.13638362288475037,0.07985847810904186,bad,gold_bad,False,False,False,,,
/global/cfs/cdirs/m314/nova2/data/nstxuE204669M03t025/N7/egn07w.3388E+02,nstxuE204669M03t025,7,7,201,78,5.820835315180064,-0.0017973001989181124,scored,tae_like,0.41006185945841817,0.9152922867606874,0.02,0.23675204813480377,0.1283760240674019,bad,silver_bad,False,False,False,,,
/global/cfs/cdirs/m314/nova2/data/nstxuE204669M03t025/N8/egn08w.6607E+01,nstxuE204669M03t025,8,8,201,89,2.570439101625337,-9.056150918758145e-09,scored,tae_like,0.8633584185091321,1.0,0.013333333333333334,1.8666605683392845e-05,0.0066759999695083635,bad,gold_bad,False,False,False,,,
/global/cfs/cdirs/m314/nova2/data/nstxuE204669M03t025/N8/egn08w.2270E+02,nstxuE204669M03t025,8,8,201,89,4.764952767514569,-5.630626163263547e-05,scored,tae_like,0.9642568882686263,0.991841936927944,0.08,0.7667818069458008,0.42339090347290037,bad,flagged_borderline_or_disagreement,True,False,True,,,
/global/cfs/cdirs/m314/nova2/data/nstxuE204669M03t025/N8/egn08w.2505E+02,nstxuE204669M03t025,8,8,201,89,5.0049887735493765,-8.866174750258388e-05,scored,tae_like,0.08829975279458233,0.6589865646499663,0.15666666666666668,0.9227498173713684,0.5397082420190176,bad,flagged_borderline_or_disagreement,True,False,True,,,
/global/cfs/cdirs/m314/nova2/data/nstxuE204669M03t025/N8/egn08w.3282E+02,nstxuE204669M03t025,8,8,201,89,5.728688875611299,-0.00011892224271810063,scored,mixed,-0.7101520709587127,0.40408543158861004,0.0,1.206959652797495e-19,6.034798263987475e-20,bad,gold_bad,False,False,False,,,
/global/cfs/cdirs/m314/nova2/data/nstxuE204669M03t025/N9/egn09w.3101E+01,nstxuE204669M03t025,9,9,201,99,1.7609343623004783,-6.373240480610283e-05,scored,tae_like,0.9412601379165584,1.0,0.03666666666666667,1.1579248848647694e-07,0.018333391229577577,bad,gold_bad,False,False,False,,,
/global/cfs/cdirs/m314/nova2/data/nstxuE204669M03t025/N9/egn09w.3299E+01,nstxuE204669M03t025,9,9,201,99,1.8163097296794646,-2.3897752486681508e-05,scored,tae_like,0.9777500162152791,1.0,0.0,1.5187762885445627e-13,7.593881442722814e-14,bad,gold_bad,False,False,False,,,
/global/cfs/cdirs/m314/nova2/data/nstxuE204669M03t025/N9/egn09w.3319E+01,nstxuE204669M03t025,9,9,201,99,1.821794806734665,-0.0015615853210541937,scored,tae_like,0.980249392215731,1.0,0.013333333333333334,7.962715903309103e-11,0.006666666706480247,bad,gold_bad,False,False,False,,,
/global/cfs/cdirs/m314/nova2/data/nstxuE204669M03t025/N9/egn09w.3513E+01,nstxuE204669M03t025,9,9,201,99,1.8741668242050011,-7.098312105519572e-05,scored,tae_like,0.9493297564096521,1.0,0.016666666666666666,1.5601030156631168e-07,0.008333411338484116,bad,gold_bad,False,False,False,,,
/global/cfs/cdirs/m314/nova2/data/nstxuE204669M03t025/N9/egn09w.3799E+01,nstxuE204669M03t025,9,9,201,99,1.9490348620543687,-2.8308599411889475e-05,scored,tae_like,0.8669140864873678,1.0,0.016666666666666666,2.018769151845845e-07,0.008333434271790926,bad,gold_bad,False,False,False,,,
/global/cfs/cdirs/m314/nova2/data/nstxuE204669M03t025/N9/egn09w.4599E+01,nstxuE204669M03t025,9,9,201,99,2.144591803322555,-2.3037058272853126e-06,scored,tae_like,0.8856975306191507,1.0,0.04,4.562182311929064e-07,0.020000228109115597,bad,gold_bad,False,False,False,,,
/global/cfs/cdirs/m314/nova2/data/nstxuE204669M03t025/N9/egn09w.5601E+01,nstxuE204669M03t025,9,9,201,99,2.366604306526074,-9.452843528995915e-05,scored,tae_like,0.9319884571642956,1.0,0.013333333333333334,1.3778604993075483e-11,0.00666666667355597,bad,gold_bad,False,False,False,,,
/global/cfs/cdirs/m314/nova2/data/nstxuE204669M03t025/N9/egn09w.6642E+01,nstxuE204669M03t025,9,9,201,99,2.57717885350001,-2.8967839197355585e-06,scored,tae_like,0.9205829567698491,1.0,0.08,3.474163179362222e-07,0.04000017370815897,bad,gold_bad,False,False,False,,,
/global/cfs/cdirs/m314/nova2/data/nstxuE204669M03t025/N9/egn09w.6690E+01,nstxuE204669M03t025,9,9,201,99,2.586550228529101,-2.4399781621810916e-08,scored,tae_like,0.9129626452802327,1.0,0.05,2.7327803309162846e-07,0.025000136639016547,bad,gold_bad,False,False,False,,,
/global/cfs/cdirs/m314/nova2/data/nstxuE204669M03t025/N9/egn09w.6820E+01,nstxuE204669M03t025,9,9,201,99,2.611517202920806,-2.1601298477826504e-08,scored,tae_like,0.8758871325174407,1.0,0.03,4.498722141338396e-12,0.01500000000224936,bad,gold_bad,False,False,False,,,
/global/cfs/cdirs/m314/nova2/data/nstxuE204669M03t025/N9/egn09w.6853E+01,nstxuE204669M03t025,9,9,201,99,2.6177389197185432,-5.346055045121463e-10,scored,tae_like,0.8702444794317099,1.0,0.04,4.0334149215004444e-11,0.020000000020167073,bad,gold_bad,False,False,False,,,
/global/cfs/cdirs/m314/nova2/data/nstxuE204669M03t025/N9/egn09w.7015E+01,nstxuE204669M03t025,9,9,201,99,2.6486331388306383,-0.0,scored,tae_like,0.7465638469445555,1.0,0.03,0.00037841597804799676,0.015189207989023998,bad,gold_bad,False,False,False,,,
/global/cfs/cdirs/m314/nova2/data/nstxuE204669M03t025/N9/egn09w.7093E+01,nstxuE204669M03t025,9,9,201,99,2.6631764375768396,-0.0,scored,tae_like,0.910466934194663,1.0,0.48,0.0015212144935503602,0.24076060724677517,bad,flagged_borderline_or_disagreement,False,True,True,,,
/global/cfs/cdirs/m314/nova2/data/nstxuE204669M03t025/N9/egn09w.7310E+01,nstxuE204669M03t025,9,9,201,99,2.703639287857883,-0.0,scored,tae_like,0.8368936172108282,1.0,0.24666666666666667,0.18516071140766144,0.21591368903716407,bad,silver_bad,False,False,False,,,
/global/cfs/cdirs/m314/nova2/data/nstxuE204669M03t025/N9/egn09w.7326E+01,nstxuE204669M03t025,9,9,201,99,2.7067030244072816,-0.0,scored,tae_like,0.9989905307038122,1.0,0.06,7.463796573244417e-28,0.03,bad,gold_bad,False,False,False,,,
/global/cfs/cdirs/m314/nova2/data/nstxuE204669M03t025/N9/egn09w.7411E+01,nstxuE204669M03t025,9,9,201,99,2.722314568107488,-0.0,scored,tae_like,0.842784276222062,1.0,0.31666666666666665,0.4896948039531708,0.4031807353099187,bad,flagged_borderline_or_disagreement,False,True,False,,,
/global/cfs/cdirs/m314/nova2/data/nstxuE204669M03t025/N9/egn09w.7448E+01,nstxuE204669M03t025,9,9,201,99,2.7290888753644786,-0.0,scored,tae_like,0.9991457430590485,1.0,0.006666666666666667,2.2273658052870796e-22,0.0033333333333333335,bad,gold_bad,False,False,False,,,
/global/cfs/cdirs/m314/nova2/data/nstxuE204669M03t025/N9/egn09w.7539E+01,nstxuE204669M03t025,9,9,201,99,2.7457900827364687,-0.0,scored,tae_like,0.8088229345042003,1.0,0.31333333333333335,0.5405281782150269,0.4269307557741801,bad,flagged_borderline_or_disagreement,True,True,False,,,
/global/cfs/cdirs/m314/nova2/data/nstxuE204669M03t025/N9/egn09w.8312E+01,nstxuE204669M03t025,9,9,201,99,2.883103657205337,-0.0,scored,tae_like,0.9422143426019348,1.0,0.01,4.099979642737726e-19,0.005,bad,gold_bad,False,False,False,,,
/global/cfs/cdirs/m314/nova2/data/nstxuE204669M03t025/N9/egn09w.9372E+01,nstxuE204669M03t025,9,9,201,99,3.061395057785833,-0.0,scored,tae_like,0.7383117231712033,1.0,0.043333333333333335,0.19946222007274628,0.1213977767030398,bad,gold_bad,False,False,False,,,
/global/cfs/cdirs/m314/nova2/data/nstxuE204669M03t025/N9/egn09w.2214E+02,nstxuE204669M03t025,9,9,201,99,4.705574255149278,-0.00013101991882537753,scored,tae_like,0.9783769278404378,0.9970862953887216,0.2966666666666667,0.9414122104644775,0.6190394385655721,bad,flagged_borderline_or_disagreement,True,False,True,,,
/global/cfs/cdirs/m314/nova2/data/nstxuE204669M03t025/N9/egn09w.2446E+02,nstxuE204669M03t025,9,9,201,99,4.94543156660106,-0.001997869319371704,scored,tae_like,0.8376656794036188,0.9115297700283241,0.006666666666666667,0.6220277547836304,0.31434721072514854,bad,flagged_borderline_or_disagreement,True,False,True,,,
/global/cfs/cdirs/m314/nova2/data/nstxuE204669M03t025/N9/egn09w.3261E+02,nstxuE204669M03t025,9,9,201,99,5.710608599410215,-0.00013595732089772628,scored,tae_like,-0.3485836883008687,0.7311919506869847,0.0033333333333333335,2.928354503328734e-10,0.001666666813084392,bad,gold_bad,False,False,False,,,
/global/cfs/cdirs/m314/nova2/data/nstxuE204669M03t025/N9/egn09w.3359E+02,nstxuE204669M03t025,9,9,201,99,5.795553074908293,-0.0013640345470775687,scored,mixed,-0.6129913774171916,0.4474988045695868,0.0,2.4347266824181757e-13,1.2173633412090878e-13,bad,gold_bad,False,False,False,,,
/global/cfs/cdirs/m314/nova2/data/nstxuE204669M03t025/N10/egn10w.3354E+01,nstxuE204669M03t025,10,10,201,110,1.8313410055750565,-0.0025994886429735777,scored,tae_like,0.8813447319474446,1.0,0.0033333333333333335,4.875150807492901e-07,0.0016669104242070414,bad,gold_bad,False,False,False,,,
/global/cfs/cdirs/m314/nova2/data/nstxuE204669M03t025/N10/egn10w.3902E+01,nstxuE204669M03t025,10,10,201,110,1.9754380057485792,-0.0028433765871286073,scored,tae_like,0.9577107857675512,1.0,0.006666666666666667,4.4102155261072085e-10,0.00333333355384411,bad,gold_bad,False,False,False,,,
/global/cfs/cdirs/m314/nova2/data/nstxuE204669M03t025/N10/egn10w.6956E+01,nstxuE204669M03t025,10,10,201,110,2.6374562504166468,-1.2692703174402512e-08,scored,tae_like,0.9999777193634535,1.0,0.013333333333333334,0.004198713693767786,0.008766023513550561,bad,gold_bad,False,False,False,,,
/global/cfs/cdirs/m314/nova2/data/nstxuE204669M03t025/N10/egn10w.7060E+01,nstxuE204669M03t025,10,10,201,110,2.6571094778232514,-4.8441295423000956e-08,scored,tae_like,0.9997320103976766,1.0,0.03333333333333333,0.000889665330760181,0.017111499332046757,bad,gold_bad,False,False,False,,,
/global/cfs/cdirs/m314/nova2/data/nstxuE204669M03t025/N10/egn10w.7202E+01,nstxuE204669M03t025,10,10,201,110,2.683742687920566,-2.3829748658359737e-05,scored,tae_like,0.7378065158353803,1.0,0.10666666666666667,1.6434922827102127e-06,0.05333415507947469,bad,gold_bad,False,False,False,,,
/global/cfs/cdirs/m314/nova2/data/nstxuE204669M03t025/N10/egn10w.7308E+01,nstxuE204669M03t025,10,10,201,110,2.703339853037301,-0.0,scored,tae_like,0.8316330516046949,1.0,0.30666666666666664,0.07922559231519699,0.19294612949093182,bad,silver_bad,False,False,False,,,
/global/cfs/cdirs/m314/nova2/data/nstxuE204669M03t025/N10/egn10w.7320E+01,nstxuE204669M03t025,10,10,201,110,2.705601428755332,-0.0,scored,tae_like,0.9971087872586638,1.0,0.15,0.0,0.075,bad,gold_bad,False,False,False,,,
/global/cfs/cdirs/m314/nova2/data/nstxuE204669M03t025/N10/egn10w.7514E+01,nstxuE204669M03t025,10,10,201,110,2.7411298145767993,-0.0,scored,tae_like,0.9973971576916115,1.0,0.32,2.1321041653854707e-25,0.16,bad,silver_bad,False,False,False,,,
/global/cfs/cdirs/m314/nova2/data/nstxuE204669M03t025/N10/egn10w.7964E+01,nstxuE204669M03t025,10,10,201,110,2.822140367542309,-0.0,scored,tae_like,0.9999761528434563,1.0,0.21666666666666667,1.0759289105220961e-16,0.10833333333333339,bad,silver_bad,False,False,False,,,
/global/cfs/cdirs/m314/nova2/data/nstxuE204669M03t025/N10/egn10w.9552E+01,nstxuE204669M03t025,10,10,201,110,3.0905905750836764,-7.614369583584508e-10,scored,tae_like,0.9783072408239942,0.9999996340347997,0.11666666666666667,0.018283868208527565,0.06747526743759712,bad,gold_bad,False,False,False,,,
/global/cfs/cdirs/m314/nova2/data/nstxuE204669M03t025/N10/egn10w.2352E+02,nstxuE204669M03t025,10,10,201,110,4.850256135565639,-2.6262313759930462e-05,scored,tae_like,0.9493022154156202,0.9808818446468774,0.056666666666666664,0.7430338859558105,0.3998502763112386,bad,flagged_borderline_or_disagreement,True,False,True,,,
/global/cfs/cdirs/m314/nova2/data/nstxuE204669M03t025/N10/egn10w.3232E+02,nstxuE204669M03t025,10,10,201,110,5.684727671635458,-6.299565918520347e-05,scored,tae_like,-0.48002006152789245,0.6523627292047187,0.0,8.944856303132881e-14,4.4724281515664405e-14,bad,gold_bad,False,False,False,,,
