path,mode_key,shot,n,omega,gap_region,signed_delta,fraction_below_upper2,input_fingerprint,disagreement_type,rules_final_decision,rule_decision,rule_primary_reason,rule_triggered_rules,rule_survivor_policy,rule_survivor_accepted,rules_selected_final,rf_cnn_final_label,rf_cnn_tier,p_rf_good,p_cnn_good,p_avg,rf_cnn_model_disagreement,rf_cnn_near_threshold,rf_cnn_large_score_gap,rf_cnn_selected_final,training_validity,label_supported_method
/p/nstxdigtwin/energetic_particles/nova/DiTw/nstxuG121123B12/N8/egn08w.2892E+02,nstxuG121123B12/N8/egn08w.2892E+02,nstxuG121123B12,8,5.377431174472085,tae_like,0.8116235943113477,0.98002398908026,3308a4b00b7a07b080a0c05cb9d271998692d849de42779511bdbc49d7d8066b,RULES_GOOD_RF_CNN_BAD,GOOD,REVIEW,NO_GOOD_TEMPLATE,"[""NO_GOOD_TEMPLATE""]",accept-as-good-v1,True,True,bad,gold_bad,0.15333333333333332,1.7825858567022124e-09,0.07666666755795959,False,False,False,,bad,rf-cnn
/p/nstxdigtwin/energetic_particles/nova/DiTw/nstxuG121123B12/N9/egn09w.1505E+02,nstxuG121123B12/N9/egn09w.1505E+02,nstxuG121123B12,9,3.8796204149561757,tae_like,0.8964744528984409,0.9923178829850964,08d84d4b75bb5b5f84c352d3b429c85e99d1fc92a2dc026f9cf5e93ead5b9891,RULES_GOOD_RF_CNN_BAD,GOOD,REVIEW,NO_GOOD_TEMPLATE,"[""NO_GOOD_TEMPLATE""]",accept-as-good-v1,True,True,bad,gold_bad,0.09333333333333334,5.870742615244393e-23,0.04666666666666667,False,False,False,,bad,rf-cnn
/p/nstxdigtwin/energetic_particles/nova/DiTw/nstxuG121123B12/N10/egn10w.1447E+02,nstxuG121123B12/N10/egn10w.1447E+02,nstxuG121123B12,10,3.804430226765757,tae_like,0.9439474349248785,0.9999761986944876,9876da44e37cb287775669e600cc43bdfe8e7398a509c89caa0dcb62d620c016,RULES_GOOD_RF_CNN_BAD,GOOD,REVIEW,NO_GOOD_TEMPLATE,"[""NO_GOOD_TEMPLATE""]",accept-as-good-v1,True,True,bad,flagged_borderline_or_disagreement,0.4666666666666667,5.246536966296844e-05,0.23335956601816482,False,True,True,,bad,rf-cnn
/p/nstxdigtwin/energetic_particles/nova/DiTw/nstxuG121123J38/N8/egn08w.2222E+02,nstxuG121123J38/N8/egn08w.2222E+02,nstxuG121123J38,8,4.714271685496187,tae_like,0.9334207571253045,0.9967369344744937,86232338eee6d31cd067ff815ffc67a1a4541446f5841a1986a12154d6463d8e,RULES_GOOD_RF_CNN_BAD,GOOD,REVIEW,NO_GOOD_TEMPLATE,"[""NO_GOOD_TEMPLATE""]",accept-as-good-v1,True,True,bad,silver_bad,0.2733333333333333,4.286750652227056e-07,0.13666688100419927,False,False,False,,bad,rf-cnn
/p/nstxdigtwin/energetic_particles/nova/DiTw/nstxuG121123J38/N8/egn08w.2421E+02,nstxuG121123J38/N8/egn08w.2421E+02,nstxuG121123J38,8,4.9202161469356,tae_like,0.8881669395077446,0.9832921674367772,97f1df133f7deffd9bacfc37bc761a4ddea2d715b5e41f1d61b4798d7842f662,RULES_GOOD_RF_CNN_BAD,GOOD,REVIEW,NO_GOOD_TEMPLATE,"[""NO_GOOD_TEMPLATE""]",accept-as-good-v1,True,True,bad,gold_bad,0.12666666666666668,2.131655295294692e-19,0.06333333333333334,False,False,False,,bad,rf-cnn
/p/nstxdigtwin/energetic_particles/nova/DiTw/nstxuG121123J38/N8/egn08w.2974E+02,nstxuG121123J38/N8/egn08w.2974E+02,nstxuG121123J38,8,5.453416473510221,tae_like,0.97922385476489,0.9999902136712678,c8d9b985b53a3587ead6604058e24cf35415130c15f0fe165bb47c5802b45acf,RULES_GOOD_RF_CNN_BAD,GOOD,REVIEW,NO_GOOD_TEMPLATE,"[""NO_GOOD_TEMPLATE""]",accept-as-good-v1,True,True,bad,silver_bad,0.24666666666666667,0.0,0.12333333333333334,False,False,False,,bad,rf-cnn
/p/nstxdigtwin/energetic_particles/nova/DiTw/nstxuG121123J38/N9/egn09w.1333E+02,nstxuG121123J38/N9/egn09w.1333E+02,nstxuG121123J38,9,3.6505529445533096,tae_like,0.9802655416109972,1.0,1a93e8409476da95276b7cd334323275a8af78385c0f31c7e40c1365bbef8a26,RULES_GOOD_RF_CNN_BAD,GOOD,REVIEW,NO_GOOD_TEMPLATE,"[""NO_GOOD_TEMPLATE""]",accept-as-good-v1,True,True,bad,gold_bad,0.12666666666666668,1.1609783230268067e-12,0.06333333333391383,False,False,False,,bad,rf-cnn
/p/nstxdigtwin/energetic_particles/nova/DiTw/nstxuG121123J38/N9/egn09w.1497E+02,nstxuG121123J38/N9/egn09w.1497E+02,nstxuG121123J38,9,3.869392563124835,tae_like,0.9749365550914547,0.9999981544706557,ebc4f6595cb9600a6b0f8b260ca7c90483cac8f08ee0be81b27bcf005ea0a4ba,RULES_GOOD_RF_CNN_BAD,GOOD,REVIEW,NO_GOOD_TEMPLATE,"[""NO_GOOD_TEMPLATE""]",accept-as-good-v1,True,True,bad,flagged_borderline_or_disagreement,0.46,1.2299906752832879e-11,0.23000000000614995,False,True,True,,bad,rf-cnn
/p/nstxdigtwin/energetic_particles/nova/DiTw/nstxuG121123J38/N9/egn09w.1719E+02,nstxuG121123J38/N9/egn09w.1719E+02,nstxuG121123J38,9,4.145552244614577,tae_like,0.9726684871802878,0.9999927022035888,a5bcb4e5589a6bf3705218af93cf04e59841c64f4f924b28bebb1931566d9ccb,RULES_GOOD_RF_CNN_BAD,GOOD,REVIEW,NO_GOOD_TEMPLATE,"[""NO_GOOD_TEMPLATE""]",accept-as-good-v1,True,True,bad,flagged_borderline_or_disagreement,0.47333333333333333,8.041969325710274e-13,0.23666666666706876,False,True,True,,bad,rf-cnn
/p/nstxdigtwin/energetic_particles/nova/DiTw/nstxuG121123J38/N9/egn09w.1857E+02,nstxuG121123J38/N9/egn09w.1857E+02,nstxuG121123J38,9,4.309430519946924,tae_like,0.9728049653071883,0.9999865610739264,20471379aa855137652aa872e38c73fa2c11b15160b44eda656fac31b1b6ae88,RULES_GOOD_RF_CNN_BAD,GOOD,REVIEW,NO_GOOD_TEMPLATE,"[""NO_GOOD_TEMPLATE""]",accept-as-good-v1,True,True,bad,silver_bad,0.26666666666666666,5.520522261548422e-09,0.13333333609359446,False,False,False,,bad,rf-cnn
/p/nstxdigtwin/energetic_particles/nova/DiTw/nstxuG121123J38/N10/egn10w.1395E+02,nstxuG121123J38/N10/egn10w.1395E+02,nstxuG121123J38,10,3.735154964242834,tae_like,0.9817669901499787,1.0,69c49ebf63694e6d40987a8358eb4585904c2ba8e855e579284a11a8e252e8a3,RULES_GOOD_RF_CNN_BAD,GOOD,REVIEW,NO_GOOD_TEMPLATE,"[""NO_GOOD_TEMPLATE""]",accept-as-good-v1,True,True,bad,gold_bad,0.17,5.5505991106543154e-14,0.08500000000002776,False,False,False,,bad,rf-cnn
/p/nstxdigtwin/energetic_particles/nova/DiTw/nstxuG121123J38/N10/egn10w.1468E+02,nstxuG121123J38/N10/egn10w.1468E+02,nstxuG121123J38,10,3.831871488400729,tae_like,0.9786350698031264,1.0,9513522165079a6de07b77df9e10430e917ab06f1491a05cb025cced3e2af9df,RULES_GOOD_RF_CNN_BAD,GOOD,REVIEW,NO_GOOD_TEMPLATE,"[""NO_GOOD_TEMPLATE""]",accept-as-good-v1,True,True,bad,silver_bad,0.38666666666666666,2.2164209486849606e-13,0.19333333333344416,False,False,False,,bad,rf-cnn
/p/nstxdigtwin/energetic_particles/nova/DiTw/nstxuG121123J38/N10/egn10w.3698E+02,nstxuG121123J38/N10/egn10w.3698E+02,nstxuG121123J38,10,6.081041065810933,tae_like,0.8452939721510182,0.9932037898281827,7b60e80a13ff4ed89753dc47ad4edfb9a7202cd4b37a21c6f1783b70778f5cdc,RULES_GOOD_RF_CNN_BAD,GOOD,REVIEW,NO_GOOD_TEMPLATE,"[""NO_GOOD_TEMPLATE""]",accept-as-good-v1,True,True,bad,flagged_borderline_or_disagreement,0.4033333333333333,4.770501485160117e-13,0.2016666666669052,False,True,True,,bad,rf-cnn
/p/nstxdigtwin/energetic_particles/nova/DiTw/nstxuG121123K51/N9/egn09w.3938E+02,nstxuG121123K51/N9/egn09w.3938E+02,nstxuG121123K51,9,6.27507551983283,tae_like,0.9784030835945663,0.9999988194115127,0d19f1a904d50aec3d58a01d0f5ba7dfc8e15f28700f8d5012348f2f42d84cce,RULES_GOOD_RF_CNN_BAD,GOOD,REVIEW,NO_GOOD_TEMPLATE,"[""NO_GOOD_TEMPLATE""]",accept-as-good-v1,True,True,bad,gold_bad,0.18666666666666668,7.2394082915872016e-12,0.09333333333695304,False,False,False,,bad,rf-cnn
/p/nstxdigtwin/energetic_particles/nova/DiTw/nstxuG121123K51/N10/egn10w.4437E+02,nstxuG121123K51/N10/egn10w.4437E+02,nstxuG121123K51,10,6.660895339740273,tae_like,0.9756215429500421,0.9999984849308792,6146558babe07cf1fb5977134127531f556e5a93151534f55fcf28ae5e75b892,RULES_BAD_RF_CNN_GOOD,BAD,BAD,BAD_AXIS_SPIKE,"[""BAD_AXIS_SPIKE""]",accept-as-good-v1,False,,good,gold_good,0.9033333333333333,1.0,0.9516666666666667,False,False,False,True,good,rf-cnn
/p/nstxdigtwin/energetic_particles/nova/DiTw/nstxuG133964S31/N6/egn06w.9560E+01,nstxuG133964S31/N6/egn06w.9560E+01,nstxuG133964S31,6,3.091920727801179,tae_like,0.9989431138520138,1.0,20835ce97b07c45036444e93d2a4a2d1d3124cd7977d7b1443a2a175c0219729,RULES_GOOD_RF_CNN_BAD,GOOD,REVIEW,NO_GOOD_TEMPLATE,"[""NO_GOOD_TEMPLATE""]",accept-as-good-v1,True,True,bad,gold_bad,0.18,7.187977502098875e-08,0.09000003593988751,False,False,False,,bad,rf-cnn
/p/nstxdigtwin/energetic_particles/nova/DiTw/nstxuG142301H47/N8/egn08w.1433E+02,nstxuG142301H47/N8/egn08w.1433E+02,nstxuG142301H47,8,3.7850955054261664,tae_like,0.7323569945206446,0.9429821742132661,438cc91b8341965a315f4cbc65a6c1cedd8eb4409c489aa605b61a2405d94dca,RULES_BAD_RF_CNN_GOOD,BAD,BAD,BAD_CONT_CROSS_WINDOW,"[""BAD_CONT_CROSS_WINDOW""]",accept-as-good-v1,False,,good,gold_good,0.9033333333333333,1.0,0.9516666666666667,False,False,False,True,good,rf-cnn
/p/nstxdigtwin/energetic_particles/nova/DiTw/nstxuG142301H47/N9/egn09w.1415E+02,nstxuG142301H47/N9/egn09w.1415E+02,nstxuG142301H47,9,3.7611136029824297,tae_like,0.7435347070063268,0.9385785273544934,ea6bfec04e10ada76494313337bb46afb5fe1a97f0b90cd7d74da4bec30f7c49,RULES_BAD_RF_CNN_GOOD,BAD,BAD,BAD_CONT_CROSS_WINDOW,"[""BAD_CONT_CROSS_WINDOW""]",accept-as-good-v1,False,,good,gold_good,0.9166666666666666,1.0,0.9583333333333333,False,False,False,True,good,rf-cnn
/p/nstxdigtwin/energetic_particles/nova/DiTw/nstxuG142301H47/N10/egn10w.1342E+02,nstxuG142301H47/N10/egn10w.1342E+02,nstxuG142301H47,10,3.66385497322187,tae_like,0.9973968281240562,0.9999840635021269,dc47daa2564b50d5c799803948d2f5012c6b5f850508c7e79957e10c12fb9c26,RULES_GOOD_RF_CNN_BAD,GOOD,REVIEW,NO_GOOD_TEMPLATE,"[""NO_GOOD_TEMPLATE""]",accept-as-good-v1,True,True,bad,silver_bad,0.24666666666666667,1.242982605731413e-08,0.12333333954824637,False,False,False,,bad,rf-cnn
/p/nstxdigtwin/energetic_particles/nova/DiTw/nstxuG142301H47/N10/egn10w.1403E+02,nstxuG142301H47/N10/egn10w.1403E+02,nstxuG142301H47,10,3.745962052971523,tae_like,0.7701099157937911,0.9486868833218826,bab1c00b638e0c0967f54035d2d414f74417ea488fa72241e093269b583a8a0c,RULES_BAD_RF_CNN_GOOD,BAD,BAD,BAD_CONT_CROSS_WINDOW,"[""BAD_CONT_CROSS_WINDOW""]",accept-as-good-v1,False,,good,gold_good,0.9166666666666666,0.999996542930603,0.9583316047986348,False,False,False,True,good,rf-cnn
/p/nstxdigtwin/energetic_particles/nova/DiTw/nstxuG142301W29/N5/egn05w.2505E+02,nstxuG142301W29/N5/egn05w.2505E+02,nstxuG142301W29,5,5.0053687254090145,tae_like,0.9361963728863094,0.9987495315869767,63cf4d36604c0b7c961849e64237d27b9f4a95a0bb3a08140ba9426ca9bd443e,RULES_BAD_RF_CNN_GOOD,BAD,BAD,BAD_AXIS_SPIKE,"[""BAD_AXIS_SPIKE""]",accept-as-good-v1,False,,good,gold_good,0.91,0.9999974966049194,0.9549987483024598,False,False,False,True,good,rf-cnn
/p/nstxdigtwin/energetic_particles/nova/DiTw/nstxuG142301W29/N7/egn07w.2103E+02,nstxuG142301W29/N7/egn07w.2103E+02,nstxuG142301W29,7,4.585715651295826,tae_like,0.9932314688942124,0.9999940108838108,9944cb08e42ae2f58f73ce8f2a7d997aad1d176292551a6f5564a39870798fe3,RULES_BAD_RF_CNN_GOOD,BAD,BAD,BAD_GRID_SCALE_PACKET,"[""BAD_GRID_SCALE_PACKET""]",accept-as-good-v1,False,,good,gold_good,0.8766666666666667,1.0,0.9383333333333334,False,False,False,True,good,rf-cnn
/p/nstxdigtwin/energetic_particles/nova/DiTw/nstxuG142301W29/N8/egn08w.2304E+02,nstxuG142301W29/N8/egn08w.2304E+02,nstxuG142301W29,8,4.800390073754152,tae_like,0.9947839023249126,0.9999785951242862,9b2cf0fa4f585f519aa3992fb323d2c56caeec78578b1f3acf9f37c95c1a6c8b,RULES_GOOD_RF_CNN_BAD,GOOD,REVIEW,NO_GOOD_TEMPLATE,"[""NO_GOOD_TEMPLATE""]",accept-as-good-v1,True,True,bad,gold_bad,0.19333333333333333,1.140985833362938e-31,0.09666666666666666,False,False,False,,bad,rf-cnn
/p/nstxdigtwin/energetic_particles/nova/DiTw/nstxuG142301W29/N10/egn10w.1779E+02,nstxuG142301W29/N10/egn10w.1779E+02,nstxuG142301W29,10,4.217989088299444,tae_like,0.8559477048212517,0.9017932595198184,3814aa75da4b28601a250485e03fca28d2cf616646fff073d9b809c2e86097ac,RULES_GOOD_RF_CNN_BAD,GOOD,REVIEW,NO_GOOD_TEMPLATE,"[""NO_GOOD_TEMPLATE""]",accept-as-good-v1,True,True,bad,gold_bad,0.0033333333333333335,0.0,0.0016666666666666668,False,False,False,,bad,rf-cnn
/p/nstxdigtwin/energetic_particles/nova/DiTw/nstxuG142301Y93/N3/egn03w.8350E+01,nstxuG142301Y93/N3/egn03w.8350E+01,nstxuG142301Y93,3,2.8896522189609684,tae_like,0.9805984140155685,0.9943753960445385,ca23db9bc5c287025d3f4f3d7c09a1dc3440c0eac21ed5b1b5a6d34355581cd1,RULES_GOOD_RF_CNN_BAD,GOOD,REVIEW,NO_GOOD_TEMPLATE,"[""NO_GOOD_TEMPLATE""]",accept-as-good-v1,True,True,bad,gold_bad,0.03666666666666667,6.765048041807159e-31,0.018333333333333333,False,False,False,,bad,rf-cnn
/p/nstxdigtwin/energetic_particles/nova/DiTw/nstxuG142301Y93/N8/egn08w.9431E+01,nstxuG142301Y93/N8/egn08w.9431E+01,nstxuG142301Y93,8,3.0709833998152423,tae_like,0.997303892829737,0.9999951105255741,f0f8e7ee9f01c3ee1fffa7d972476adb4cf292c5802cb86d91fa89f9939f03cf,RULES_GOOD_RF_CNN_BAD,GOOD,REVIEW,NO_GOOD_TEMPLATE,"[""NO_GOOD_TEMPLATE""]",accept-as-good-v1,True,True,bad,gold_bad,0.17333333333333334,0.0,0.08666666666666667,False,False,False,,bad,rf-cnn
/p/nstxdigtwin/energetic_particles/nova/DiTw/nstxuG142301Y93/N9/egn09w.1539E+02,nstxuG142301Y93/N9/egn09w.1539E+02,nstxuG142301Y93,9,3.923128665741225,tae_like,0.8917958307119367,0.9885245082154261,505a98f1ae3caa9954a29eb47ec3a66ca39a9c3198b339728ab2701bc72b7f48,RULES_BAD_RF_CNN_GOOD,BAD,BAD,BAD_CONT_CROSS_WINDOW,"[""BAD_CONT_CROSS_WINDOW""]",accept-as-good-v1,False,,good,gold_good,0.8866666666666667,1.0,0.9433333333333334,False,False,False,True,good,rf-cnn
